0,0.01,0.04,0.07,0.1,0.12,0.13,0.16,0.18,0.2,0.23,0.23,0.25,0.27,0.29,0.3,0.31,0.31,0.32,0.34,0.36,0.37,0.37,0.38,0.4,0.41,0.42,0.43,0.44,0.45,0.45,0.47,0.47,0.47,0.48,0.49,0.51,0.51,0.52,0.52,0.52,0.54,0.54,0.55,0.55,0.56,0.57,0.57,0.58,0.59,0.58,0.59,0.6,0.6,0.61,0.61,0.61,0.62,0.63,0.64,0.64,0.63,0.64,0.65,0.65,0.66,0.65,0.65,0.67,0.67,0.68,0.68,0.68,0.68,0.69,0.7,0.7,0.7,0.7,0.71,0.71,0.71,0.72,0.72,0.72,0.73,0.73,0.74,0.73,0.73,0.74,0.75,0.75,0.74,0.75,0.75,0.75,0.76,0.77,0.77,0.76,0.77,0.78,0.79,0.78,0.78,0.78,0.78,0.79,0.8,0.79,0.79,0.8,0.81,0.81,0.8,0.8,0.81,0.81,0.82,0.83,0.82,0.82,0.82,0.83,0.84,0.83,0.82,0.84,0.85,0.85,0.85,0.84,0.84,0.84,0.85,0.86,0.86,0.85,0.85,0.86,0.87,0.87,0.86,0.87,0.87,0.88,0.89,0.88,0.87,0.88,0.88,0.88,0.89,0.88,0.89,0.89,0.89,0.9,0.9,0.89,0.89,0.9,0.9,0.9,0.9,0.91,0.9,0.92,0.92,0.91,0.91,0.91,0.91,0.92,0.93,0.92,0.91,0.92,0.92,0.92,0.92,0.92,0.92,0.92,0.93,0.93,0.93,0.93,0.93,0.94,0.95,0.94,0.93,0.94,0.94,0.94,0.95,0.94,0.95,0.95,0.95,0.96,0.95,0.95,0.95,0.96,0.96,0.96,0.96,0.96,0.96,0.97,0.96,0.97,0.96,0.96,0.97,0.97,0.97,0.97,0.96,0.96,0.97,0.97,0.97,0.97,0.97,0.98,0.98,0.99,0.98,0.98,0.98,0.99,1,0.99,0.98,0.99,0.99,1,1,1,0.99,0.99,1,1,0.99,0.99,0.99,1,1.01,1.01,1,1,1,1,1,1,0.99,1,1.01,1.01,1.01,1,1,1.01,1,1.01,1,0.99,1,1,1.01,1.02,1,1,1.01,1.01,1.01,1.01,1.01,1.01,1.01,1.02,1.02,1.01,1,1.01,1.02,1.02,1.02,1.01,1.01,1.01,1.02,1.02,1.01,1.01,1.01,1.01,1.02
0,0.04,0.09,0.13,0.19,0.22,0.25,0.3,0.34,0.39,0.42,0.44,0.47,0.5,0.53,0.56,0.58,0.58,0.61,0.64,0.67,0.7,0.7,0.72,0.75,0.77,0.79,0.8,0.8,0.81,0.84,0.86,0.87,0.87,0.88,0.89,0.91,0.93,0.94,0.93,0.95,0.97,0.98,0.99,0.99,0.99,1.01,1.03,1.04,1.05,1.04,1.05,1.07,1.08,1.09,1.09,1.1,1.11,1.12,1.13,1.13,1.13,1.15,1.16,1.17,1.18,1.17,1.17,1.19,1.2,1.21,1.21,1.2,1.22,1.23,1.24,1.25,1.24,1.24,1.25,1.26,1.27,1.27,1.27,1.28,1.29,1.3,1.31,1.3,1.29,1.31,1.32,1.33,1.33,1.32,1.33,1.34,1.35,1.36,1.34,1.35,1.36,1.37,1.38,1.38,1.36,1.37,1.39,1.4,1.4,1.39,1.39,1.41,1.41,1.43,1.43,1.42,1.42,1.43,1.44,1.44,1.43,1.43,1.44,1.45,1.46,1.46,1.45,1.46,1.46,1.48,1.48,1.47,1.47,1.48,1.49,1.5,1.5,1.49,1.5,1.51,1.51,1.51,1.5,1.5,1.51,1.52,1.53,1.53,1.51,1.52,1.53,1.53,1.55,1.53,1.53,1.54,1.55,1.56,1.55,1.54,1.55,1.56,1.57,1.57,1.56,1.56,1.58,1.58,1.59,1.58,1.57,1.58,1.58,1.6,1.61,1.59,1.59,1.6,1.61,1.61,1.61,1.6,1.61,1.61,1.62,1.63,1.61,1.61,1.62,1.62,1.64,1.63,1.61,1.63,1.63,1.64,1.65,1.64,1.64,1.65,1.66,1.66,1.66,1.65,1.66,1.66,1.67,1.68,1.67,1.66,1.68,1.68,1.68,1.68,1.67,1.67,1.69,1.7,1.7,1.68,1.68,1.69,1.69,1.71,1.7,1.69,1.7,1.71,1.71,1.72,1.7,1.7,1.71,1.71,1.72,1.71,1.7,1.71,1.72,1.73,1.73,1.72,1.72,1.73,1.73,1.74,1.74,1.72,1.73,1.74,1.74,1.75,1.73,1.72,1.74,1.74,1.75,1.74,1.73,1.73,1.74,1.74,1.75,1.74,1.73,1.73,1.74,1.75,1.74,1.73,1.74,1.74,1.75,1.76,1.74,1.74,1.75,1.75,1.76,1.75,1.74,1.74,1.75,1.76,1.76,1.75,1.74,1.75,1.75,1.76,1.76,1.75,1.75,1.75,1.76,1.77,1.75,1.75,1.76,1.77,1.77
0,0.02,0.08,0.15,0.23,0.3,0.34,0.4,0.47,0.52,0.58,0.63,0.65,0.69,0.74,0.78,0.82,0.84,0.86,0.9,0.94,0.97,1,1.01,1.03,1.07,1.1,1.13,1.14,1.14,1.18,1.21,1.24,1.26,1.25,1.27,1.29,1.32,1.34,1.34,1.35,1.37,1.4,1.42,1.43,1.42,1.45,1.48,1.49,1.52,1.51,1.5,1.53,1.56,1.57,1.59,1.58,1.59,1.61,1.63,1.64,1.64,1.64,1.66,1.67,1.69,1.7,1.69,1.71,1.73,1.74,1.76,1.75,1.74,1.77,1.78,1.8,1.81,1.79,1.8,1.82,1.83,1.85,1.84,1.84,1.85,1.87,1.89,1.89,1.88,1.89,1.9,1.92,1.93,1.93,1.92,1.94,1.95,1.96,1.97,1.96,1.96,1.98,2,2.01,2,1.99,2.01,2.02,2.03,2.04,2.02,2.02,2.05,2.06,2.07,2.06,2.05,2.07,2.08,2.09,2.1,2.09,2.09,2.11,2.12,2.13,2.12,2.11,2.13,2.14,2.15,2.16,2.13,2.14,2.16,2.17,2.18,2.17,2.16,2.18,2.19,2.2,2.21,2.19,2.2,2.21,2.22,2.23,2.22,2.21,2.22,2.24,2.25,2.26,2.23,2.24,2.25,2.26,2.28,2.26,2.25,2.27,2.28,2.29,2.3,2.28,2.28,2.29,2.3,2.32,2.3,2.3,2.32,2.32,2.33,2.34,2.32,2.32,2.34,2.34,2.35,2.34,2.33,2.35,2.36,2.37,2.37,2.35,2.36,2.38,2.38,2.4,2.38,2.37,2.39,2.4,2.4,2.41,2.39,2.39,2.41,2.42,2.43,2.42,2.41,2.42,2.43,2.44,2.44,2.41,2.42,2.44,2.45,2.46,2.44,2.44,2.45,2.46,2.47,2.48,2.45,2.45,2.47,2.48,2.49,2.47,2.46,2.47,2.48,2.49,2.5,2.48,2.48,2.49,2.5,2.51,2.5,2.49,2.5,2.5,2.52,2.52,2.5,2.5,2.52,2.52,2.54,2.52,2.51,2.53,2.54,2.54,2.55,2.53,2.53,2.54,2.55,2.55,2.53,2.52,2.53,2.53,2.55,2.55,2.53,2.53,2.55,2.55,2.55,2.53,2.52,2.54,2.54,2.55,2.55,2.53,2.53,2.54,2.55,2.56,2.54,2.54,2.54,2.55,2.56,2.56,2.54,2.55,2.56,2.56,2.57,2.56,2.55,2.56,2.57,2.57,2.58,2.55,2.56,2.57,2.58
0,0.02,0.09,0.18,0.27,0.36,0.41,0.47,0.54,0.6,0.66,0.7,0.72,0.78,0.82,0.87,0.92,0.93,0.95,1,1.04,1.08,1.11,1.1,1.14,1.18,1.21,1.24,1.24,1.25,1.29,1.32,1.36,1.37,1.37,1.4,1.43,1.45,1.48,1.47,1.47,1.51,1.53,1.55,1.57,1.55,1.57,1.61,1.63,1.65,1.64,1.64,1.67,1.69,1.71,1.72,1.7,1.72,1.75,1.77,1.79,1.78,1.78,1.81,1.82,1.85,1.85,1.84,1.85,1.87,1.89,1.91,1.9,1.9,1.93,1.94,1.96,1.96,1.95,1.96,1.98,1.99,2.01,1.99,1.99,2.01,2.03,2.05,2.05,2.03,2.05,2.06,2.08,2.1,2.08,2.08,2.1,2.11,2.13,2.13,2.12,2.13,2.15,2.16,2.18,2.16,2.16,2.18,2.19,2.21,2.21,2.19,2.19,2.22,2.24,2.25,2.23,2.22,2.25,2.26,2.28,2.28,2.26,2.27,2.29,2.3,2.31,2.29,2.28,2.31,2.32,2.33,2.33,2.31,2.32,2.34,2.35,2.37,2.35,2.34,2.36,2.37,2.39,2.39,2.37,2.37,2.39,2.4,2.42,2.39,2.39,2.4,2.41,2.43,2.43,2.41,2.42,2.44,2.45,2.46,2.44,2.43,2.45,2.45,2.48,2.47,2.45,2.46,2.48,2.49,2.5,2.48,2.47,2.49,2.49,2.51,2.5,2.48,2.49,2.51,2.53,2.54,2.52,2.51,2.53,2.54,2.55,2.55,2.53,2.54,2.55,2.56,2.57,2.55,2.54,2.56,2.57,2.59,2.58,2.56,2.57,2.58,2.59,2.6,2.58,2.57,2.59,2.6,2.61,2.61,2.59,2.6,2.61,2.63,2.64,2.62,2.6,2.62,2.63,2.65,2.65,2.62,2.63,2.64,2.66,2.67,2.64,2.63,2.65,2.66,2.68,2.68,2.65,2.66,2.68,2.69,2.7,2.68,2.67,2.69,2.69,2.71,2.71,2.68,2.68,2.71,2.72,2.73,2.71,2.7,2.72,2.72,2.74,2.74,2.71,2.72,2.73,2.73,2.74,2.72,2.7,2.72,2.73,2.74,2.73,2.7,2.71,2.72,2.73,2.75,2.71,2.7,2.73,2.73,2.74,2.73,2.71,2.71,2.73,2.74,2.75,2.73,2.72,2.74,2.74,2.75,2.75,2.72,2.73,2.74,2.75,2.76,2.74,2.73,2.75,2.75,2.77,2.76,2.74,2.75,2.76,2.77
0,0.07,0.16,0.25,0.34,0.39,0.44,0.52,0.59,0.65,0.72,0.74,0.8,0.86,0.91,0.97,0.98,1.01,1.06,1.1,1.15,1.18,1.18,1.22,1.26,1.3,1.34,1.35,1.36,1.41,1.44,1.47,1.49,1.48,1.51,1.54,1.57,1.6,1.6,1.61,1.64,1.67,1.7,1.72,1.71,1.73,1.76,1.79,1.82,1.81,1.81,1.84,1.86,1.89,1.9,1.89,1.9,1.93,1.95,1.98,1.98,1.98,2,2.02,2.04,2.05,2.04,2.05,2.07,2.09,2.11,2.1,2.1,2.13,2.15,2.17,2.18,2.16,2.17,2.19,2.22,2.24,2.23,2.23,2.25,2.26,2.28,2.28,2.27,2.28,2.3,2.31,2.34,2.32,2.32,2.34,2.36,2.37,2.38,2.37,2.38,2.39,2.41,2.42,2.41,2.41,2.43,2.44,2.46,2.46,2.44,2.45,2.47,2.48,2.5,2.49,2.48,2.5,2.51,2.53,2.54,2.52,2.53,2.55,2.56,2.57,2.56,2.55,2.57,2.59,2.6,2.61,2.59,2.59,2.62,2.63,2.65,2.63,2.61,2.64,2.65,2.67,2.67,2.64,2.65,2.67,2.68,2.7,2.69,2.68,2.69,2.71,2.72,2.73,2.7,2.71,2.73,2.74,2.76,2.74,2.73,2.74,2.76,2.77,2.78,2.76,2.77,2.78,2.79,2.81,2.8,2.78,2.8,2.81,2.82,2.83,2.8,2.81,2.83,2.84,2.85,2.84,2.83,2.84,2.86,2.87,2.87,2.85,2.86,2.87,2.88,2.9,2.88,2.88,2.89,2.9,2.92,2.92,2.89,2.9,2.91,2.93,2.94,2.92,2.92,2.94,2.94,2.96,2.96,2.93,2.94,2.96,2.97,2.98,2.96,2.95,2.97,2.97,2.99,2.99,2.97,2.98,2.98,3,3.02,3,2.98,3,3.01,3.02,3.03,3,3.01,3.03,3.04,3.06,3.03,3.03,3.05,3.06,3.07,3.07,3.04,3.04,3.06,3.08,3.09,3.07,3.05,3.07,3.08,3.1,3.1,3.07,3.08,3.09,3.1,3.11,3.08,3.07,3.09,3.09,3.11,3.1,3.08,3.08,3.09,3.1,3.11,3.09,3.07,3.09,3.09,3.11,3.11,3.08,3.09,3.1,3.12,3.13,3.1,3.09,3.11,3.12,3.13,3.12,3.11,3.11,3.12,3.13,3.14,3.12,3.11,3.12,3.13,3.14,3.14,3.11,3.12,3.14,3.14,3.14
0,0.01,0.06,0.15,0.24,0.34,0.41,0.45,0.54,0.62,0.69,0.76,0.78,0.83,0.89,0.94,1.01,1.04,1.05,1.11,1.16,1.2,1.24,1.25,1.28,1.33,1.36,1.4,1.42,1.42,1.46,1.5,1.53,1.57,1.57,1.59,1.63,1.65,1.68,1.71,1.7,1.73,1.76,1.78,1.82,1.81,1.82,1.85,1.87,1.9,1.91,1.9,1.93,1.96,1.99,2.01,2,2.01,2.03,2.06,2.08,2.09,2.08,2.1,2.13,2.14,2.17,2.15,2.16,2.19,2.2,2.22,2.23,2.21,2.24,2.26,2.28,2.3,2.29,2.28,2.3,2.33,2.35,2.35,2.33,2.35,2.37,2.38,2.4,2.39,2.39,2.41,2.43,2.45,2.45,2.44,2.45,2.48,2.49,2.51,2.49,2.49,2.52,2.54,2.56,2.55,2.53,2.55,2.57,2.58,2.6,2.58,2.58,2.6,2.62,2.63,2.63,2.61,2.63,2.64,2.66,2.68,2.65,2.65,2.67,2.69,2.71,2.71,2.69,2.71,2.73,2.74,2.75,2.73,2.72,2.75,2.76,2.78,2.78,2.76,2.77,2.79,2.81,2.82,2.79,2.8,2.82,2.82,2.84,2.83,2.82,2.83,2.85,2.86,2.87,2.86,2.85,2.87,2.89,2.9,2.9,2.88,2.89,2.91,2.93,2.94,2.91,2.91,2.93,2.94,2.96,2.96,2.94,2.95,2.97,2.99,3,2.98,2.96,2.99,3,3.01,3,2.98,3,3.01,3.03,3.04,3.02,3.02,3.04,3.05,3.06,3.05,3.04,3.04,3.06,3.07,3.09,3.06,3.06,3.07,3.09,3.1,3.09,3.08,3.08,3.1,3.11,3.12,3.11,3.1,3.12,3.13,3.14,3.14,3.12,3.13,3.14,3.15,3.16,3.14,3.13,3.15,3.17,3.18,3.17,3.15,3.16,3.17,3.18,3.2,3.17,3.17,3.19,3.19,3.21,3.21,3.18,3.2,3.21,3.22,3.24,3.21,3.2,3.22,3.23,3.24,3.23,3.22,3.23,3.24,3.25,3.26,3.24,3.23,3.25,3.26,3.27,3.25,3.23,3.24,3.25,3.26,3.27,3.24,3.24,3.25,3.25,3.27,3.25,3.23,3.25,3.26,3.27,3.27,3.25,3.24,3.26,3.26,3.28,3.27,3.25,3.26,3.27,3.28,3.28,3.26,3.26,3.27,3.28,3.3,3.29,3.26,3.27,3.28,3.29,3.31,3.28,3.27,3.29,3.31
0,0.06,0.15,0.23,0.31,0.37,0.42,0.49,0.56,0.62,0.68,0.71,0.75,0.8,0.85,0.89,0.93,0.94,0.99,1.03,1.07,1.12,1.12,1.14,1.18,1.21,1.25,1.26,1.27,1.3,1.33,1.36,1.39,1.38,1.4,1.43,1.46,1.49,1.5,1.5,1.53,1.56,1.58,1.6,1.59,1.6,1.64,1.65,1.68,1.68,1.68,1.7,1.72,1.75,1.76,1.75,1.76,1.79,1.81,1.83,1.83,1.82,1.84,1.86,1.88,1.91,1.89,1.89,1.92,1.93,1.96,1.96,1.95,1.96,1.99,2,2.02,2.01,2.01,2.03,2.05,2.07,2.07,2.06,2.07,2.09,2.1,2.12,2.1,2.1,2.13,2.14,2.16,2.15,2.14,2.15,2.17,2.18,2.2,2.18,2.18,2.21,2.22,2.24,2.24,2.22,2.23,2.24,2.26,2.27,2.25,2.25,2.28,2.29,2.3,2.3,2.28,2.3,2.32,2.33,2.34,2.32,2.32,2.34,2.35,2.36,2.36,2.34,2.36,2.37,2.39,2.4,2.38,2.38,2.4,2.4,2.42,2.42,2.4,2.42,2.43,2.45,2.46,2.44,2.44,2.46,2.47,2.48,2.47,2.46,2.47,2.48,2.49,2.51,2.49,2.49,2.51,2.51,2.52,2.52,2.5,2.52,2.53,2.55,2.55,2.53,2.53,2.55,2.56,2.57,2.57,2.55,2.56,2.58,2.59,2.6,2.57,2.57,2.59,2.61,2.62,2.61,2.6,2.6,2.61,2.63,2.64,2.62,2.61,2.63,2.64,2.65,2.65,2.63,2.64,2.65,2.67,2.68,2.65,2.65,2.67,2.68,2.7,2.68,2.67,2.68,2.69,2.7,2.71,2.69,2.68,2.7,2.71,2.72,2.72,2.7,2.71,2.73,2.73,2.75,2.72,2.72,2.74,2.74,2.76,2.75,2.73,2.75,2.76,2.77,2.78,2.76,2.75,2.77,2.78,2.79,2.79,2.76,2.77,2.79,2.79,2.8,2.78,2.77,2.79,2.8,2.82,2.8,2.78,2.8,2.81,2.82,2.83,2.81,2.81,2.82,2.82,2.84,2.83,2.8,2.81,2.82,2.82,2.83,2.8,2.8,2.82,2.82,2.84,2.82,2.8,2.82,2.82,2.84,2.84,2.82,2.81,2.83,2.84,2.85,2.84,2.82,2.82,2.83,2.84,2.85,2.82,2.82,2.85,2.85,2.87,2.85,2.83,2.84,2.85,2.86,2.87,2.84,2.84,2.86,2.87,2.87
0,0.06,0.11,0.17,0.2,0.24,0.28,0.32,0.36,0.39,0.41,0.43,0.47,0.5,0.52,0.53,0.54,0.57,0.6,0.63,0.64,0.64,0.66,0.69,0.71,0.72,0.72,0.73,0.75,0.78,0.79,0.8,0.8,0.82,0.83,0.84,0.86,0.85,0.86,0.88,0.9,0.91,0.92,0.92,0.93,0.95,0.96,0.97,0.97,0.97,0.98,0.99,1.01,1.01,1,1.02,1.03,1.05,1.06,1.05,1.06,1.07,1.08,1.1,1.1,1.09,1.09,1.11,1.12,1.13,1.12,1.12,1.14,1.15,1.16,1.16,1.15,1.16,1.17,1.17,1.19,1.17,1.17,1.18,1.2,1.21,1.21,1.2,1.21,1.22,1.23,1.24,1.23,1.22,1.24,1.25,1.25,1.26,1.24,1.25,1.26,1.27,1.28,1.27,1.26,1.28,1.28,1.3,1.3,1.29,1.29,1.3,1.31,1.32,1.31,1.3,1.32,1.32,1.33,1.34,1.32,1.33,1.34,1.35,1.36,1.34,1.34,1.35,1.36,1.37,1.37,1.35,1.35,1.37,1.38,1.38,1.38,1.37,1.38,1.39,1.4,1.4,1.38,1.39,1.4,1.41,1.42,1.4,1.4,1.41,1.41,1.42,1.42,1.41,1.42,1.42,1.43,1.44,1.42,1.42,1.43,1.44,1.44,1.45,1.43,1.44,1.46,1.46,1.47,1.45,1.45,1.46,1.47,1.47,1.47,1.46,1.46,1.48,1.48,1.49,1.48,1.47,1.49,1.49,1.5,1.51,1.48,1.49,1.5,1.51,1.52,1.51,1.49,1.51,1.51,1.52,1.52,1.51,1.51,1.52,1.53,1.54,1.52,1.52,1.53,1.54,1.54,1.54,1.52,1.53,1.54,1.55,1.55,1.54,1.53,1.55,1.55,1.56,1.56,1.54,1.55,1.56,1.57,1.57,1.56,1.55,1.57,1.57,1.58,1.58,1.56,1.56,1.58,1.58,1.59,1.57,1.57,1.58,1.58,1.59,1.59,1.57,1.58,1.58,1.59,1.6,1.59,1.58,1.59,1.59,1.61,1.6,1.59,1.59,1.6,1.6,1.61,1.59,1.59,1.6,1.6,1.61,1.6,1.59,1.59,1.6,1.6,1.61,1.6,1.59,1.6,1.6,1.61,1.6,1.59,1.59,1.59,1.6,1.61,1.59,1.58,1.6,1.61,1.61,1.61,1.6,1.6,1.6,1.62,1.62,1.61,1.6,1.61,1.61,1.62,1.61,1.61,1.61,1.61,1.62,1.62,1.62
0,0.05,0.12,0.17,0.23,0.26,0.3,0.35,0.4,0.44,0.46,0.48,0.52,0.55,0.59,0.62,0.62,0.64,0.68,0.7,0.73,0.74,0.74,0.78,0.8,0.82,0.84,0.83,0.86,0.88,0.9,0.92,0.92,0.93,0.94,0.96,0.98,0.99,0.99,1,1.02,1.04,1.06,1.06,1.05,1.08,1.09,1.11,1.12,1.11,1.12,1.14,1.15,1.17,1.17,1.16,1.18,1.19,1.21,1.21,1.2,1.21,1.22,1.24,1.25,1.24,1.24,1.25,1.27,1.28,1.29,1.27,1.28,1.3,1.31,1.33,1.32,1.31,1.33,1.34,1.36,1.36,1.34,1.35,1.36,1.38,1.39,1.38,1.37,1.39,1.4,1.41,1.42,1.4,1.4,1.42,1.42,1.44,1.43,1.43,1.44,1.45,1.46,1.47,1.45,1.46,1.47,1.48,1.49,1.48,1.47,1.48,1.5,1.51,1.52,1.5,1.5,1.52,1.53,1.54,1.53,1.52,1.53,1.55,1.56,1.56,1.54,1.55,1.56,1.56,1.58,1.57,1.56,1.58,1.58,1.59,1.59,1.58,1.58,1.59,1.6,1.61,1.6,1.59,1.6,1.61,1.62,1.63,1.61,1.61,1.63,1.64,1.65,1.63,1.63,1.64,1.65,1.66,1.66,1.64,1.64,1.66,1.66,1.68,1.66,1.65,1.67,1.68,1.68,1.69,1.67,1.67,1.69,1.69,1.7,1.69,1.68,1.69,1.7,1.71,1.71,1.69,1.7,1.71,1.72,1.73,1.72,1.71,1.72,1.72,1.73,1.73,1.71,1.72,1.73,1.74,1.74,1.73,1.73,1.74,1.75,1.75,1.76,1.74,1.75,1.75,1.76,1.77,1.76,1.75,1.76,1.77,1.78,1.78,1.76,1.77,1.78,1.79,1.79,1.78,1.77,1.78,1.79,1.79,1.8,1.78,1.78,1.79,1.8,1.81,1.8,1.79,1.8,1.81,1.81,1.82,1.8,1.8,1.81,1.82,1.83,1.81,1.8,1.81,1.82,1.83,1.83,1.81,1.82,1.82,1.83,1.84,1.83,1.82,1.83,1.83,1.84,1.84,1.82,1.82,1.82,1.83,1.84,1.82,1.82,1.83,1.83,1.83,1.84,1.82,1.82,1.83,1.84,1.84,1.83,1.82,1.83,1.84,1.84,1.84,1.82,1.83,1.83,1.85,1.86,1.83,1.83,1.84,1.84,1.85,1.85,1.83,1.84,1.84,1.85,1.85,1.84,1.83,1.85,1.85,1.86,1.86
0,0.02,0.09,0.18,0.26,0.33,0.37,0.42,0.48,0.54,0.59,0.64,0.66,0.7,0.74,0.79,0.83,0.83,0.85,0.9,0.93,0.96,0.98,0.97,1.01,1.05,1.08,1.11,1.11,1.12,1.15,1.18,1.2,1.21,1.21,1.23,1.25,1.28,1.3,1.29,1.3,1.32,1.35,1.37,1.37,1.36,1.38,1.41,1.43,1.45,1.44,1.44,1.47,1.48,1.51,1.52,1.5,1.52,1.54,1.56,1.58,1.57,1.57,1.59,1.6,1.62,1.62,1.61,1.63,1.64,1.66,1.68,1.66,1.66,1.69,1.7,1.72,1.72,1.7,1.71,1.73,1.75,1.76,1.74,1.74,1.76,1.78,1.79,1.8,1.77,1.79,1.81,1.82,1.83,1.82,1.81,1.83,1.85,1.87,1.86,1.85,1.85,1.87,1.88,1.9,1.88,1.88,1.9,1.91,1.93,1.93,1.9,1.91,1.93,1.95,1.96,1.94,1.93,1.95,1.97,1.98,1.98,1.96,1.98,1.99,2.01,2.02,2,1.99,2.01,2.03,2.04,2.03,2.01,2.03,2.04,2.05,2.06,2.04,2.04,2.06,2.07,2.08,2.08,2.05,2.07,2.08,2.1,2.11,2.08,2.08,2.1,2.11,2.12,2.12,2.09,2.11,2.12,2.13,2.14,2.12,2.12,2.14,2.14,2.15,2.15,2.13,2.14,2.15,2.17,2.18,2.15,2.15,2.16,2.17,2.19,2.18,2.16,2.17,2.18,2.19,2.2,2.18,2.18,2.2,2.21,2.22,2.21,2.19,2.21,2.22,2.23,2.24,2.21,2.21,2.23,2.24,2.24,2.24,2.22,2.23,2.24,2.25,2.26,2.24,2.24,2.25,2.26,2.27,2.27,2.25,2.26,2.27,2.28,2.29,2.26,2.26,2.28,2.28,2.3,2.29,2.27,2.28,2.29,2.3,2.31,2.29,2.28,2.3,2.3,2.32,2.31,2.29,2.3,2.32,2.33,2.33,2.31,2.3,2.32,2.33,2.35,2.34,2.32,2.32,2.34,2.34,2.36,2.33,2.33,2.34,2.35,2.37,2.36,2.34,2.35,2.35,2.36,2.37,2.34,2.33,2.34,2.35,2.36,2.36,2.33,2.34,2.35,2.36,2.37,2.34,2.34,2.35,2.36,2.37,2.36,2.34,2.35,2.35,2.36,2.37,2.35,2.34,2.36,2.37,2.37,2.37,2.35,2.36,2.37,2.38,2.39,2.36,2.35,2.37,2.37,2.39,2.38,2.36,2.37,2.38,2.39
0,0.02,0.07,0.16,0.23,0.3,0.34,0.39,0.45,0.51,0.56,0.6,0.61,0.67,0.7,0.75,0.79,0.79,0.82,0.86,0.9,0.93,0.94,0.95,0.98,1.02,1.05,1.07,1.08,1.09,1.13,1.15,1.19,1.19,1.18,1.21,1.24,1.26,1.29,1.28,1.28,1.31,1.33,1.35,1.36,1.35,1.38,1.4,1.41,1.44,1.43,1.43,1.46,1.47,1.49,1.49,1.49,1.51,1.53,1.55,1.56,1.55,1.55,1.57,1.6,1.61,1.61,1.61,1.62,1.64,1.66,1.67,1.66,1.66,1.68,1.7,1.71,1.71,1.7,1.72,1.73,1.75,1.77,1.75,1.75,1.77,1.78,1.79,1.8,1.78,1.79,1.81,1.82,1.84,1.82,1.83,1.85,1.86,1.87,1.86,1.85,1.86,1.88,1.89,1.91,1.89,1.88,1.9,1.91,1.93,1.93,1.92,1.93,1.95,1.95,1.97,1.95,1.94,1.97,1.98,1.99,1.99,1.98,1.99,2.01,2.02,2.03,2.01,2.01,2.03,2.03,2.05,2.04,2.03,2.04,2.05,2.06,2.07,2.06,2.05,2.07,2.08,2.1,2.09,2.07,2.09,2.1,2.11,2.12,2.1,2.1,2.12,2.13,2.14,2.14,2.12,2.13,2.13,2.15,2.16,2.14,2.14,2.15,2.16,2.17,2.17,2.15,2.16,2.18,2.18,2.18,2.17,2.17,2.19,2.2,2.21,2.21,2.19,2.2,2.21,2.22,2.23,2.21,2.21,2.22,2.23,2.24,2.23,2.23,2.24,2.24,2.25,2.26,2.24,2.24,2.26,2.27,2.27,2.27,2.25,2.26,2.27,2.28,2.3,2.28,2.27,2.29,2.29,2.31,2.3,2.28,2.29,2.3,2.31,2.32,2.3,2.3,2.31,2.32,2.33,2.33,2.31,2.31,2.33,2.33,2.35,2.32,2.32,2.34,2.35,2.36,2.35,2.33,2.34,2.35,2.37,2.37,2.35,2.35,2.36,2.37,2.38,2.38,2.36,2.36,2.37,2.38,2.39,2.37,2.37,2.38,2.39,2.4,2.39,2.38,2.38,2.39,2.4,2.41,2.38,2.38,2.39,2.39,2.4,2.39,2.37,2.38,2.39,2.4,2.4,2.38,2.37,2.39,2.39,2.41,2.39,2.38,2.39,2.4,2.41,2.42,2.39,2.39,2.4,2.41,2.42,2.42,2.39,2.41,2.42,2.43,2.43,2.41,2.4,2.42,2.42,2.44,2.43,2.41,2.42,2.43,2.44
0,0.04,0.1,0.16,0.21,0.24,0.27,0.32,0.35,0.38,0.42,0.43,0.46,0.5,0.52,0.55,0.57,0.57,0.6,0.63,0.65,0.67,0.67,0.69,0.72,0.74,0.76,0.76,0.77,0.78,0.8,0.82,0.84,0.83,0.84,0.86,0.87,0.89,0.89,0.9,0.91,0.92,0.95,0.96,0.94,0.96,0.98,0.99,1,1,1,1.01,1.02,1.05,1.05,1.04,1.05,1.07,1.07,1.09,1.09,1.08,1.1,1.11,1.12,1.13,1.12,1.12,1.14,1.15,1.17,1.16,1.16,1.17,1.18,1.19,1.19,1.18,1.18,1.21,1.21,1.22,1.21,1.21,1.22,1.24,1.25,1.25,1.24,1.24,1.25,1.27,1.28,1.27,1.27,1.28,1.28,1.29,1.3,1.28,1.29,1.3,1.31,1.32,1.31,1.3,1.32,1.32,1.34,1.34,1.32,1.33,1.34,1.35,1.36,1.35,1.35,1.36,1.37,1.37,1.38,1.36,1.36,1.38,1.38,1.4,1.39,1.38,1.39,1.39,1.41,1.41,1.4,1.4,1.41,1.42,1.43,1.42,1.41,1.42,1.43,1.44,1.44,1.42,1.43,1.44,1.45,1.46,1.44,1.44,1.45,1.46,1.48,1.48,1.46,1.46,1.47,1.47,1.49,1.48,1.47,1.49,1.49,1.5,1.5,1.48,1.49,1.5,1.5,1.52,1.51,1.49,1.51,1.51,1.52,1.52,1.5,1.51,1.52,1.52,1.54,1.52,1.52,1.53,1.53,1.54,1.54,1.53,1.53,1.55,1.55,1.57,1.55,1.55,1.56,1.56,1.58,1.58,1.55,1.56,1.57,1.57,1.58,1.57,1.56,1.57,1.58,1.59,1.58,1.57,1.58,1.59,1.59,1.59,1.59,1.58,1.59,1.6,1.6,1.61,1.59,1.59,1.61,1.61,1.62,1.61,1.6,1.61,1.61,1.62,1.62,1.6,1.61,1.62,1.63,1.64,1.62,1.62,1.62,1.63,1.64,1.64,1.62,1.63,1.64,1.64,1.65,1.64,1.63,1.64,1.64,1.65,1.66,1.64,1.64,1.65,1.65,1.65,1.64,1.63,1.64,1.65,1.65,1.65,1.63,1.64,1.65,1.65,1.65,1.64,1.63,1.65,1.65,1.65,1.66,1.64,1.64,1.65,1.65,1.66,1.65,1.64,1.65,1.66,1.65,1.66,1.64,1.64,1.65,1.66,1.66,1.65,1.64,1.65,1.66,1.67,1.67,1.65,1.65,1.66,1.67,1.67
0,0.07,0.14,0.21,0.28,0.32,0.36,0.41,0.47,0.52,0.55,0.57,0.61,0.66,0.69,0.73,0.74,0.75,0.79,0.83,0.86,0.88,0.88,0.91,0.94,0.96,1,0.99,1,1.02,1.05,1.07,1.08,1.07,1.1,1.13,1.15,1.18,1.17,1.17,1.2,1.22,1.24,1.25,1.25,1.26,1.28,1.3,1.32,1.31,1.31,1.33,1.35,1.37,1.37,1.36,1.38,1.39,1.41,1.43,1.41,1.41,1.44,1.45,1.47,1.48,1.46,1.47,1.49,1.51,1.52,1.51,1.51,1.53,1.54,1.55,1.57,1.55,1.55,1.58,1.59,1.6,1.6,1.59,1.61,1.62,1.64,1.64,1.62,1.63,1.65,1.67,1.68,1.66,1.66,1.68,1.7,1.7,1.71,1.69,1.7,1.72,1.73,1.74,1.72,1.72,1.74,1.74,1.76,1.76,1.75,1.75,1.77,1.78,1.79,1.77,1.77,1.79,1.8,1.81,1.81,1.79,1.81,1.81,1.83,1.85,1.83,1.82,1.84,1.85,1.86,1.86,1.84,1.85,1.87,1.88,1.88,1.87,1.86,1.87,1.88,1.91,1.91,1.89,1.9,1.9,1.91,1.93,1.92,1.9,1.92,1.93,1.94,1.94,1.93,1.93,1.94,1.96,1.97,1.95,1.95,1.97,1.97,1.98,1.98,1.96,1.96,1.98,1.99,2,1.98,1.97,1.99,2,2.01,2.02,1.99,1.99,2.01,2.02,2.04,2.01,2,2.02,2.03,2.04,2.04,2.02,2.03,2.05,2.06,2.07,2.05,2.04,2.06,2.06,2.08,2.08,2.05,2.06,2.08,2.08,2.1,2.08,2.07,2.08,2.09,2.1,2.1,2.09,2.09,2.1,2.12,2.12,2.1,2.1,2.11,2.12,2.13,2.13,2.11,2.11,2.12,2.13,2.14,2.13,2.12,2.13,2.14,2.15,2.15,2.13,2.14,2.14,2.15,2.16,2.14,2.14,2.16,2.16,2.17,2.17,2.15,2.16,2.17,2.18,2.18,2.17,2.17,2.18,2.18,2.19,2.18,2.17,2.18,2.19,2.19,2.2,2.17,2.16,2.18,2.18,2.2,2.19,2.17,2.17,2.18,2.19,2.2,2.18,2.17,2.18,2.19,2.2,2.2,2.18,2.18,2.19,2.19,2.21,2.19,2.18,2.19,2.2,2.2,2.2,2.18,2.18,2.2,2.21,2.22,2.19,2.19,2.2,2.2,2.22,2.22,2.2,2.2,2.21,2.22,2.22
0,0.02,0.1,0.18,0.25,0.31,0.35,0.4,0.46,0.52,0.57,0.6,0.61,0.66,0.71,0.75,0.78,0.79,0.82,0.86,0.88,0.92,0.93,0.94,0.98,1,1.03,1.06,1.06,1.07,1.11,1.14,1.16,1.17,1.16,1.2,1.22,1.23,1.26,1.25,1.26,1.29,1.3,1.33,1.33,1.32,1.35,1.37,1.38,1.4,1.39,1.4,1.43,1.44,1.46,1.46,1.45,1.47,1.49,1.5,1.52,1.51,1.52,1.54,1.55,1.58,1.57,1.56,1.58,1.6,1.61,1.63,1.61,1.61,1.63,1.65,1.66,1.66,1.65,1.66,1.68,1.69,1.7,1.69,1.69,1.71,1.72,1.74,1.74,1.72,1.74,1.75,1.77,1.78,1.76,1.76,1.79,1.8,1.81,1.81,1.79,1.81,1.82,1.84,1.85,1.82,1.83,1.85,1.86,1.88,1.87,1.86,1.87,1.88,1.89,1.9,1.88,1.89,1.91,1.91,1.93,1.92,1.9,1.91,1.93,1.94,1.94,1.92,1.92,1.95,1.96,1.97,1.96,1.95,1.97,1.99,2,2.01,1.98,1.98,2.01,2.01,2.03,2.02,2,2.02,2.02,2.04,2.05,2.03,2.03,2.04,2.05,2.06,2.06,2.05,2.06,2.07,2.08,2.09,2.07,2.07,2.09,2.09,2.1,2.09,2.08,2.09,2.1,2.11,2.11,2.1,2.1,2.11,2.12,2.14,2.13,2.11,2.12,2.13,2.14,2.15,2.13,2.13,2.14,2.15,2.16,2.15,2.14,2.15,2.16,2.17,2.18,2.15,2.15,2.17,2.18,2.19,2.18,2.16,2.18,2.19,2.2,2.21,2.18,2.18,2.2,2.2,2.22,2.21,2.19,2.21,2.21,2.22,2.23,2.21,2.21,2.23,2.23,2.24,2.23,2.22,2.22,2.24,2.25,2.25,2.23,2.23,2.25,2.25,2.27,2.26,2.24,2.25,2.26,2.27,2.28,2.25,2.26,2.27,2.27,2.28,2.27,2.26,2.27,2.28,2.29,2.3,2.27,2.27,2.28,2.29,2.3,2.29,2.28,2.29,2.3,2.31,2.31,2.29,2.28,2.3,2.3,2.31,2.29,2.27,2.29,2.3,2.31,2.31,2.28,2.29,2.3,2.3,2.31,2.3,2.28,2.29,2.3,2.31,2.31,2.29,2.28,2.3,2.31,2.32,2.3,2.29,2.31,2.31,2.32,2.32,2.29,2.3,2.31,2.32,2.33,2.31,2.3,2.31,2.32,2.33
0,0.04,0.1,0.15,0.21,0.26,0.28,0.33,0.37,0.41,0.45,0.46,0.49,0.52,0.54,0.58,0.6,0.61,0.63,0.66,0.68,0.7,0.7,0.71,0.74,0.76,0.79,0.8,0.79,0.81,0.83,0.86,0.87,0.87,0.87,0.89,0.91,0.93,0.94,0.93,0.94,0.96,0.98,0.99,0.99,0.99,1.01,1.02,1.04,1.04,1.03,1.04,1.06,1.08,1.09,1.08,1.08,1.1,1.11,1.13,1.13,1.12,1.13,1.15,1.16,1.18,1.16,1.17,1.19,1.19,1.21,1.21,1.19,1.2,1.22,1.23,1.24,1.23,1.23,1.24,1.25,1.27,1.27,1.26,1.27,1.28,1.29,1.3,1.28,1.28,1.3,1.31,1.32,1.32,1.31,1.31,1.33,1.34,1.35,1.34,1.34,1.35,1.36,1.37,1.36,1.36,1.36,1.38,1.38,1.39,1.37,1.37,1.39,1.4,1.41,1.4,1.39,1.4,1.41,1.42,1.42,1.41,1.41,1.42,1.44,1.44,1.44,1.43,1.43,1.44,1.45,1.46,1.45,1.44,1.45,1.46,1.47,1.47,1.45,1.46,1.48,1.48,1.5,1.47,1.48,1.49,1.49,1.51,1.5,1.49,1.49,1.5,1.52,1.52,1.5,1.51,1.51,1.53,1.53,1.53,1.52,1.52,1.53,1.54,1.55,1.53,1.52,1.54,1.55,1.56,1.56,1.54,1.55,1.56,1.57,1.57,1.55,1.56,1.57,1.58,1.58,1.58,1.56,1.57,1.58,1.59,1.59,1.57,1.58,1.59,1.59,1.6,1.6,1.58,1.6,1.61,1.61,1.62,1.6,1.59,1.61,1.62,1.62,1.63,1.61,1.61,1.62,1.64,1.64,1.62,1.62,1.63,1.64,1.65,1.64,1.62,1.64,1.64,1.65,1.66,1.64,1.63,1.65,1.66,1.67,1.66,1.64,1.65,1.66,1.67,1.67,1.65,1.66,1.66,1.67,1.69,1.67,1.66,1.68,1.68,1.69,1.7,1.68,1.68,1.69,1.69,1.7,1.69,1.67,1.69,1.7,1.7,1.7,1.69,1.69,1.7,1.7,1.71,1.7,1.68,1.69,1.69,1.69,1.7,1.68,1.68,1.69,1.69,1.7,1.69,1.68,1.69,1.69,1.7,1.7,1.69,1.69,1.7,1.71,1.71,1.7,1.69,1.7,1.7,1.71,1.71,1.69,1.69,1.7,1.71,1.72,1.71,1.7,1.71,1.72,1.72,1.72,1.7,1.7,1.72,1.72,1.72
0,0.01,0.08,0.17,0.25,0.32,0.37,0.42,0.49,0.55,0.61,0.65,0.66,0.72,0.77,0.8,0.85,0.87,0.88,0.93,0.96,1,1.02,1.02,1.05,1.09,1.11,1.14,1.15,1.15,1.18,1.22,1.25,1.27,1.25,1.28,1.31,1.33,1.36,1.36,1.35,1.38,1.41,1.43,1.44,1.43,1.44,1.47,1.49,1.51,1.51,1.5,1.53,1.55,1.57,1.58,1.57,1.58,1.61,1.62,1.64,1.63,1.63,1.65,1.68,1.69,1.7,1.69,1.69,1.72,1.73,1.75,1.74,1.73,1.76,1.77,1.79,1.8,1.78,1.79,1.81,1.82,1.85,1.83,1.83,1.85,1.85,1.87,1.88,1.86,1.87,1.89,1.91,1.92,1.9,1.89,1.92,1.93,1.94,1.95,1.93,1.94,1.96,1.97,1.99,1.98,1.97,1.99,2,2.01,2.02,1.99,2,2.02,2.03,2.05,2.03,2.02,2.05,2.06,2.07,2.08,2.06,2.07,2.09,2.09,2.11,2.09,2.08,2.1,2.11,2.13,2.13,2.11,2.12,2.13,2.14,2.16,2.14,2.13,2.15,2.16,2.18,2.19,2.17,2.17,2.19,2.2,2.21,2.2,2.18,2.2,2.21,2.22,2.22,2.2,2.21,2.22,2.23,2.24,2.23,2.22,2.24,2.25,2.26,2.26,2.24,2.24,2.26,2.27,2.28,2.26,2.25,2.28,2.28,2.3,2.3,2.27,2.28,2.29,2.3,2.32,2.3,2.29,2.3,2.31,2.33,2.32,2.31,2.31,2.33,2.34,2.35,2.33,2.32,2.34,2.35,2.36,2.36,2.33,2.35,2.36,2.37,2.38,2.35,2.35,2.36,2.37,2.38,2.39,2.36,2.37,2.39,2.4,2.41,2.39,2.38,2.39,2.4,2.42,2.41,2.38,2.39,2.41,2.42,2.44,2.41,2.4,2.42,2.43,2.43,2.44,2.41,2.42,2.44,2.44,2.46,2.43,2.42,2.43,2.45,2.46,2.46,2.44,2.44,2.45,2.46,2.48,2.46,2.45,2.46,2.47,2.48,2.48,2.46,2.46,2.48,2.48,2.5,2.47,2.46,2.48,2.48,2.49,2.48,2.46,2.46,2.47,2.48,2.49,2.47,2.45,2.47,2.47,2.49,2.49,2.46,2.47,2.48,2.49,2.5,2.48,2.47,2.49,2.49,2.5,2.5,2.47,2.48,2.49,2.5,2.51,2.49,2.47,2.49,2.49,2.51,2.51,2.48,2.49,2.5,2.51
0,0.05,0.14,0.24,0.34,0.41,0.45,0.52,0.6,0.66,0.74,0.76,0.79,0.85,0.9,0.96,0.99,1,1.04,1.08,1.12,1.17,1.17,1.19,1.24,1.27,1.31,1.34,1.34,1.36,1.4,1.43,1.46,1.46,1.46,1.5,1.53,1.55,1.57,1.56,1.58,1.62,1.64,1.67,1.66,1.66,1.7,1.72,1.75,1.77,1.74,1.77,1.79,1.81,1.84,1.83,1.82,1.86,1.87,1.89,1.91,1.89,1.9,1.93,1.94,1.97,1.95,1.94,1.98,2,2.02,2.03,2.01,2.02,2.05,2.07,2.09,2.07,2.07,2.1,2.11,2.14,2.14,2.12,2.13,2.15,2.17,2.19,2.17,2.17,2.19,2.21,2.22,2.23,2.2,2.22,2.23,2.25,2.27,2.25,2.24,2.27,2.28,2.3,2.3,2.28,2.3,2.31,2.33,2.34,2.32,2.32,2.34,2.35,2.37,2.37,2.34,2.35,2.38,2.39,2.41,2.39,2.37,2.4,2.41,2.43,2.43,2.41,2.42,2.44,2.45,2.46,2.44,2.44,2.46,2.47,2.49,2.48,2.46,2.47,2.49,2.5,2.52,2.51,2.49,2.51,2.53,2.54,2.55,2.52,2.53,2.55,2.56,2.58,2.56,2.54,2.56,2.58,2.59,2.6,2.57,2.58,2.59,2.6,2.62,2.59,2.59,2.61,2.61,2.64,2.63,2.61,2.62,2.63,2.65,2.66,2.64,2.62,2.65,2.66,2.68,2.67,2.65,2.65,2.67,2.69,2.7,2.68,2.68,2.69,2.7,2.71,2.71,2.68,2.69,2.71,2.72,2.74,2.71,2.7,2.72,2.73,2.75,2.74,2.71,2.72,2.74,2.76,2.77,2.75,2.73,2.76,2.77,2.78,2.78,2.75,2.76,2.78,2.79,2.8,2.78,2.76,2.79,2.79,2.81,2.81,2.78,2.79,2.81,2.82,2.83,2.81,2.79,2.81,2.82,2.83,2.84,2.81,2.82,2.84,2.85,2.87,2.84,2.83,2.85,2.85,2.87,2.87,2.84,2.85,2.86,2.87,2.88,2.86,2.85,2.87,2.88,2.88,2.88,2.85,2.85,2.87,2.87,2.89,2.86,2.84,2.86,2.86,2.88,2.87,2.84,2.85,2.87,2.88,2.89,2.86,2.85,2.87,2.88,2.89,2.89,2.86,2.86,2.88,2.88,2.9,2.88,2.86,2.88,2.89,2.91,2.9,2.87,2.88,2.89,2.9,2.91,2.89,2.87,2.9,2.91,2.91
0,0.06,0.18,0.28,0.39,0.47,0.52,0.61,0.71,0.78,0.86,0.89,0.93,1,1.06,1.13,1.17,1.18,1.23,1.28,1.33,1.39,1.39,1.41,1.46,1.5,1.54,1.57,1.57,1.6,1.64,1.69,1.73,1.71,1.73,1.77,1.81,1.85,1.86,1.85,1.88,1.92,1.94,1.98,1.97,1.97,2.02,2.04,2.07,2.09,2.06,2.09,2.13,2.15,2.18,2.17,2.17,2.21,2.23,2.26,2.26,2.24,2.26,2.29,2.31,2.35,2.32,2.32,2.35,2.37,2.4,2.4,2.38,2.4,2.43,2.45,2.47,2.45,2.45,2.48,2.5,2.53,2.53,2.51,2.53,2.55,2.58,2.6,2.57,2.57,2.6,2.61,2.64,2.64,2.61,2.63,2.65,2.68,2.69,2.67,2.67,2.69,2.71,2.73,2.74,2.71,2.72,2.75,2.76,2.79,2.76,2.76,2.78,2.79,2.82,2.81,2.79,2.81,2.83,2.85,2.87,2.84,2.84,2.86,2.88,2.89,2.9,2.87,2.88,2.91,2.92,2.95,2.92,2.91,2.94,2.95,2.98,2.97,2.94,2.96,2.98,3,3.01,2.99,2.98,3.01,3.02,3.04,3.04,3.02,3.03,3.04,3.07,3.08,3.05,3.04,3.06,3.08,3.1,3.1,3.06,3.08,3.1,3.11,3.14,3.1,3.09,3.13,3.14,3.15,3.15,3.12,3.13,3.15,3.16,3.18,3.14,3.14,3.17,3.18,3.2,3.2,3.17,3.18,3.2,3.22,3.23,3.2,3.2,3.22,3.23,3.24,3.24,3.21,3.22,3.24,3.26,3.27,3.24,3.23,3.26,3.27,3.29,3.28,3.25,3.26,3.29,3.3,3.31,3.28,3.28,3.3,3.31,3.33,3.32,3.29,3.3,3.32,3.34,3.35,3.32,3.31,3.34,3.34,3.36,3.36,3.33,3.34,3.36,3.37,3.39,3.35,3.35,3.38,3.39,3.41,3.4,3.37,3.38,3.4,3.41,3.42,3.39,3.38,3.41,3.42,3.44,3.44,3.41,3.41,3.44,3.45,3.46,3.43,3.42,3.44,3.45,3.45,3.45,3.41,3.42,3.44,3.45,3.45,3.42,3.41,3.44,3.45,3.47,3.45,3.42,3.43,3.44,3.46,3.47,3.43,3.43,3.45,3.46,3.47,3.46,3.42,3.44,3.45,3.47,3.49,3.45,3.44,3.46,3.47,3.49,3.48,3.43,3.45,3.48,3.49,3.5,3.46,3.44,3.48,3.48,3.5
0,0.04,0.16,0.28,0.41,0.53,0.6,0.68,0.8,0.89,0.99,1.05,1.08,1.16,1.23,1.31,1.37,1.38,1.43,1.51,1.56,1.63,1.65,1.66,1.72,1.77,1.83,1.88,1.87,1.9,1.96,2,2.06,2.07,2.06,2.11,2.15,2.2,2.23,2.21,2.23,2.28,2.31,2.35,2.36,2.34,2.39,2.42,2.46,2.49,2.46,2.48,2.52,2.55,2.59,2.59,2.58,2.61,2.65,2.68,2.7,2.68,2.69,2.73,2.75,2.79,2.79,2.77,2.8,2.83,2.86,2.89,2.86,2.87,2.91,2.94,2.97,2.95,2.94,2.97,3,3.02,3.04,3,3.02,3.05,3.08,3.11,3.09,3.07,3.11,3.13,3.15,3.18,3.14,3.14,3.18,3.2,3.22,3.22,3.2,3.22,3.25,3.27,3.29,3.26,3.25,3.29,3.31,3.34,3.33,3.31,3.34,3.36,3.38,3.4,3.37,3.36,3.4,3.42,3.44,3.42,3.39,3.42,3.45,3.47,3.48,3.46,3.45,3.49,3.51,3.53,3.52,3.49,3.51,3.54,3.56,3.58,3.54,3.53,3.57,3.58,3.61,3.59,3.56,3.59,3.61,3.63,3.64,3.62,3.61,3.64,3.66,3.68,3.67,3.64,3.66,3.68,3.7,3.71,3.68,3.68,3.71,3.72,3.74,3.73,3.71,3.73,3.76,3.77,3.79,3.74,3.75,3.78,3.8,3.82,3.8,3.77,3.79,3.81,3.84,3.85,3.81,3.8,3.84,3.85,3.87,3.86,3.83,3.85,3.87,3.89,3.91,3.87,3.86,3.89,3.9,3.93,3.91,3.88,3.91,3.92,3.95,3.96,3.92,3.92,3.94,3.96,3.98,3.96,3.93,3.95,3.97,3.99,4,3.96,3.96,3.99,4.01,4.03,4.01,3.98,4,4.02,4.03,4.04,4,4,4.03,4.04,4.06,4.05,4.02,4.04,4.06,4.07,4.08,4.04,4.04,4.07,4.08,4.11,4.09,4.06,4.08,4.1,4.12,4.13,4.09,4.08,4.11,4.12,4.14,4.13,4.1,4.12,4.13,4.14,4.15,4.1,4.1,4.13,4.13,4.15,4.12,4.09,4.1,4.12,4.14,4.14,4.1,4.1,4.13,4.14,4.15,4.13,4.1,4.12,4.13,4.15,4.16,4.11,4.11,4.13,4.14,4.17,4.14,4.11,4.14,4.15,4.17,4.18,4.14,4.13,4.16,4.17,4.18,4.17,4.13,4.15,4.17,4.18
0,0.01,0.09,0.22,0.33,0.45,0.53,0.59,0.7,0.79,0.87,0.95,0.98,1.05,1.13,1.19,1.27,1.3,1.32,1.39,1.45,1.5,1.56,1.56,1.6,1.66,1.7,1.76,1.77,1.78,1.84,1.88,1.93,1.96,1.95,1.98,2.03,2.06,2.1,2.1,2.11,2.14,2.18,2.22,2.25,2.23,2.25,2.29,2.32,2.36,2.36,2.35,2.39,2.43,2.46,2.48,2.45,2.47,2.51,2.54,2.57,2.56,2.56,2.59,2.62,2.65,2.66,2.65,2.66,2.7,2.72,2.74,2.74,2.72,2.76,2.79,2.82,2.83,2.8,2.82,2.85,2.88,2.9,2.89,2.88,2.91,2.93,2.96,2.97,2.94,2.96,2.99,3,3.03,3.02,3,3.03,3.05,3.07,3.09,3.06,3.07,3.1,3.12,3.15,3.13,3.12,3.15,3.16,3.18,3.2,3.16,3.17,3.2,3.21,3.24,3.22,3.21,3.24,3.25,3.28,3.29,3.26,3.26,3.29,3.31,3.33,3.32,3.29,3.32,3.34,3.37,3.38,3.35,3.35,3.38,3.39,3.42,3.4,3.39,3.41,3.42,3.45,3.46,3.43,3.43,3.46,3.47,3.49,3.47,3.45,3.47,3.49,3.51,3.53,3.5,3.5,3.52,3.54,3.56,3.54,3.53,3.55,3.56,3.58,3.58,3.55,3.56,3.59,3.6,3.62,3.6,3.58,3.6,3.62,3.64,3.64,3.61,3.62,3.64,3.65,3.68,3.66,3.64,3.66,3.67,3.69,3.7,3.67,3.68,3.7,3.72,3.74,3.71,3.69,3.71,3.73,3.75,3.76,3.72,3.73,3.75,3.77,3.79,3.76,3.74,3.76,3.77,3.8,3.8,3.77,3.77,3.8,3.81,3.83,3.81,3.79,3.81,3.83,3.84,3.85,3.82,3.82,3.84,3.86,3.87,3.86,3.84,3.86,3.87,3.89,3.89,3.85,3.87,3.88,3.9,3.92,3.89,3.87,3.89,3.91,3.92,3.93,3.89,3.9,3.92,3.93,3.95,3.93,3.92,3.93,3.95,3.97,3.97,3.93,3.93,3.95,3.96,3.97,3.95,3.93,3.94,3.95,3.96,3.97,3.93,3.93,3.95,3.96,3.98,3.94,3.93,3.95,3.95,3.97,3.97,3.94,3.94,3.96,3.97,3.99,3.96,3.94,3.96,3.97,3.99,3.99,3.95,3.96,3.98,3.98,4,3.97,3.96,3.98,3.98,4.01,4,3.97,3.97,3.99,4.01
0,0.01,0.06,0.15,0.22,0.32,0.39,0.43,0.51,0.59,0.64,0.71,0.74,0.77,0.83,0.88,0.94,0.97,0.98,1.02,1.07,1.11,1.15,1.16,1.18,1.23,1.26,1.3,1.31,1.31,1.35,1.38,1.41,1.45,1.44,1.46,1.49,1.51,1.55,1.55,1.55,1.58,1.61,1.63,1.66,1.65,1.66,1.7,1.72,1.75,1.75,1.73,1.75,1.78,1.8,1.83,1.82,1.82,1.85,1.87,1.89,1.89,1.88,1.9,1.93,1.95,1.97,1.96,1.95,1.99,2,2.02,2.03,2.01,2.03,2.04,2.06,2.08,2.07,2.07,2.09,2.11,2.13,2.13,2.11,2.13,2.15,2.17,2.18,2.17,2.17,2.19,2.2,2.22,2.22,2.21,2.22,2.24,2.26,2.27,2.25,2.24,2.27,2.28,2.3,2.3,2.28,2.29,2.31,2.33,2.34,2.32,2.32,2.34,2.35,2.37,2.37,2.35,2.36,2.38,2.4,2.42,2.4,2.39,2.41,2.43,2.44,2.44,2.42,2.43,2.45,2.47,2.49,2.46,2.46,2.48,2.49,2.51,2.5,2.48,2.49,2.5,2.52,2.53,2.51,2.51,2.52,2.54,2.55,2.55,2.53,2.54,2.56,2.57,2.59,2.56,2.56,2.58,2.59,2.61,2.6,2.57,2.59,2.6,2.62,2.63,2.61,2.61,2.63,2.64,2.65,2.65,2.62,2.63,2.65,2.66,2.68,2.65,2.65,2.67,2.68,2.7,2.69,2.67,2.68,2.69,2.71,2.72,2.7,2.69,2.71,2.72,2.74,2.73,2.71,2.72,2.73,2.75,2.76,2.73,2.73,2.74,2.76,2.77,2.77,2.74,2.75,2.77,2.78,2.79,2.77,2.76,2.78,2.79,2.8,2.81,2.78,2.79,2.8,2.81,2.82,2.8,2.8,2.82,2.83,2.85,2.84,2.81,2.82,2.83,2.85,2.87,2.84,2.83,2.85,2.86,2.88,2.87,2.84,2.85,2.86,2.88,2.89,2.86,2.86,2.88,2.89,2.9,2.9,2.87,2.88,2.9,2.91,2.92,2.9,2.89,2.9,2.91,2.92,2.91,2.88,2.89,2.9,2.9,2.92,2.89,2.88,2.9,2.91,2.92,2.91,2.89,2.89,2.9,2.91,2.92,2.89,2.89,2.91,2.91,2.93,2.92,2.89,2.9,2.92,2.92,2.93,2.91,2.91,2.92,2.93,2.94,2.92,2.9,2.92,2.93,2.94,2.95,2.92,2.91,2.93,2.95
0,0.05,0.1,0.16,0.19,0.2,0.25,0.28,0.32,0.36,0.36,0.38,0.4,0.43,0.46,0.46,0.47,0.5,0.52,0.54,0.56,0.56,0.56,0.58,0.6,0.62,0.62,0.62,0.64,0.66,0.67,0.69,0.68,0.68,0.7,0.72,0.73,0.73,0.73,0.75,0.75,0.77,0.78,0.77,0.78,0.79,0.8,0.82,0.81,0.8,0.82,0.83,0.84,0.85,0.84,0.84,0.86,0.87,0.88,0.88,0.88,0.88,0.89,0.9,0.92,0.9,0.9,0.91,0.92,0.93,0.93,0.93,0.94,0.94,0.95,0.96,0.95,0.94,0.96,0.97,0.98,0.98,0.97,0.98,0.99,0.99,1.01,1,0.99,1,1.01,1.03,1.02,1.01,1.02,1.02,1.03,1.05,1.03,1.03,1.04,1.05,1.06,1.05,1.04,1.05,1.05,1.06,1.07,1.06,1.05,1.06,1.08,1.09,1.08,1.07,1.08,1.09,1.09,1.1,1.09,1.08,1.09,1.11,1.12,1.1,1.09,1.11,1.12,1.12,1.13,1.11,1.11,1.12,1.13,1.14,1.13,1.12,1.13,1.13,1.15,1.15,1.13,1.13,1.15,1.16,1.16,1.16,1.15,1.15,1.16,1.17,1.17,1.16,1.16,1.16,1.17,1.18,1.17,1.16,1.17,1.18,1.18,1.19,1.17,1.17,1.19,1.19,1.19,1.19,1.18,1.18,1.2,1.2,1.2,1.19,1.19,1.2,1.21,1.22,1.21,1.19,1.2,1.21,1.21,1.22,1.2,1.2,1.21,1.21,1.22,1.22,1.21,1.21,1.22,1.23,1.23,1.22,1.22,1.23,1.24,1.24,1.23,1.22,1.23,1.23,1.25,1.25,1.23,1.23,1.24,1.24,1.25,1.25,1.23,1.24,1.25,1.25,1.26,1.24,1.23,1.25,1.26,1.26,1.26,1.25,1.25,1.26,1.27,1.27,1.25,1.25,1.26,1.27,1.28,1.27,1.26,1.26,1.27,1.28,1.28,1.26,1.26,1.27,1.27,1.28,1.27,1.26,1.27,1.27,1.28,1.29,1.27,1.26,1.28,1.28,1.29,1.28,1.26,1.27,1.27,1.27,1.28,1.26,1.26,1.27,1.27,1.28,1.27,1.26,1.27,1.27,1.28,1.28,1.26,1.26,1.27,1.27,1.28,1.27,1.26,1.27,1.28,1.28,1.28,1.26,1.26,1.27,1.27,1.28,1.28,1.26,1.27,1.27,1.29,1.29,1.27,1.27,1.28,1.29,1.29,1.29
0,0.03,0.09,0.14,0.18,0.21,0.24,0.27,0.3,0.33,0.36,0.37,0.39,0.41,0.44,0.47,0.48,0.48,0.5,0.52,0.54,0.56,0.56,0.56,0.59,0.6,0.62,0.63,0.62,0.63,0.64,0.66,0.68,0.66,0.67,0.69,0.7,0.71,0.72,0.71,0.72,0.74,0.75,0.75,0.75,0.76,0.77,0.77,0.79,0.79,0.78,0.79,0.81,0.81,0.82,0.81,0.81,0.83,0.84,0.85,0.84,0.84,0.85,0.86,0.86,0.87,0.86,0.86,0.87,0.88,0.89,0.88,0.88,0.89,0.91,0.91,0.91,0.9,0.91,0.92,0.92,0.94,0.94,0.92,0.94,0.95,0.95,0.96,0.95,0.94,0.96,0.96,0.96,0.97,0.96,0.97,0.98,0.99,1,0.98,0.99,0.99,0.99,1.01,1.01,0.99,1,1.01,1.01,1.02,1.01,1.01,1.03,1.03,1.03,1.03,1.01,1.02,1.03,1.03,1.05,1.03,1.03,1.04,1.05,1.06,1.05,1.03,1.04,1.05,1.06,1.07,1.05,1.05,1.06,1.07,1.08,1.07,1.06,1.07,1.08,1.08,1.09,1.08,1.07,1.08,1.09,1.09,1.09,1.07,1.08,1.1,1.1,1.1,1.09,1.09,1.1,1.1,1.11,1.11,1.09,1.1,1.11,1.11,1.12,1.11,1.11,1.12,1.13,1.13,1.12,1.11,1.12,1.13,1.14,1.14,1.13,1.13,1.14,1.14,1.15,1.14,1.12,1.14,1.15,1.15,1.15,1.14,1.13,1.15,1.15,1.15,1.16,1.14,1.15,1.15,1.16,1.17,1.15,1.15,1.16,1.17,1.18,1.17,1.16,1.16,1.17,1.17,1.17,1.16,1.16,1.17,1.18,1.18,1.18,1.16,1.17,1.18,1.18,1.18,1.17,1.17,1.18,1.19,1.19,1.19,1.18,1.18,1.18,1.19,1.2,1.18,1.18,1.19,1.2,1.2,1.2,1.19,1.19,1.2,1.21,1.21,1.2,1.19,1.2,1.21,1.22,1.21,1.19,1.2,1.22,1.22,1.22,1.21,1.21,1.21,1.21,1.23,1.21,1.2,1.2,1.21,1.22,1.21,1.2,1.2,1.21,1.21,1.22,1.22,1.19,1.2,1.21,1.21,1.22,1.2,1.2,1.21,1.21,1.22,1.21,1.2,1.2,1.21,1.22,1.21,1.2,1.2,1.22,1.21,1.22,1.22,1.2,1.21,1.22,1.22,1.22,1.2,1.2,1.22,1.22,1.23
0,0.01,0.04,0.1,0.14,0.19,0.21,0.24,0.28,0.32,0.35,0.38,0.39,0.41,0.43,0.46,0.49,0.49,0.49,0.53,0.55,0.56,0.58,0.58,0.59,0.62,0.63,0.65,0.64,0.65,0.67,0.68,0.7,0.71,0.7,0.71,0.73,0.74,0.75,0.75,0.75,0.77,0.78,0.8,0.81,0.79,0.8,0.82,0.83,0.84,0.84,0.84,0.85,0.85,0.87,0.88,0.87,0.87,0.88,0.89,0.91,0.9,0.89,0.91,0.92,0.93,0.94,0.92,0.92,0.94,0.95,0.95,0.95,0.94,0.95,0.96,0.97,0.97,0.97,0.97,0.98,0.99,1.01,0.99,0.99,1.01,1.01,1.02,1.03,1.01,1.01,1.03,1.04,1.06,1.04,1.03,1.05,1.06,1.06,1.06,1.05,1.06,1.07,1.08,1.09,1.08,1.07,1.09,1.1,1.1,1.1,1.09,1.09,1.1,1.1,1.11,1.1,1.1,1.12,1.12,1.13,1.13,1.11,1.11,1.12,1.13,1.14,1.14,1.13,1.14,1.14,1.15,1.15,1.14,1.14,1.15,1.16,1.17,1.16,1.15,1.16,1.17,1.17,1.18,1.17,1.17,1.17,1.18,1.19,1.17,1.17,1.18,1.19,1.2,1.2,1.18,1.18,1.2,1.2,1.21,1.2,1.18,1.2,1.21,1.21,1.22,1.2,1.2,1.21,1.22,1.22,1.21,1.21,1.23,1.22,1.23,1.24,1.22,1.22,1.23,1.24,1.24,1.23,1.22,1.23,1.24,1.25,1.24,1.23,1.24,1.24,1.26,1.27,1.25,1.24,1.25,1.26,1.26,1.26,1.25,1.26,1.26,1.27,1.28,1.26,1.25,1.27,1.28,1.28,1.28,1.27,1.27,1.28,1.28,1.29,1.28,1.27,1.28,1.29,1.29,1.29,1.27,1.28,1.29,1.29,1.3,1.29,1.28,1.29,1.3,1.3,1.3,1.29,1.29,1.3,1.3,1.32,1.31,1.29,1.3,1.31,1.32,1.32,1.29,1.3,1.31,1.31,1.32,1.31,1.3,1.31,1.32,1.33,1.33,1.31,1.32,1.32,1.32,1.33,1.33,1.31,1.32,1.32,1.33,1.33,1.31,1.32,1.32,1.32,1.33,1.32,1.31,1.32,1.32,1.33,1.32,1.31,1.31,1.32,1.32,1.33,1.32,1.31,1.32,1.32,1.33,1.33,1.31,1.32,1.32,1.33,1.33,1.33,1.32,1.32,1.33,1.34,1.34,1.31,1.32,1.33,1.34
0,0.01,0.04,0.09,0.14,0.18,0.2,0.23,0.27,0.3,0.33,0.34,0.35,0.38,0.41,0.43,0.45,0.45,0.46,0.48,0.5,0.53,0.53,0.53,0.55,0.58,0.59,0.61,0.61,0.61,0.62,0.64,0.65,0.65,0.65,0.66,0.68,0.69,0.71,0.7,0.7,0.72,0.72,0.74,0.74,0.74,0.74,0.76,0.77,0.78,0.77,0.77,0.78,0.79,0.81,0.81,0.8,0.81,0.82,0.83,0.84,0.83,0.83,0.85,0.85,0.86,0.86,0.85,0.86,0.87,0.88,0.89,0.88,0.87,0.89,0.9,0.91,0.91,0.9,0.9,0.92,0.93,0.93,0.92,0.91,0.93,0.94,0.94,0.94,0.93,0.94,0.95,0.96,0.97,0.95,0.94,0.95,0.96,0.97,0.97,0.96,0.97,0.98,0.99,0.99,0.98,0.98,0.99,0.99,1,1,0.99,1,1.01,1.02,1.02,1.01,1.01,1.02,1.02,1.03,1.03,1.02,1.02,1.04,1.05,1.06,1.04,1.04,1.05,1.05,1.06,1.05,1.05,1.05,1.07,1.08,1.08,1.06,1.07,1.07,1.07,1.08,1.08,1.07,1.08,1.08,1.09,1.09,1.08,1.08,1.09,1.1,1.11,1.1,1.09,1.09,1.1,1.11,1.12,1.1,1.1,1.11,1.11,1.13,1.12,1.11,1.12,1.13,1.13,1.13,1.12,1.11,1.12,1.13,1.14,1.14,1.13,1.13,1.14,1.15,1.15,1.13,1.13,1.14,1.14,1.16,1.15,1.13,1.15,1.16,1.16,1.15,1.14,1.14,1.15,1.16,1.17,1.17,1.15,1.16,1.17,1.17,1.17,1.16,1.16,1.17,1.18,1.19,1.18,1.16,1.17,1.17,1.18,1.19,1.17,1.17,1.18,1.18,1.2,1.2,1.17,1.18,1.19,1.19,1.2,1.19,1.18,1.19,1.2,1.2,1.2,1.18,1.19,1.2,1.2,1.21,1.2,1.19,1.2,1.21,1.21,1.21,1.2,1.2,1.21,1.21,1.22,1.2,1.2,1.21,1.21,1.22,1.22,1.21,1.21,1.21,1.21,1.22,1.21,1.2,1.21,1.21,1.22,1.21,1.2,1.21,1.22,1.22,1.22,1.21,1.21,1.21,1.22,1.22,1.21,1.2,1.21,1.21,1.21,1.22,1.21,1.2,1.22,1.22,1.22,1.21,1.21,1.22,1.22,1.22,1.23,1.22,1.21,1.22,1.23,1.23,1.22,1.2,1.21,1.22,1.23
0,0.02,0.04,0.06,0.06,0.07,0.08,0.09,0.1,0.11,0.11,0.12,0.13,0.14,0.15,0.14,0.15,0.16,0.17,0.17,0.17,0.18,0.18,0.19,0.2,0.2,0.2,0.2,0.21,0.22,0.22,0.22,0.21,0.22,0.23,0.24,0.24,0.23,0.24,0.25,0.25,0.26,0.25,0.25,0.26,0.26,0.27,0.26,0.26,0.26,0.27,0.27,0.28,0.27,0.27,0.28,0.28,0.28,0.29,0.28,0.29,0.29,0.29,0.29,0.29,0.29,0.29,0.3,0.3,0.3,0.3,0.3,0.31,0.31,0.31,0.31,0.31,0.31,0.31,0.32,0.32,0.31,0.31,0.31,0.32,0.32,0.31,0.31,0.31,0.31,0.32,0.32,0.31,0.32,0.33,0.33,0.33,0.33,0.32,0.32,0.33,0.33,0.33,0.32,0.32,0.33,0.33,0.34,0.34,0.33,0.34,0.34,0.34,0.35,0.34,0.34,0.34,0.35,0.35,0.33,0.34,0.34,0.34,0.35,0.35,0.34,0.35,0.35,0.35,0.35,0.35,0.34,0.35,0.35,0.35,0.36,0.35,0.35,0.35,0.36,0.36,0.36,0.35,0.35,0.36,0.36,0.36,0.35,0.36,0.36,0.36,0.37,0.36,0.36,0.37,0.36,0.36,0.37,0.36,0.36,0.36,0.37,0.37,0.37,0.36,0.36,0.37,0.38,0.37,0.36,0.37,0.37,0.37,0.38,0.37,0.36,0.37,0.37,0.37,0.38,0.37,0.37,0.37,0.38,0.38,0.37,0.37,0.37,0.37,0.37,0.38,0.37,0.37,0.37,0.38,0.38,0.38,0.37,0.37,0.38,0.37,0.37,0.37,0.37,0.37,0.38,0.39,0.38,0.38,0.38,0.38,0.38,0.38,0.38,0.37,0.38,0.38,0.38,0.38,0.38,0.38,0.38,0.39,0.38,0.38,0.38,0.38,0.38,0.39,0.39,0.38,0.38,0.39,0.39,0.39,0.38,0.38,0.38,0.39,0.39,0.39,0.38,0.39,0.39,0.39,0.39,0.38,0.38,0.38,0.39,0.39,0.39,0.38,0.39,0.4,0.39,0.39,0.39,0.39,0.39,0.39,0.39,0.39,0.38,0.39,0.39,0.39,0.39,0.38,0.38,0.38,0.38,0.39,0.38,0.38,0.39,0.39,0.39,0.39,0.38,0.38,0.39,0.39,0.39,0.38,0.38,0.38,0.38,0.39,0.39,0.39,0.38,0.38,0.39,0.39,0.38,0.38,0.39,0.39,0.39,0.39,0.4
0,0.03,0.05,0.07,0.09,0.1,0.11,0.13,0.16,0.17,0.17,0.17,0.19,0.21,0.22,0.23,0.23,0.24,0.25,0.26,0.27,0.27,0.26,0.28,0.29,0.29,0.3,0.29,0.3,0.31,0.32,0.32,0.33,0.33,0.33,0.33,0.34,0.34,0.33,0.35,0.36,0.36,0.37,0.37,0.36,0.37,0.38,0.38,0.38,0.37,0.38,0.39,0.39,0.4,0.39,0.39,0.4,0.41,0.41,0.41,0.4,0.41,0.42,0.41,0.42,0.42,0.42,0.41,0.42,0.43,0.43,0.43,0.43,0.43,0.43,0.44,0.43,0.43,0.44,0.45,0.45,0.44,0.44,0.44,0.44,0.45,0.46,0.45,0.45,0.45,0.46,0.46,0.47,0.46,0.46,0.46,0.46,0.47,0.47,0.47,0.47,0.47,0.47,0.48,0.47,0.47,0.48,0.49,0.48,0.48,0.48,0.49,0.49,0.49,0.49,0.48,0.48,0.48,0.48,0.5,0.49,0.48,0.49,0.5,0.5,0.5,0.49,0.5,0.5,0.5,0.51,0.51,0.5,0.5,0.51,0.51,0.51,0.51,0.51,0.51,0.51,0.52,0.51,0.51,0.51,0.51,0.51,0.52,0.5,0.51,0.52,0.52,0.53,0.52,0.52,0.53,0.53,0.53,0.52,0.52,0.52,0.53,0.52,0.53,0.53,0.52,0.52,0.52,0.53,0.53,0.53,0.53,0.53,0.54,0.54,0.53,0.53,0.54,0.54,0.54,0.54,0.53,0.54,0.54,0.54,0.55,0.54,0.54,0.54,0.55,0.55,0.55,0.55,0.55,0.54,0.54,0.55,0.55,0.54,0.54,0.55,0.56,0.55,0.55,0.55,0.55,0.55,0.56,0.55,0.55,0.54,0.55,0.56,0.56,0.55,0.55,0.55,0.55,0.55,0.55,0.56,0.56,0.56,0.56,0.56,0.55,0.55,0.57,0.57,0.56,0.56,0.56,0.56,0.56,0.57,0.57,0.56,0.55,0.55,0.56,0.57,0.56,0.56,0.56,0.57,0.57,0.57,0.56,0.56,0.57,0.57,0.57,0.57,0.57,0.57,0.57,0.57,0.57,0.56,0.56,0.57,0.56,0.56,0.56,0.56,0.57,0.57,0.57,0.56,0.56,0.57,0.56,0.57,0.57,0.56,0.55,0.55,0.57,0.57,0.56,0.56,0.57,0.57,0.57,0.57,0.57,0.56,0.56,0.56,0.57,0.57,0.56,0.57,0.57,0.57,0.57,0.56,0.56,0.56,0.57,0.57,0.57
0,0.03,0.06,0.09,0.11,0.14,0.15,0.18,0.19,0.22,0.24,0.25,0.25,0.28,0.3,0.31,0.32,0.33,0.33,0.34,0.36,0.37,0.36,0.38,0.39,0.4,0.41,0.42,0.42,0.43,0.43,0.44,0.45,0.44,0.45,0.46,0.47,0.48,0.48,0.48,0.49,0.49,0.49,0.51,0.5,0.5,0.51,0.52,0.53,0.53,0.53,0.53,0.54,0.55,0.55,0.54,0.55,0.56,0.56,0.57,0.56,0.56,0.57,0.58,0.58,0.59,0.58,0.58,0.58,0.59,0.6,0.6,0.6,0.6,0.6,0.62,0.62,0.61,0.6,0.62,0.62,0.63,0.62,0.61,0.62,0.63,0.64,0.64,0.63,0.63,0.64,0.65,0.65,0.65,0.64,0.65,0.66,0.66,0.66,0.66,0.66,0.66,0.66,0.68,0.68,0.66,0.67,0.68,0.68,0.68,0.67,0.68,0.69,0.69,0.7,0.7,0.68,0.69,0.7,0.7,0.71,0.7,0.7,0.71,0.71,0.71,0.71,0.71,0.72,0.72,0.73,0.73,0.71,0.72,0.73,0.73,0.73,0.73,0.72,0.72,0.73,0.74,0.74,0.74,0.73,0.74,0.74,0.74,0.75,0.74,0.74,0.75,0.76,0.75,0.75,0.74,0.75,0.75,0.76,0.76,0.75,0.76,0.76,0.76,0.76,0.76,0.75,0.76,0.77,0.77,0.76,0.76,0.77,0.77,0.77,0.78,0.77,0.77,0.78,0.78,0.79,0.78,0.78,0.78,0.79,0.79,0.79,0.78,0.78,0.78,0.79,0.8,0.79,0.78,0.79,0.79,0.8,0.79,0.78,0.79,0.8,0.8,0.81,0.8,0.79,0.79,0.8,0.8,0.8,0.8,0.79,0.8,0.81,0.82,0.81,0.81,0.8,0.81,0.82,0.82,0.8,0.8,0.81,0.81,0.81,0.81,0.81,0.81,0.82,0.83,0.83,0.82,0.82,0.82,0.82,0.83,0.83,0.82,0.82,0.83,0.83,0.83,0.83,0.82,0.83,0.83,0.84,0.83,0.83,0.83,0.83,0.84,0.84,0.82,0.83,0.84,0.84,0.84,0.83,0.83,0.83,0.83,0.83,0.84,0.83,0.83,0.84,0.84,0.84,0.84,0.83,0.83,0.84,0.83,0.84,0.84,0.83,0.83,0.84,0.84,0.83,0.83,0.84,0.84,0.84,0.84,0.83,0.83,0.84,0.83,0.84,0.84,0.83,0.83,0.84,0.84,0.84,0.84,0.84,0.84,0.85,0.85
0,0.01,0.04,0.06,0.08,0.09,0.1,0.12,0.13,0.15,0.16,0.17,0.17,0.18,0.2,0.22,0.22,0.22,0.23,0.25,0.26,0.26,0.27,0.27,0.28,0.28,0.29,0.3,0.29,0.3,0.31,0.31,0.32,0.32,0.32,0.33,0.34,0.34,0.34,0.33,0.35,0.35,0.36,0.36,0.36,0.37,0.37,0.38,0.38,0.38,0.38,0.39,0.39,0.39,0.39,0.4,0.39,0.4,0.41,0.4,0.4,0.41,0.41,0.41,0.42,0.42,0.41,0.42,0.43,0.43,0.43,0.44,0.43,0.44,0.44,0.45,0.45,0.45,0.44,0.45,0.46,0.46,0.45,0.46,0.46,0.46,0.47,0.47,0.46,0.46,0.47,0.48,0.48,0.48,0.48,0.48,0.48,0.49,0.49,0.48,0.49,0.49,0.49,0.48,0.49,0.49,0.49,0.5,0.5,0.5,0.49,0.49,0.5,0.5,0.51,0.5,0.5,0.5,0.51,0.51,0.51,0.51,0.51,0.51,0.52,0.52,0.51,0.51,0.52,0.52,0.53,0.53,0.51,0.52,0.53,0.53,0.53,0.53,0.53,0.53,0.53,0.54,0.53,0.53,0.53,0.53,0.54,0.54,0.53,0.54,0.54,0.55,0.55,0.54,0.54,0.54,0.55,0.55,0.55,0.55,0.55,0.55,0.56,0.56,0.55,0.55,0.55,0.55,0.56,0.56,0.56,0.55,0.55,0.55,0.56,0.56,0.56,0.55,0.57,0.56,0.56,0.57,0.56,0.57,0.57,0.57,0.57,0.56,0.56,0.57,0.57,0.57,0.57,0.57,0.58,0.57,0.58,0.58,0.58,0.58,0.57,0.58,0.58,0.58,0.58,0.58,0.58,0.58,0.59,0.59,0.58,0.59,0.59,0.6,0.59,0.58,0.6,0.6,0.6,0.59,0.59,0.59,0.6,0.6,0.6,0.6,0.59,0.6,0.59,0.59,0.6,0.6,0.6,0.6,0.61,0.61,0.6,0.59,0.6,0.6,0.6,0.6,0.59,0.6,0.61,0.61,0.61,0.61,0.61,0.61,0.6,0.61,0.61,0.6,0.6,0.61,0.61,0.61,0.6,0.61,0.61,0.61,0.61,0.61,0.6,0.59,0.6,0.61,0.61,0.61,0.6,0.61,0.61,0.61,0.61,0.6,0.6,0.6,0.6,0.61,0.61,0.61,0.6,0.61,0.61,0.62,0.6,0.61,0.61,0.61,0.61,0.61,0.61,0.61,0.61,0.61,0.62,0.61,0.61,0.61,0.61,0.62
0,0.01,0.04,0.07,0.11,0.14,0.15,0.17,0.21,0.24,0.27,0.29,0.3,0.31,0.33,0.35,0.37,0.37,0.39,0.41,0.42,0.43,0.45,0.45,0.47,0.48,0.48,0.5,0.51,0.51,0.53,0.54,0.55,0.56,0.56,0.56,0.57,0.59,0.6,0.59,0.59,0.61,0.62,0.63,0.63,0.63,0.64,0.65,0.65,0.66,0.66,0.66,0.66,0.68,0.69,0.7,0.69,0.7,0.71,0.72,0.72,0.72,0.72,0.73,0.74,0.74,0.75,0.74,0.74,0.76,0.76,0.77,0.77,0.76,0.77,0.78,0.79,0.79,0.78,0.78,0.79,0.79,0.81,0.8,0.8,0.81,0.82,0.82,0.82,0.81,0.82,0.83,0.83,0.84,0.84,0.83,0.85,0.85,0.85,0.85,0.84,0.85,0.86,0.87,0.87,0.87,0.87,0.88,0.88,0.88,0.89,0.88,0.88,0.89,0.89,0.9,0.9,0.89,0.9,0.9,0.91,0.91,0.9,0.9,0.91,0.91,0.92,0.92,0.91,0.92,0.92,0.93,0.94,0.93,0.93,0.93,0.94,0.95,0.94,0.94,0.95,0.94,0.95,0.96,0.94,0.95,0.95,0.96,0.96,0.96,0.96,0.97,0.97,0.97,0.98,0.97,0.96,0.97,0.98,0.99,0.97,0.97,0.98,0.99,0.99,0.99,0.98,0.98,0.99,1,1,0.99,0.99,0.99,1,1.01,1.01,0.99,1,1.01,1.01,1.01,1.01,1,1,1.01,1.02,1.02,1.01,1.01,1.02,1.02,1.03,1.03,1.02,1.02,1.03,1.03,1.03,1.02,1.03,1.04,1.04,1.04,1.04,1.03,1.04,1.04,1.05,1.05,1.04,1.05,1.05,1.05,1.05,1.05,1.04,1.05,1.05,1.06,1.06,1.05,1.05,1.06,1.06,1.06,1.06,1.06,1.06,1.06,1.08,1.08,1.06,1.07,1.08,1.08,1.08,1.08,1.08,1.07,1.07,1.09,1.09,1.07,1.07,1.08,1.08,1.08,1.08,1.08,1.08,1.08,1.09,1.09,1.08,1.08,1.09,1.09,1.09,1.09,1.09,1.09,1.09,1.1,1.1,1.08,1.08,1.09,1.1,1.09,1.09,1.09,1.09,1.09,1.1,1.1,1.09,1.08,1.09,1.09,1.09,1.09,1.09,1.1,1.09,1.1,1.11,1.1,1.09,1.1,1.1,1.1,1.09,1.09,1.1,1.1,1.1,1.11,1.09,1.09,1.1,1.11
0,0.02,0.06,0.1,0.14,0.18,0.2,0.23,0.26,0.28,0.31,0.32,0.34,0.37,0.39,0.41,0.43,0.43,0.43,0.45,0.47,0.48,0.5,0.5,0.51,0.54,0.55,0.56,0.56,0.57,0.59,0.59,0.6,0.61,0.61,0.62,0.64,0.65,0.66,0.65,0.66,0.67,0.67,0.7,0.7,0.7,0.71,0.72,0.73,0.73,0.72,0.73,0.74,0.75,0.76,0.75,0.75,0.77,0.78,0.78,0.79,0.78,0.79,0.8,0.81,0.82,0.82,0.8,0.81,0.83,0.84,0.84,0.83,0.84,0.84,0.85,0.86,0.86,0.85,0.86,0.86,0.87,0.88,0.87,0.87,0.88,0.89,0.9,0.89,0.89,0.9,0.91,0.92,0.92,0.9,0.9,0.92,0.92,0.93,0.93,0.91,0.93,0.94,0.94,0.94,0.94,0.93,0.94,0.95,0.96,0.95,0.95,0.96,0.97,0.97,0.97,0.96,0.97,0.97,0.98,0.99,0.99,0.97,0.99,0.99,0.99,1,0.99,0.99,1,1.01,1.02,1.01,1,1.01,1.02,1.02,1.02,1.01,1.01,1.02,1.03,1.04,1.03,1.02,1.03,1.04,1.04,1.04,1.03,1.04,1.04,1.04,1.05,1.05,1.04,1.05,1.06,1.06,1.06,1.06,1.06,1.06,1.06,1.08,1.07,1.06,1.07,1.08,1.08,1.08,1.07,1.07,1.08,1.08,1.09,1.08,1.07,1.08,1.1,1.1,1.09,1.08,1.09,1.1,1.1,1.12,1.1,1.09,1.1,1.11,1.11,1.12,1.1,1.1,1.11,1.12,1.13,1.12,1.11,1.12,1.12,1.13,1.14,1.12,1.12,1.13,1.14,1.14,1.14,1.13,1.13,1.13,1.14,1.14,1.14,1.14,1.14,1.14,1.15,1.15,1.14,1.15,1.15,1.15,1.16,1.15,1.15,1.16,1.16,1.16,1.16,1.15,1.15,1.16,1.17,1.17,1.16,1.16,1.16,1.17,1.18,1.17,1.16,1.17,1.17,1.17,1.18,1.17,1.17,1.18,1.18,1.18,1.18,1.17,1.18,1.18,1.19,1.18,1.17,1.17,1.18,1.18,1.19,1.18,1.17,1.18,1.18,1.19,1.19,1.18,1.18,1.18,1.19,1.19,1.18,1.18,1.18,1.18,1.19,1.19,1.18,1.18,1.19,1.19,1.2,1.19,1.18,1.19,1.19,1.19,1.19,1.18,1.18,1.19,1.19,1.2,1.2,1.19,1.19,1.2,1.2
0,0.03,0.07,0.09,0.13,0.15,0.16,0.19,0.22,0.25,0.26,0.26,0.28,0.31,0.32,0.34,0.35,0.36,0.37,0.38,0.4,0.41,0.4,0.42,0.43,0.44,0.46,0.46,0.46,0.47,0.48,0.49,0.5,0.5,0.5,0.52,0.53,0.54,0.53,0.53,0.54,0.55,0.57,0.57,0.56,0.57,0.58,0.59,0.6,0.58,0.59,0.61,0.61,0.62,0.62,0.62,0.62,0.63,0.64,0.64,0.63,0.64,0.64,0.65,0.66,0.66,0.66,0.67,0.68,0.68,0.69,0.68,0.68,0.69,0.7,0.7,0.71,0.7,0.71,0.71,0.72,0.73,0.72,0.72,0.73,0.73,0.74,0.74,0.73,0.73,0.74,0.75,0.75,0.74,0.75,0.76,0.76,0.77,0.76,0.76,0.77,0.77,0.78,0.78,0.77,0.78,0.78,0.78,0.79,0.79,0.78,0.78,0.78,0.79,0.8,0.79,0.79,0.81,0.81,0.81,0.82,0.81,0.81,0.81,0.82,0.83,0.81,0.82,0.83,0.83,0.83,0.83,0.82,0.83,0.83,0.84,0.84,0.84,0.83,0.84,0.84,0.85,0.85,0.84,0.84,0.85,0.85,0.85,0.85,0.85,0.86,0.86,0.87,0.86,0.85,0.86,0.86,0.87,0.87,0.86,0.86,0.88,0.88,0.88,0.88,0.88,0.88,0.88,0.89,0.89,0.88,0.88,0.89,0.89,0.89,0.89,0.88,0.89,0.89,0.9,0.9,0.89,0.89,0.9,0.91,0.91,0.91,0.9,0.89,0.9,0.91,0.91,0.91,0.9,0.91,0.92,0.92,0.91,0.91,0.91,0.92,0.93,0.93,0.92,0.91,0.92,0.93,0.93,0.93,0.92,0.92,0.92,0.93,0.94,0.93,0.92,0.93,0.94,0.94,0.93,0.93,0.93,0.94,0.94,0.95,0.94,0.93,0.94,0.94,0.95,0.95,0.93,0.94,0.95,0.94,0.95,0.94,0.93,0.95,0.96,0.96,0.95,0.94,0.95,0.96,0.96,0.97,0.96,0.95,0.96,0.97,0.97,0.96,0.96,0.96,0.97,0.97,0.97,0.96,0.95,0.96,0.96,0.96,0.96,0.95,0.96,0.96,0.96,0.96,0.96,0.95,0.96,0.97,0.97,0.96,0.95,0.96,0.96,0.97,0.97,0.96,0.95,0.96,0.96,0.97,0.97,0.96,0.96,0.97,0.97,0.97,0.97,0.96,0.97,0.97,0.98,0.98,0.96,0.97,0.98,0.97,0.98
0,0.01,0.04,0.07,0.11,0.15,0.16,0.19,0.23,0.25,0.28,0.3,0.31,0.33,0.36,0.38,0.39,0.4,0.41,0.43,0.45,0.48,0.48,0.48,0.5,0.51,0.53,0.54,0.54,0.54,0.56,0.57,0.58,0.59,0.59,0.6,0.61,0.63,0.64,0.63,0.63,0.64,0.66,0.67,0.68,0.68,0.69,0.69,0.71,0.72,0.71,0.71,0.73,0.74,0.75,0.75,0.74,0.75,0.76,0.77,0.78,0.78,0.77,0.77,0.79,0.8,0.8,0.8,0.8,0.81,0.82,0.84,0.82,0.82,0.83,0.83,0.85,0.85,0.84,0.85,0.86,0.86,0.88,0.87,0.86,0.87,0.88,0.89,0.89,0.88,0.89,0.9,0.9,0.91,0.91,0.91,0.91,0.91,0.92,0.92,0.91,0.92,0.93,0.94,0.94,0.94,0.93,0.94,0.95,0.96,0.96,0.95,0.95,0.96,0.97,0.97,0.96,0.97,0.97,0.97,0.98,0.99,0.98,0.97,0.99,0.99,1,0.99,0.99,1,1,1,1.01,1,1,1.01,1.02,1.02,1.01,1.01,1.02,1.02,1.03,1.03,1.02,1.02,1.03,1.04,1.04,1.03,1.03,1.04,1.04,1.04,1.05,1.04,1.04,1.05,1.05,1.06,1.05,1.05,1.06,1.06,1.06,1.07,1.06,1.06,1.07,1.08,1.08,1.06,1.07,1.08,1.07,1.08,1.09,1.08,1.07,1.09,1.09,1.1,1.09,1.08,1.09,1.1,1.1,1.1,1.09,1.09,1.1,1.11,1.11,1.11,1.1,1.11,1.11,1.11,1.12,1.11,1.11,1.11,1.12,1.13,1.12,1.11,1.13,1.13,1.13,1.14,1.13,1.13,1.14,1.15,1.15,1.13,1.14,1.14,1.14,1.15,1.15,1.13,1.14,1.15,1.15,1.16,1.15,1.14,1.15,1.15,1.16,1.16,1.15,1.15,1.16,1.16,1.16,1.16,1.15,1.16,1.16,1.17,1.17,1.16,1.17,1.17,1.17,1.18,1.17,1.17,1.18,1.18,1.18,1.19,1.18,1.18,1.18,1.19,1.19,1.17,1.17,1.18,1.18,1.18,1.18,1.16,1.17,1.17,1.18,1.19,1.18,1.17,1.18,1.18,1.19,1.18,1.17,1.17,1.17,1.18,1.19,1.18,1.18,1.19,1.19,1.19,1.2,1.18,1.18,1.19,1.19,1.18,1.18,1.18,1.19,1.19,1.19,1.19,1.18,1.19,1.19,1.2
0,0.02,0.03,0.04,0.04,0.05,0.06,0.06,0.07,0.08,0.08,0.09,0.09,0.1,0.1,0.1,0.11,0.11,0.12,0.11,0.12,0.12,0.13,0.13,0.14,0.14,0.13,0.14,0.15,0.15,0.14,0.15,0.15,0.16,0.15,0.16,0.16,0.16,0.15,0.16,0.16,0.16,0.17,0.17,0.17,0.17,0.18,0.18,0.17,0.17,0.18,0.18,0.18,0.18,0.18,0.19,0.19,0.19,0.19,0.18,0.18,0.18,0.2,0.19,0.19,0.19,0.2,0.2,0.2,0.19,0.2,0.2,0.2,0.2,0.2,0.2,0.2,0.2,0.21,0.21,0.21,0.2,0.2,0.21,0.21,0.21,0.21,0.21,0.22,0.21,0.21,0.21,0.21,0.21,0.21,0.22,0.22,0.22,0.21,0.21,0.22,0.22,0.22,0.21,0.21,0.22,0.23,0.22,0.22,0.22,0.23,0.23,0.23,0.22,0.22,0.23,0.23,0.23,0.23,0.22,0.23,0.23,0.23,0.22,0.23,0.23,0.23,0.23,0.23,0.23,0.23,0.23,0.23,0.23,0.24,0.23,0.23,0.22,0.23,0.24,0.24,0.24,0.23,0.24,0.25,0.24,0.24,0.23,0.23,0.24,0.24,0.23,0.24,0.24,0.24,0.25,0.24,0.25,0.24,0.24,0.24,0.24,0.25,0.25,0.25,0.24,0.24,0.24,0.25,0.25,0.25,0.24,0.25,0.26,0.25,0.24,0.24,0.24,0.25,0.25,0.24,0.25,0.25,0.25,0.25,0.25,0.25,0.25,0.25,0.26,0.26,0.25,0.24,0.24,0.26,0.26,0.24,0.24,0.25,0.26,0.25,0.26,0.26,0.26,0.26,0.26,0.26,0.25,0.24,0.25,0.26,0.25,0.26,0.26,0.25,0.26,0.26,0.26,0.26,0.25,0.25,0.26,0.26,0.26,0.25,0.26,0.27,0.27,0.26,0.26,0.26,0.26,0.26,0.27,0.27,0.25,0.26,0.27,0.27,0.27,0.25,0.26,0.26,0.26,0.26,0.27,0.26,0.26,0.27,0.27,0.26,0.26,0.27,0.26,0.27,0.27,0.27,0.26,0.25,0.26,0.27,0.27,0.26,0.26,0.27,0.27,0.27,0.26,0.25,0.26,0.26,0.26,0.26,0.26,0.26,0.26,0.27,0.27,0.26,0.25,0.26,0.27,0.26,0.27,0.27,0.26,0.25,0.26,0.27,0.27,0.25,0.26,0.27,0.27,0.26,0.26,0.26,0.26,0.27,0.27,0.27,0.27
0,0.01,0.02,0.04,0.05,0.06,0.08,0.09,0.1,0.11,0.11,0.12,0.13,0.14,0.14,0.14,0.14,0.15,0.16,0.16,0.17,0.17,0.17,0.17,0.19,0.19,0.19,0.19,0.2,0.2,0.2,0.2,0.2,0.21,0.21,0.21,0.22,0.23,0.23,0.23,0.24,0.24,0.24,0.24,0.24,0.24,0.24,0.25,0.25,0.24,0.25,0.25,0.26,0.26,0.26,0.25,0.26,0.26,0.27,0.27,0.26,0.26,0.27,0.28,0.28,0.27,0.28,0.28,0.28,0.28,0.28,0.27,0.28,0.29,0.29,0.28,0.29,0.29,0.29,0.29,0.29,0.29,0.29,0.3,0.29,0.3,0.3,0.3,0.3,0.29,0.3,0.32,0.31,0.31,0.31,0.31,0.31,0.3,0.31,0.31,0.31,0.31,0.32,0.32,0.33,0.33,0.32,0.33,0.33,0.32,0.32,0.33,0.34,0.34,0.33,0.33,0.34,0.34,0.34,0.33,0.33,0.34,0.34,0.33,0.34,0.34,0.33,0.33,0.34,0.34,0.34,0.34,0.34,0.34,0.35,0.35,0.34,0.34,0.34,0.35,0.35,0.35,0.35,0.35,0.35,0.36,0.35,0.34,0.35,0.35,0.36,0.36,0.36,0.35,0.35,0.36,0.36,0.36,0.35,0.35,0.36,0.36,0.36,0.36,0.36,0.36,0.36,0.36,0.36,0.37,0.37,0.37,0.37,0.37,0.37,0.36,0.36,0.37,0.37,0.37,0.37,0.36,0.37,0.38,0.38,0.37,0.37,0.37,0.37,0.37,0.38,0.37,0.38,0.38,0.38,0.38,0.38,0.37,0.37,0.37,0.38,0.39,0.38,0.38,0.37,0.38,0.38,0.37,0.37,0.38,0.38,0.38,0.38,0.38,0.38,0.38,0.39,0.39,0.39,0.38,0.38,0.38,0.38,0.38,0.38,0.37,0.39,0.39,0.38,0.39,0.38,0.38,0.39,0.39,0.39,0.39,0.38,0.38,0.38,0.39,0.39,0.38,0.39,0.4,0.39,0.39,0.39,0.39,0.38,0.39,0.4,0.4,0.39,0.4,0.4,0.4,0.4,0.39,0.38,0.39,0.39,0.4,0.39,0.4,0.4,0.39,0.39,0.4,0.39,0.39,0.39,0.39,0.39,0.4,0.39,0.39,0.39,0.39,0.39,0.38,0.39,0.39,0.4,0.4,0.4,0.39,0.39,0.4,0.4,0.4,0.39,0.39,0.4,0.4,0.4,0.39,0.38,0.39,0.4,0.4,0.4,0.4
0,0.01,0.02,0.04,0.05,0.06,0.08,0.09,0.1,0.11,0.12,0.12,0.13,0.14,0.15,0.16,0.16,0.16,0.16,0.17,0.18,0.18,0.19,0.19,0.2,0.2,0.21,0.22,0.22,0.22,0.23,0.23,0.23,0.23,0.24,0.24,0.24,0.25,0.26,0.25,0.25,0.26,0.26,0.26,0.26,0.26,0.27,0.27,0.27,0.28,0.27,0.27,0.28,0.29,0.29,0.29,0.28,0.29,0.3,0.3,0.3,0.3,0.3,0.3,0.3,0.3,0.31,0.31,0.31,0.31,0.32,0.32,0.31,0.31,0.32,0.32,0.32,0.32,0.31,0.32,0.33,0.33,0.33,0.33,0.34,0.34,0.33,0.33,0.34,0.34,0.33,0.34,0.35,0.35,0.34,0.34,0.34,0.35,0.35,0.35,0.35,0.35,0.35,0.35,0.36,0.36,0.36,0.35,0.36,0.37,0.37,0.36,0.36,0.37,0.38,0.38,0.37,0.36,0.37,0.38,0.38,0.38,0.38,0.37,0.36,0.38,0.39,0.38,0.38,0.38,0.37,0.39,0.39,0.38,0.38,0.39,0.39,0.39,0.39,0.38,0.4,0.4,0.4,0.39,0.39,0.39,0.39,0.39,0.4,0.39,0.39,0.4,0.4,0.4,0.4,0.39,0.39,0.4,0.4,0.4,0.4,0.4,0.4,0.4,0.4,0.4,0.4,0.41,0.41,0.41,0.42,0.41,0.41,0.41,0.42,0.41,0.41,0.41,0.41,0.41,0.41,0.42,0.41,0.41,0.41,0.41,0.42,0.42,0.41,0.42,0.42,0.42,0.42,0.41,0.41,0.41,0.42,0.42,0.43,0.42,0.42,0.42,0.42,0.42,0.42,0.42,0.42,0.43,0.43,0.42,0.42,0.42,0.42,0.42,0.43,0.42,0.42,0.43,0.43,0.43,0.43,0.42,0.43,0.43,0.43,0.43,0.43,0.43,0.43,0.43,0.43,0.43,0.43,0.44,0.44,0.43,0.44,0.43,0.43,0.43,0.43,0.44,0.44,0.44,0.43,0.43,0.44,0.43,0.43,0.43,0.44,0.44,0.45,0.44,0.44,0.44,0.44,0.44,0.44,0.44,0.43,0.45,0.45,0.45,0.44,0.44,0.43,0.44,0.44,0.44,0.43,0.44,0.44,0.44,0.44,0.44,0.44,0.43,0.44,0.44,0.44,0.44,0.44,0.44,0.44,0.44,0.45,0.44,0.44,0.45,0.45,0.45,0.44,0.44,0.44,0.44,0.44,0.45,0.44,0.45,0.45,0.45
0,0.04,0.14,0.24,0.35,0.45,0.52,0.61,0.72,0.81,0.89,0.96,1.01,1.09,1.16,1.23,1.29,1.33,1.38,1.43,1.48,1.54,1.58,1.61,1.66,1.71,1.76,1.81,1.82,1.84,1.89,1.94,1.99,2,2.01,2.05,2.1,2.14,2.17,2.17,2.2,2.25,2.28,2.32,2.33,2.33,2.37,2.4,2.44,2.47,2.46,2.48,2.52,2.55,2.59,2.59,2.58,2.61,2.64,2.67,2.69,2.68,2.69,2.73,2.76,2.79,2.79,2.78,2.81,2.83,2.87,2.89,2.88,2.89,2.91,2.94,2.97,2.97,2.96,2.98,3.01,3.04,3.05,3.04,3.05,3.08,3.1,3.13,3.12,3.11,3.14,3.16,3.19,3.21,3.19,3.2,3.22,3.24,3.26,3.26,3.25,3.27,3.29,3.31,3.33,3.31,3.32,3.34,3.36,3.39,3.39,3.37,3.4,3.42,3.44,3.46,3.44,3.45,3.47,3.49,3.51,3.5,3.49,3.5,3.52,3.54,3.56,3.54,3.54,3.57,3.58,3.6,3.6,3.58,3.59,3.61,3.62,3.64,3.62,3.63,3.65,3.67,3.69,3.68,3.67,3.69,3.71,3.72,3.73,3.7,3.7,3.72,3.74,3.77,3.76,3.75,3.75,3.77,3.79,3.8,3.78,3.77,3.79,3.81,3.83,3.83,3.81,3.83,3.85,3.86,3.88,3.86,3.85,3.87,3.88,3.91,3.9,3.88,3.89,3.91,3.93,3.95,3.92,3.91,3.94,3.96,3.98,3.96,3.95,3.96,3.98,3.99,4,3.98,3.99,4,4.01,4.03,4.02,4,4.02,4.03,4.04,4.05,4.03,4.02,4.05,4.07,4.09,4.07,4.06,4.08,4.09,4.1,4.1,4.08,4.08,4.11,4.12,4.13,4.13,4.11,4.12,4.13,4.15,4.16,4.14,4.14,4.16,4.17,4.19,4.17,4.15,4.18,4.19,4.2,4.2,4.17,4.17,4.2,4.21,4.24,4.22,4.2,4.21,4.23,4.25,4.26,4.23,4.22,4.23,4.25,4.27,4.27,4.25,4.25,4.26,4.27,4.28,4.26,4.26,4.27,4.27,4.28,4.27,4.24,4.26,4.28,4.29,4.29,4.26,4.26,4.28,4.29,4.31,4.29,4.26,4.27,4.28,4.3,4.31,4.28,4.28,4.3,4.31,4.32,4.3,4.28,4.3,4.32,4.33,4.33,4.29,4.29,4.31,4.32,4.34,4.32,4.3,4.31,4.33,4.34
0,0.03,0.14,0.26,0.41,0.54,0.63,0.72,0.85,0.96,1.07,1.14,1.2,1.29,1.38,1.46,1.54,1.58,1.63,1.71,1.78,1.86,1.91,1.93,1.99,2.05,2.13,2.18,2.19,2.22,2.28,2.34,2.39,2.42,2.43,2.49,2.53,2.58,2.62,2.62,2.65,2.69,2.74,2.79,2.81,2.8,2.84,2.89,2.94,2.97,2.96,2.98,3.02,3.06,3.1,3.11,3.11,3.15,3.19,3.23,3.27,3.26,3.27,3.31,3.34,3.38,3.38,3.37,3.4,3.44,3.47,3.5,3.49,3.5,3.53,3.55,3.58,3.58,3.58,3.61,3.63,3.65,3.69,3.67,3.68,3.72,3.75,3.78,3.78,3.76,3.79,3.82,3.84,3.87,3.85,3.86,3.88,3.91,3.93,3.94,3.92,3.94,3.97,4,4.03,4,4,4.04,4.05,4.08,4.08,4.07,4.09,4.12,4.15,4.17,4.14,4.14,4.17,4.2,4.23,4.22,4.19,4.21,4.24,4.27,4.28,4.26,4.26,4.29,4.31,4.32,4.32,4.31,4.33,4.35,4.37,4.39,4.37,4.38,4.41,4.43,4.45,4.43,4.41,4.43,4.46,4.48,4.5,4.48,4.47,4.5,4.51,4.54,4.53,4.51,4.52,4.55,4.58,4.6,4.58,4.58,4.61,4.63,4.65,4.64,4.61,4.62,4.64,4.66,4.68,4.65,4.65,4.68,4.69,4.72,4.71,4.68,4.7,4.73,4.74,4.76,4.73,4.73,4.75,4.77,4.79,4.78,4.76,4.78,4.79,4.81,4.83,4.81,4.81,4.84,4.86,4.88,4.87,4.84,4.86,4.88,4.9,4.92,4.89,4.88,4.91,4.93,4.96,4.95,4.92,4.93,4.95,4.96,4.98,4.96,4.95,4.97,4.98,5.01,5,4.98,5,5.02,5.04,5.06,5.02,5.01,5.03,5.04,5.07,5.07,5.04,5.06,5.08,5.09,5.11,5.08,5.07,5.09,5.11,5.13,5.13,5.11,5.13,5.15,5.15,5.16,5.14,5.13,5.16,5.18,5.2,5.19,5.17,5.17,5.18,5.2,5.21,5.17,5.17,5.18,5.18,5.19,5.18,5.15,5.17,5.19,5.21,5.22,5.19,5.17,5.19,5.2,5.21,5.2,5.18,5.2,5.21,5.22,5.23,5.19,5.19,5.2,5.22,5.24,5.23,5.21,5.22,5.23,5.25,5.25,5.22,5.21,5.23,5.25,5.27,5.26,5.24,5.25,5.26,5.27
0,0.01,0.08,0.21,0.33,0.46,0.55,0.64,0.75,0.85,0.97,1.06,1.11,1.18,1.26,1.35,1.44,1.49,1.52,1.6,1.67,1.73,1.8,1.82,1.86,1.93,1.99,2.04,2.07,2.09,2.14,2.2,2.26,2.3,2.3,2.33,2.38,2.42,2.47,2.49,2.49,2.53,2.57,2.62,2.66,2.66,2.68,2.72,2.76,2.8,2.82,2.82,2.84,2.88,2.92,2.96,2.95,2.97,3,3.04,3.08,3.1,3.09,3.12,3.15,3.19,3.22,3.21,3.22,3.25,3.28,3.31,3.32,3.29,3.32,3.35,3.39,3.42,3.4,3.41,3.45,3.47,3.5,3.49,3.48,3.5,3.53,3.57,3.6,3.57,3.57,3.6,3.64,3.67,3.66,3.65,3.67,3.7,3.72,3.75,3.72,3.73,3.76,3.78,3.8,3.8,3.78,3.8,3.82,3.85,3.88,3.86,3.86,3.89,3.9,3.93,3.93,3.91,3.94,3.96,3.98,4,3.97,3.97,4.01,4.03,4.05,4.05,4.03,4.06,4.08,4.1,4.11,4.1,4.1,4.12,4.14,4.16,4.16,4.14,4.15,4.17,4.2,4.22,4.19,4.19,4.21,4.23,4.26,4.25,4.22,4.24,4.27,4.29,4.31,4.29,4.29,4.3,4.32,4.34,4.34,4.32,4.34,4.35,4.37,4.39,4.37,4.37,4.39,4.4,4.42,4.41,4.39,4.4,4.42,4.45,4.47,4.45,4.45,4.48,4.49,4.52,4.51,4.48,4.49,4.51,4.53,4.54,4.52,4.51,4.53,4.55,4.57,4.57,4.54,4.56,4.57,4.59,4.61,4.58,4.58,4.6,4.61,4.64,4.63,4.61,4.63,4.66,4.68,4.68,4.65,4.64,4.66,4.68,4.7,4.7,4.68,4.69,4.71,4.72,4.73,4.7,4.7,4.72,4.73,4.77,4.76,4.74,4.75,4.76,4.78,4.8,4.77,4.77,4.8,4.81,4.83,4.81,4.79,4.8,4.82,4.84,4.85,4.82,4.82,4.84,4.86,4.89,4.88,4.85,4.86,4.87,4.89,4.9,4.88,4.87,4.88,4.89,4.91,4.9,4.87,4.88,4.89,4.9,4.91,4.88,4.87,4.89,4.9,4.92,4.91,4.87,4.88,4.9,4.92,4.93,4.9,4.89,4.91,4.91,4.94,4.93,4.89,4.91,4.92,4.94,4.95,4.92,4.91,4.92,4.93,4.96,4.95,4.92,4.94,4.95,4.96,4.97,4.94,4.94,4.96,4.97
0,0.06,0.18,0.3,0.43,0.55,0.63,0.72,0.85,0.96,1.07,1.12,1.18,1.27,1.36,1.45,1.52,1.55,1.61,1.68,1.75,1.82,1.85,1.89,1.96,2.02,2.08,2.13,2.15,2.18,2.24,2.3,2.36,2.37,2.38,2.43,2.47,2.52,2.56,2.55,2.6,2.64,2.69,2.74,2.74,2.76,2.8,2.82,2.87,2.9,2.9,2.93,2.97,3.01,3.05,3.05,3.06,3.1,3.14,3.18,3.2,3.18,3.21,3.24,3.27,3.3,3.29,3.3,3.33,3.36,3.38,3.41,3.39,3.41,3.45,3.48,3.51,3.51,3.5,3.54,3.56,3.59,3.61,3.6,3.61,3.64,3.67,3.7,3.69,3.69,3.71,3.73,3.77,3.78,3.76,3.78,3.81,3.83,3.86,3.85,3.84,3.87,3.89,3.91,3.93,3.91,3.93,3.95,3.98,4.01,3.99,3.98,4.02,4.04,4.06,4.07,4.05,4.06,4.09,4.11,4.13,4.11,4.11,4.14,4.15,4.17,4.19,4.17,4.18,4.21,4.24,4.25,4.23,4.22,4.24,4.26,4.29,4.3,4.27,4.28,4.31,4.33,4.36,4.34,4.34,4.36,4.37,4.38,4.39,4.37,4.39,4.41,4.42,4.44,4.42,4.41,4.44,4.47,4.5,4.5,4.47,4.48,4.5,4.51,4.53,4.52,4.5,4.52,4.54,4.56,4.58,4.56,4.56,4.58,4.6,4.62,4.6,4.59,4.61,4.64,4.67,4.67,4.64,4.65,4.68,4.7,4.71,4.68,4.67,4.69,4.71,4.74,4.75,4.72,4.71,4.73,4.75,4.77,4.75,4.75,4.77,4.8,4.81,4.81,4.78,4.78,4.8,4.83,4.85,4.83,4.81,4.84,4.86,4.88,4.88,4.85,4.84,4.87,4.89,4.91,4.9,4.88,4.89,4.91,4.93,4.94,4.92,4.92,4.94,4.95,4.98,4.96,4.94,4.96,4.97,4.99,5,4.97,4.98,5,5.01,5.03,5.01,5,5.02,5.03,5.04,5.05,5.03,5.04,5.05,5.06,5.08,5.06,5.06,5.07,5.07,5.08,5.08,5.04,5.05,5.07,5.08,5.1,5.07,5.05,5.06,5.07,5.09,5.09,5.06,5.07,5.08,5.09,5.1,5.09,5.07,5.09,5.1,5.12,5.12,5.08,5.09,5.11,5.12,5.13,5.1,5.09,5.1,5.12,5.14,5.14,5.11,5.12,5.13,5.13,5.15,5.14,5.12,5.14,5.14,5.15
0,0.02,0.11,0.23,0.36,0.48,0.57,0.67,0.79,0.88,0.99,1.06,1.13,1.2,1.28,1.37,1.45,1.49,1.53,1.61,1.68,1.75,1.79,1.82,1.87,1.93,1.99,2.05,2.06,2.09,2.15,2.2,2.26,2.29,2.29,2.33,2.38,2.42,2.47,2.48,2.49,2.54,2.58,2.63,2.65,2.65,2.69,2.73,2.77,2.81,2.8,2.81,2.86,2.89,2.92,2.94,2.93,2.97,3.01,3.05,3.09,3.08,3.09,3.13,3.16,3.19,3.2,3.19,3.22,3.25,3.27,3.3,3.29,3.3,3.33,3.35,3.38,3.38,3.37,3.39,3.43,3.45,3.48,3.46,3.46,3.5,3.53,3.56,3.56,3.54,3.56,3.6,3.63,3.65,3.63,3.63,3.66,3.68,3.71,3.72,3.71,3.72,3.74,3.77,3.79,3.78,3.78,3.8,3.82,3.85,3.86,3.83,3.85,3.87,3.9,3.93,3.91,3.9,3.93,3.95,3.99,4,3.97,3.98,4,4.02,4.05,4.03,4.02,4.05,4.07,4.1,4.1,4.08,4.09,4.1,4.12,4.15,4.13,4.12,4.15,4.17,4.19,4.19,4.17,4.19,4.21,4.23,4.24,4.22,4.22,4.24,4.26,4.29,4.3,4.26,4.27,4.29,4.31,4.34,4.32,4.31,4.34,4.35,4.37,4.36,4.34,4.35,4.38,4.4,4.42,4.4,4.39,4.41,4.42,4.45,4.45,4.42,4.43,4.45,4.48,4.51,4.49,4.47,4.5,4.51,4.52,4.52,4.5,4.51,4.53,4.55,4.57,4.54,4.53,4.56,4.57,4.58,4.58,4.56,4.58,4.6,4.62,4.63,4.61,4.6,4.62,4.63,4.66,4.66,4.64,4.66,4.67,4.68,4.7,4.67,4.66,4.7,4.71,4.73,4.73,4.71,4.71,4.72,4.73,4.75,4.73,4.73,4.75,4.77,4.79,4.79,4.75,4.76,4.78,4.8,4.82,4.8,4.79,4.79,4.81,4.83,4.84,4.82,4.82,4.84,4.84,4.86,4.84,4.83,4.86,4.87,4.88,4.88,4.85,4.86,4.89,4.9,4.92,4.88,4.86,4.87,4.88,4.9,4.9,4.87,4.86,4.88,4.89,4.91,4.89,4.87,4.89,4.89,4.91,4.91,4.89,4.89,4.9,4.91,4.93,4.9,4.89,4.91,4.93,4.94,4.93,4.89,4.91,4.93,4.94,4.96,4.92,4.91,4.93,4.95,4.97,4.97,4.93,4.94,4.95,4.97
0,0.04,0.14,0.26,0.39,0.51,0.57,0.67,0.78,0.89,0.99,1.05,1.11,1.2,1.28,1.37,1.43,1.46,1.51,1.59,1.66,1.72,1.75,1.78,1.84,1.9,1.96,2.01,2.02,2.05,2.11,2.16,2.22,2.25,2.26,2.3,2.34,2.39,2.41,2.41,2.44,2.49,2.52,2.57,2.59,2.59,2.63,2.67,2.71,2.73,2.73,2.75,2.79,2.82,2.86,2.86,2.86,2.9,2.93,2.97,3,2.99,3.01,3.05,3.08,3.11,3.12,3.12,3.14,3.17,3.21,3.23,3.21,3.23,3.26,3.28,3.31,3.31,3.31,3.33,3.36,3.39,3.4,3.38,3.38,3.42,3.45,3.48,3.48,3.46,3.49,3.51,3.54,3.56,3.54,3.55,3.58,3.6,3.63,3.64,3.62,3.63,3.66,3.69,3.7,3.68,3.69,3.72,3.73,3.75,3.74,3.74,3.77,3.79,3.81,3.83,3.81,3.82,3.84,3.85,3.88,3.87,3.86,3.88,3.9,3.93,3.95,3.93,3.92,3.95,3.97,4.01,4,3.98,4,4.01,4.04,4.06,4.04,4.04,4.06,4.06,4.08,4.07,4.06,4.08,4.09,4.12,4.14,4.11,4.12,4.14,4.16,4.18,4.17,4.16,4.17,4.19,4.2,4.22,4.2,4.2,4.23,4.24,4.25,4.23,4.22,4.25,4.27,4.29,4.3,4.27,4.27,4.29,4.3,4.32,4.32,4.31,4.33,4.35,4.36,4.37,4.35,4.36,4.38,4.39,4.41,4.39,4.37,4.39,4.41,4.44,4.45,4.43,4.43,4.44,4.46,4.48,4.46,4.44,4.46,4.47,4.49,4.5,4.48,4.48,4.5,4.52,4.53,4.52,4.5,4.52,4.53,4.56,4.57,4.54,4.54,4.55,4.57,4.59,4.58,4.57,4.59,4.61,4.63,4.63,4.6,4.6,4.62,4.63,4.66,4.65,4.63,4.65,4.66,4.68,4.69,4.66,4.65,4.67,4.68,4.69,4.68,4.66,4.68,4.69,4.71,4.72,4.7,4.7,4.72,4.74,4.76,4.75,4.72,4.73,4.74,4.75,4.76,4.73,4.73,4.75,4.75,4.77,4.74,4.72,4.74,4.75,4.76,4.77,4.74,4.74,4.76,4.77,4.78,4.75,4.74,4.76,4.77,4.78,4.78,4.75,4.75,4.78,4.79,4.81,4.78,4.76,4.77,4.78,4.8,4.81,4.78,4.78,4.8,4.82,4.84,4.82,4.79,4.8,4.8,4.84
0,0.05,0.16,0.25,0.36,0.46,0.53,0.62,0.71,0.8,0.89,0.94,0.99,1.06,1.13,1.21,1.26,1.29,1.34,1.41,1.46,1.53,1.56,1.58,1.63,1.68,1.73,1.77,1.78,1.82,1.86,1.9,1.95,1.97,1.98,2.02,2.06,2.1,2.13,2.13,2.16,2.19,2.23,2.27,2.27,2.28,2.32,2.35,2.39,2.41,2.4,2.42,2.46,2.49,2.52,2.52,2.53,2.57,2.59,2.62,2.63,2.63,2.65,2.67,2.7,2.73,2.73,2.74,2.77,2.8,2.82,2.84,2.83,2.85,2.87,2.89,2.92,2.92,2.91,2.94,2.97,3,3.01,2.99,3.01,3.04,3.06,3.08,3.07,3.07,3.1,3.11,3.13,3.15,3.13,3.15,3.17,3.19,3.21,3.21,3.2,3.23,3.25,3.27,3.29,3.27,3.28,3.31,3.33,3.35,3.34,3.33,3.35,3.37,3.39,3.4,3.38,3.39,3.42,3.44,3.45,3.44,3.44,3.46,3.48,3.5,3.5,3.49,3.5,3.52,3.53,3.55,3.54,3.53,3.55,3.57,3.59,3.59,3.57,3.58,3.61,3.62,3.64,3.63,3.62,3.64,3.65,3.68,3.68,3.67,3.68,3.69,3.71,3.73,3.71,3.71,3.73,3.74,3.76,3.77,3.75,3.75,3.77,3.79,3.81,3.8,3.79,3.8,3.82,3.84,3.84,3.82,3.83,3.84,3.86,3.88,3.87,3.86,3.88,3.89,3.9,3.91,3.89,3.9,3.92,3.94,3.95,3.94,3.93,3.95,3.96,3.97,3.98,3.96,3.97,3.99,4.01,4.02,4.01,3.99,4.01,4.02,4.04,4.04,4.01,4.02,4.05,4.06,4.07,4.05,4.04,4.06,4.07,4.09,4.1,4.08,4.09,4.11,4.13,4.15,4.13,4.12,4.14,4.15,4.17,4.18,4.15,4.15,4.17,4.19,4.2,4.18,4.16,4.17,4.19,4.21,4.21,4.18,4.19,4.21,4.22,4.23,4.22,4.21,4.23,4.24,4.26,4.27,4.24,4.25,4.26,4.28,4.29,4.27,4.26,4.27,4.28,4.3,4.3,4.28,4.28,4.29,4.3,4.31,4.29,4.28,4.3,4.3,4.31,4.3,4.27,4.28,4.3,4.31,4.33,4.31,4.3,4.31,4.32,4.33,4.33,4.31,4.31,4.33,4.33,4.34,4.32,4.31,4.33,4.33,4.35,4.35,4.31,4.32,4.34,4.35,4.37,4.36,4.34,4.36,4.36,4.37
0,0.05,0.15,0.27,0.4,0.54,0.61,0.7,0.82,0.93,1.04,1.12,1.18,1.26,1.35,1.44,1.51,1.55,1.6,1.68,1.73,1.81,1.86,1.88,1.93,2,2.06,2.12,2.13,2.16,2.22,2.28,2.34,2.36,2.36,2.42,2.47,2.51,2.55,2.55,2.58,2.64,2.68,2.72,2.74,2.74,2.78,2.82,2.87,2.9,2.89,2.91,2.95,2.99,3.03,3.04,3.04,3.07,3.1,3.14,3.18,3.15,3.16,3.19,3.23,3.27,3.28,3.28,3.3,3.34,3.38,3.41,3.4,3.4,3.43,3.46,3.5,3.5,3.49,3.52,3.55,3.58,3.61,3.59,3.6,3.64,3.66,3.7,3.69,3.67,3.7,3.74,3.76,3.78,3.76,3.77,3.81,3.83,3.86,3.86,3.85,3.88,3.9,3.92,3.94,3.93,3.93,3.96,3.97,4,4,3.99,4.01,4.03,4.06,4.08,4.06,4.06,4.08,4.11,4.15,4.13,4.11,4.13,4.17,4.19,4.21,4.18,4.19,4.21,4.24,4.27,4.25,4.24,4.26,4.28,4.3,4.32,4.29,4.3,4.33,4.35,4.37,4.36,4.34,4.36,4.38,4.41,4.42,4.39,4.4,4.42,4.44,4.46,4.46,4.44,4.46,4.48,4.5,4.52,4.5,4.5,4.52,4.54,4.56,4.55,4.53,4.55,4.56,4.59,4.61,4.58,4.58,4.61,4.62,4.64,4.64,4.61,4.64,4.65,4.67,4.69,4.67,4.67,4.69,4.7,4.73,4.72,4.7,4.71,4.73,4.75,4.77,4.74,4.74,4.76,4.78,4.81,4.79,4.76,4.78,4.8,4.83,4.84,4.81,4.8,4.83,4.84,4.87,4.86,4.84,4.86,4.88,4.89,4.9,4.87,4.88,4.9,4.92,4.94,4.93,4.9,4.92,4.94,4.95,4.96,4.93,4.94,4.96,4.98,5,4.99,4.96,4.98,5,5.02,5.04,5.01,4.99,5.02,5.03,5.06,5.05,5.02,5.03,5.05,5.06,5.08,5.05,5.04,5.07,5.09,5.11,5.1,5.07,5.08,5.09,5.11,5.12,5.09,5.09,5.1,5.11,5.13,5.11,5.08,5.09,5.1,5.12,5.13,5.1,5.1,5.12,5.12,5.14,5.13,5.11,5.12,5.13,5.15,5.16,5.12,5.12,5.15,5.15,5.17,5.17,5.14,5.15,5.16,5.17,5.19,5.16,5.16,5.17,5.18,5.2,5.19,5.16,5.18,5.2,5.2
0,0.05,0.16,0.28,0.41,0.52,0.59,0.7,0.81,0.91,1.01,1.08,1.14,1.23,1.31,1.39,1.45,1.48,1.55,1.63,1.69,1.75,1.79,1.83,1.89,1.94,2,2.05,2.06,2.1,2.16,2.22,2.26,2.27,2.29,2.35,2.4,2.44,2.48,2.48,2.51,2.56,2.6,2.65,2.66,2.66,2.7,2.74,2.78,2.81,2.81,2.83,2.87,2.9,2.94,2.95,2.94,2.98,3.02,3.06,3.09,3.07,3.09,3.13,3.16,3.2,3.2,3.19,3.22,3.25,3.28,3.31,3.3,3.31,3.35,3.38,3.41,3.4,3.39,3.43,3.46,3.49,3.5,3.49,3.5,3.54,3.56,3.59,3.58,3.58,3.62,3.64,3.66,3.67,3.65,3.67,3.7,3.72,3.75,3.74,3.73,3.76,3.78,3.81,3.82,3.8,3.82,3.84,3.86,3.89,3.89,3.87,3.9,3.92,3.95,3.96,3.94,3.95,3.98,3.99,4.03,4.02,4,4.03,4.05,4.07,4.09,4.06,4.07,4.1,4.11,4.14,4.13,4.11,4.14,4.15,4.18,4.19,4.17,4.18,4.2,4.22,4.24,4.23,4.21,4.24,4.26,4.28,4.29,4.27,4.28,4.3,4.32,4.35,4.33,4.32,4.34,4.36,4.38,4.39,4.36,4.37,4.4,4.42,4.43,4.42,4.41,4.43,4.45,4.46,4.47,4.45,4.45,4.48,4.49,4.51,4.5,4.48,4.5,4.51,4.53,4.54,4.52,4.53,4.55,4.57,4.58,4.56,4.55,4.57,4.59,4.62,4.63,4.6,4.59,4.61,4.63,4.66,4.65,4.63,4.65,4.66,4.68,4.69,4.66,4.66,4.68,4.7,4.73,4.71,4.69,4.71,4.72,4.75,4.76,4.73,4.73,4.74,4.76,4.78,4.77,4.76,4.78,4.79,4.8,4.82,4.79,4.8,4.82,4.83,4.85,4.83,4.81,4.84,4.86,4.86,4.87,4.84,4.85,4.88,4.89,4.91,4.89,4.88,4.89,4.9,4.92,4.92,4.9,4.91,4.93,4.94,4.95,4.94,4.93,4.95,4.95,4.96,4.97,4.94,4.94,4.95,4.96,4.98,4.95,4.93,4.95,4.96,4.97,4.98,4.95,4.95,4.96,4.97,4.98,4.97,4.95,4.97,4.97,4.99,5,4.97,4.97,4.99,5,5.02,5,4.97,4.99,5,5.02,5.03,5,5,5.02,5.03,5.04,5.03,5.01,5.04,5.05,5.05
0,0.06,0.2,0.34,0.49,0.61,0.7,0.83,0.95,1.07,1.19,1.25,1.31,1.42,1.52,1.61,1.68,1.72,1.79,1.87,1.94,2.02,2.06,2.1,2.17,2.24,2.3,2.35,2.37,2.42,2.48,2.53,2.59,2.61,2.63,2.69,2.74,2.79,2.83,2.83,2.86,2.91,2.96,3.01,3.02,3.04,3.09,3.14,3.18,3.22,3.21,3.24,3.29,3.33,3.37,3.37,3.37,3.41,3.45,3.49,3.51,3.5,3.53,3.56,3.6,3.64,3.64,3.64,3.68,3.71,3.75,3.77,3.75,3.79,3.82,3.85,3.89,3.88,3.87,3.92,3.93,3.97,3.99,3.97,3.99,4.03,4.06,4.09,4.08,4.08,4.12,4.15,4.18,4.19,4.17,4.18,4.21,4.25,4.28,4.27,4.25,4.29,4.31,4.34,4.35,4.33,4.35,4.38,4.41,4.44,4.42,4.4,4.44,4.46,4.5,4.51,4.49,4.5,4.53,4.54,4.57,4.55,4.55,4.58,4.6,4.63,4.64,4.62,4.63,4.65,4.68,4.71,4.69,4.68,4.71,4.74,4.76,4.77,4.74,4.76,4.78,4.8,4.83,4.82,4.81,4.83,4.85,4.88,4.89,4.87,4.87,4.89,4.91,4.95,4.93,4.92,4.95,4.96,4.98,4.99,4.97,4.98,5,5.02,5.05,5.03,5.02,5.05,5.05,5.08,5.1,5.07,5.07,5.1,5.13,5.15,5.13,5.11,5.13,5.16,5.18,5.18,5.16,5.17,5.19,5.21,5.24,5.21,5.19,5.22,5.24,5.26,5.27,5.24,5.25,5.27,5.28,5.31,5.29,5.28,5.3,5.31,5.34,5.34,5.31,5.32,5.35,5.37,5.38,5.36,5.35,5.37,5.39,5.41,5.42,5.38,5.39,5.42,5.44,5.45,5.42,5.41,5.44,5.45,5.48,5.49,5.46,5.47,5.48,5.5,5.53,5.5,5.48,5.5,5.52,5.55,5.55,5.51,5.52,5.54,5.56,5.59,5.57,5.54,5.57,5.59,5.61,5.61,5.58,5.59,5.61,5.63,5.66,5.63,5.6,5.63,5.64,5.66,5.65,5.61,5.62,5.64,5.65,5.66,5.63,5.62,5.64,5.64,5.66,5.66,5.63,5.63,5.66,5.68,5.69,5.65,5.64,5.66,5.67,5.69,5.69,5.65,5.66,5.68,5.69,5.71,5.68,5.66,5.69,5.7,5.71,5.71,5.67,5.69,5.7,5.71,5.73,5.71,5.7,5.71,5.72,5.73
0,0.06,0.18,0.29,0.42,0.53,0.6,0.7,0.81,0.91,1.01,1.06,1.12,1.21,1.29,1.36,1.42,1.45,1.52,1.59,1.65,1.71,1.74,1.78,1.84,1.89,1.95,1.98,1.99,2.05,2.1,2.16,2.2,2.2,2.22,2.27,2.31,2.36,2.38,2.39,2.42,2.46,2.51,2.54,2.55,2.57,2.6,2.64,2.69,2.7,2.7,2.73,2.76,2.79,2.82,2.82,2.84,2.87,2.9,2.94,2.95,2.95,2.99,3.02,3.05,3.07,3.06,3.07,3.1,3.13,3.16,3.17,3.16,3.17,3.2,3.24,3.27,3.26,3.26,3.28,3.3,3.34,3.34,3.32,3.35,3.38,3.41,3.43,3.42,3.42,3.45,3.47,3.51,3.51,3.5,3.53,3.54,3.57,3.59,3.57,3.57,3.59,3.61,3.64,3.65,3.62,3.64,3.66,3.69,3.72,3.69,3.69,3.72,3.74,3.77,3.77,3.75,3.77,3.79,3.81,3.83,3.81,3.81,3.84,3.86,3.89,3.89,3.87,3.88,3.9,3.93,3.95,3.92,3.92,3.94,3.96,3.99,3.98,3.96,3.98,4,4.02,4.04,4.01,4.01,4.03,4.05,4.08,4.08,4.05,4.07,4.09,4.11,4.13,4.1,4.1,4.12,4.13,4.15,4.15,4.14,4.16,4.17,4.18,4.2,4.17,4.17,4.2,4.21,4.24,4.24,4.21,4.22,4.24,4.26,4.28,4.25,4.24,4.26,4.27,4.3,4.3,4.28,4.29,4.3,4.32,4.34,4.32,4.32,4.34,4.35,4.37,4.36,4.34,4.37,4.39,4.4,4.41,4.38,4.38,4.41,4.42,4.44,4.43,4.41,4.42,4.44,4.47,4.49,4.46,4.45,4.46,4.48,4.51,4.49,4.47,4.48,4.5,4.52,4.54,4.51,4.51,4.52,4.54,4.57,4.56,4.53,4.54,4.55,4.58,4.59,4.57,4.56,4.58,4.59,4.61,4.6,4.58,4.6,4.61,4.63,4.65,4.61,4.61,4.63,4.64,4.66,4.65,4.63,4.64,4.65,4.67,4.69,4.66,4.65,4.67,4.68,4.7,4.69,4.65,4.66,4.68,4.69,4.7,4.67,4.66,4.68,4.69,4.71,4.69,4.66,4.67,4.69,4.7,4.71,4.68,4.67,4.69,4.7,4.72,4.71,4.68,4.69,4.7,4.72,4.74,4.71,4.69,4.71,4.72,4.74,4.72,4.7,4.71,4.73,4.74,4.75,4.72,4.71,4.73,4.75,4.75
0,0.06,0.18,0.28,0.42,0.52,0.58,0.69,0.81,0.9,1,1.04,1.1,1.19,1.28,1.36,1.41,1.44,1.51,1.57,1.63,1.71,1.74,1.77,1.83,1.88,1.95,1.99,2,2.04,2.1,2.14,2.19,2.2,2.22,2.27,2.31,2.36,2.39,2.39,2.42,2.46,2.51,2.55,2.55,2.56,2.61,2.64,2.68,2.7,2.7,2.72,2.77,2.8,2.84,2.84,2.85,2.89,2.92,2.95,2.98,2.96,2.98,3.02,3.04,3.08,3.07,3.08,3.1,3.13,3.16,3.18,3.17,3.19,3.22,3.25,3.28,3.27,3.27,3.3,3.33,3.35,3.37,3.35,3.36,3.39,3.43,3.46,3.44,3.44,3.47,3.5,3.52,3.53,3.52,3.53,3.56,3.58,3.61,3.6,3.6,3.62,3.64,3.66,3.67,3.65,3.66,3.69,3.72,3.74,3.73,3.72,3.75,3.77,3.8,3.81,3.78,3.8,3.82,3.84,3.86,3.84,3.84,3.87,3.88,3.91,3.92,3.9,3.9,3.93,3.95,3.98,3.97,3.95,3.97,3.99,4.01,4.02,4,4.01,4.03,4.05,4.07,4.05,4.04,4.07,4.09,4.11,4.12,4.1,4.1,4.12,4.14,4.17,4.16,4.14,4.15,4.17,4.19,4.19,4.18,4.19,4.21,4.23,4.24,4.22,4.22,4.25,4.25,4.27,4.27,4.26,4.27,4.29,4.3,4.32,4.3,4.29,4.33,4.34,4.36,4.36,4.33,4.34,4.36,4.37,4.4,4.37,4.37,4.4,4.41,4.43,4.43,4.41,4.42,4.44,4.46,4.47,4.45,4.44,4.46,4.48,4.51,4.51,4.48,4.49,4.5,4.52,4.54,4.52,4.5,4.53,4.54,4.56,4.56,4.53,4.54,4.57,4.58,4.6,4.58,4.56,4.58,4.59,4.61,4.62,4.6,4.6,4.62,4.63,4.65,4.64,4.62,4.64,4.65,4.68,4.68,4.64,4.64,4.67,4.69,4.7,4.68,4.67,4.7,4.71,4.72,4.72,4.7,4.71,4.73,4.74,4.75,4.74,4.73,4.74,4.74,4.76,4.76,4.73,4.73,4.74,4.75,4.77,4.74,4.72,4.74,4.75,4.77,4.77,4.74,4.73,4.75,4.77,4.79,4.77,4.75,4.76,4.76,4.79,4.79,4.76,4.76,4.77,4.79,4.81,4.78,4.77,4.79,4.8,4.82,4.82,4.78,4.79,4.8,4.82,4.84,4.81,4.79,4.82,4.83,4.84
0,0.07,0.18,0.3,0.42,0.52,0.59,0.69,0.79,0.89,0.97,1.02,1.08,1.16,1.23,1.31,1.36,1.39,1.45,1.52,1.58,1.64,1.66,1.7,1.76,1.81,1.86,1.9,1.91,1.95,2,2.05,2.1,2.1,2.13,2.18,2.22,2.26,2.28,2.28,2.32,2.36,2.4,2.43,2.43,2.45,2.48,2.52,2.57,2.57,2.57,2.6,2.64,2.68,2.7,2.69,2.71,2.75,2.78,2.82,2.82,2.81,2.84,2.87,2.91,2.93,2.91,2.93,2.97,3,3.04,3.03,3.01,3.04,3.07,3.1,3.12,3.11,3.12,3.15,3.17,3.21,3.2,3.19,3.22,3.24,3.27,3.29,3.27,3.28,3.31,3.33,3.35,3.35,3.34,3.37,3.38,3.41,3.42,3.41,3.41,3.44,3.47,3.5,3.49,3.48,3.5,3.52,3.54,3.56,3.54,3.55,3.57,3.59,3.62,3.62,3.6,3.62,3.64,3.66,3.68,3.65,3.66,3.68,3.69,3.72,3.72,3.71,3.73,3.74,3.77,3.78,3.76,3.77,3.79,3.8,3.82,3.82,3.8,3.82,3.84,3.86,3.87,3.85,3.85,3.87,3.9,3.92,3.91,3.89,3.91,3.94,3.95,3.96,3.93,3.94,3.96,3.98,4,3.99,3.98,4,4.01,4.03,4.04,4.02,4.02,4.04,4.05,4.07,4.07,4.05,4.07,4.08,4.09,4.11,4.09,4.09,4.12,4.13,4.14,4.12,4.11,4.13,4.15,4.17,4.18,4.15,4.15,4.17,4.19,4.21,4.2,4.19,4.21,4.22,4.22,4.24,4.22,4.22,4.25,4.26,4.28,4.27,4.24,4.25,4.27,4.29,4.3,4.27,4.27,4.29,4.3,4.33,4.32,4.29,4.3,4.32,4.34,4.36,4.33,4.32,4.35,4.37,4.39,4.38,4.36,4.37,4.39,4.41,4.41,4.38,4.38,4.41,4.43,4.44,4.42,4.4,4.43,4.43,4.44,4.46,4.43,4.44,4.46,4.47,4.48,4.47,4.46,4.48,4.49,4.51,4.52,4.48,4.49,4.5,4.51,4.53,4.52,4.48,4.49,4.49,4.51,4.52,4.48,4.48,4.5,4.51,4.53,4.52,4.5,4.51,4.52,4.53,4.54,4.5,4.51,4.52,4.53,4.54,4.54,4.52,4.53,4.54,4.55,4.55,4.52,4.52,4.54,4.55,4.58,4.56,4.53,4.55,4.55,4.57,4.58,4.55,4.56,4.57,4.58,4.58
0,0.09,0.21,0.33,0.48,0.58,0.68,0.79,0.9,1.02,1.11,1.17,1.25,1.34,1.43,1.53,1.57,1.61,1.68,1.75,1.82,1.88,1.9,1.94,2.01,2.06,2.13,2.16,2.18,2.24,2.29,2.34,2.39,2.4,2.43,2.49,2.53,2.58,2.6,2.61,2.66,2.7,2.74,2.77,2.76,2.78,2.84,2.89,2.93,2.94,2.93,2.96,3,3.05,3.08,3.07,3.09,3.13,3.16,3.2,3.21,3.2,3.24,3.27,3.3,3.33,3.31,3.32,3.36,3.39,3.42,3.43,3.42,3.45,3.48,3.51,3.53,3.51,3.53,3.56,3.59,3.62,3.62,3.61,3.63,3.66,3.69,3.71,3.7,3.7,3.73,3.76,3.79,3.79,3.78,3.81,3.83,3.86,3.88,3.85,3.86,3.89,3.91,3.95,3.94,3.93,3.95,3.98,4,4.01,4,4.01,4.04,4.06,4.08,4.09,4.07,4.09,4.1,4.13,4.15,4.12,4.12,4.15,4.18,4.2,4.19,4.17,4.2,4.22,4.25,4.27,4.25,4.25,4.27,4.3,4.32,4.31,4.29,4.32,4.34,4.35,4.37,4.36,4.36,4.37,4.4,4.42,4.4,4.39,4.41,4.43,4.45,4.46,4.44,4.44,4.47,4.48,4.5,4.49,4.48,4.5,4.51,4.54,4.55,4.53,4.52,4.55,4.57,4.58,4.57,4.56,4.58,4.59,4.61,4.63,4.6,4.6,4.62,4.64,4.66,4.64,4.63,4.65,4.67,4.69,4.71,4.67,4.67,4.7,4.72,4.74,4.73,4.7,4.72,4.73,4.76,4.78,4.74,4.74,4.78,4.79,4.81,4.79,4.76,4.79,4.81,4.82,4.83,4.81,4.81,4.84,4.85,4.87,4.86,4.84,4.86,4.86,4.89,4.9,4.87,4.88,4.9,4.91,4.93,4.92,4.89,4.91,4.93,4.94,4.95,4.93,4.93,4.94,4.97,4.99,4.97,4.95,4.97,4.98,5,5.01,4.98,4.98,5,5.02,5.04,5.02,5,5.02,5.03,5.05,5.07,5.04,5.03,5.05,5.06,5.08,5.05,5.03,5.04,5.05,5.07,5.07,5.03,5.03,5.04,5.06,5.08,5.06,5.04,5.05,5.06,5.08,5.09,5.06,5.05,5.07,5.08,5.1,5.08,5.06,5.07,5.09,5.1,5.1,5.07,5.07,5.09,5.1,5.12,5.11,5.08,5.09,5.11,5.13,5.13,5.1,5.1,5.12,5.13,5.13
0,0.04,0.16,0.3,0.43,0.57,0.67,0.78,0.9,1.03,1.15,1.23,1.29,1.39,1.48,1.58,1.66,1.7,1.76,1.84,1.92,2,2.04,2.07,2.13,2.2,2.26,2.32,2.34,2.38,2.45,2.5,2.56,2.6,2.61,2.66,2.72,2.76,2.8,2.81,2.84,2.89,2.93,2.98,3.01,3.02,3.06,3.1,3.15,3.19,3.18,3.2,3.24,3.28,3.33,3.34,3.34,3.37,3.41,3.44,3.48,3.47,3.49,3.52,3.56,3.6,3.6,3.6,3.63,3.66,3.7,3.72,3.71,3.72,3.76,3.79,3.83,3.84,3.83,3.85,3.89,3.92,3.95,3.93,3.94,3.97,4,4.03,4.04,4.03,4.05,4.08,4.11,4.13,4.12,4.12,4.15,4.18,4.22,4.21,4.19,4.22,4.25,4.28,4.31,4.28,4.28,4.32,4.35,4.37,4.37,4.35,4.37,4.4,4.43,4.45,4.43,4.43,4.46,4.49,4.51,4.51,4.5,4.51,4.54,4.56,4.58,4.56,4.56,4.59,4.61,4.63,4.63,4.61,4.63,4.65,4.69,4.7,4.67,4.67,4.7,4.72,4.75,4.75,4.72,4.75,4.77,4.79,4.81,4.79,4.79,4.81,4.83,4.86,4.85,4.83,4.84,4.87,4.89,4.91,4.88,4.88,4.91,4.93,4.95,4.94,4.92,4.94,4.96,4.99,5,4.97,4.97,4.99,5.02,5.04,5.03,5.01,5.03,5.05,5.07,5.09,5.06,5.05,5.08,5.09,5.12,5.12,5.09,5.11,5.13,5.15,5.17,5.14,5.15,5.17,5.19,5.21,5.21,5.18,5.2,5.22,5.24,5.25,5.23,5.23,5.25,5.26,5.29,5.28,5.26,5.27,5.29,5.31,5.32,5.29,5.28,5.31,5.32,5.35,5.34,5.31,5.33,5.35,5.37,5.39,5.35,5.35,5.37,5.39,5.41,5.4,5.38,5.39,5.41,5.43,5.44,5.42,5.41,5.44,5.45,5.47,5.46,5.44,5.45,5.47,5.49,5.5,5.47,5.47,5.49,5.5,5.53,5.52,5.49,5.5,5.52,5.53,5.54,5.5,5.5,5.52,5.53,5.55,5.53,5.5,5.51,5.52,5.54,5.54,5.51,5.5,5.52,5.53,5.55,5.54,5.51,5.53,5.54,5.55,5.56,5.53,5.52,5.54,5.55,5.57,5.56,5.54,5.55,5.57,5.58,5.6,5.57,5.56,5.58,5.59,5.61,5.59,5.57,5.59,5.59,5.61
0,0.06,0.17,0.3,0.42,0.54,0.61,0.72,0.84,0.94,1.05,1.11,1.17,1.27,1.35,1.44,1.5,1.53,1.6,1.66,1.72,1.8,1.83,1.86,1.92,1.99,2.05,2.08,2.1,2.14,2.19,2.24,2.3,2.31,2.34,2.39,2.44,2.49,2.52,2.51,2.55,2.6,2.63,2.68,2.68,2.69,2.74,2.78,2.82,2.84,2.84,2.87,2.91,2.95,2.98,2.98,2.98,3.01,3.05,3.09,3.11,3.09,3.12,3.15,3.18,3.23,3.22,3.22,3.26,3.28,3.32,3.34,3.32,3.34,3.37,3.4,3.42,3.42,3.42,3.45,3.47,3.5,3.51,3.5,3.52,3.55,3.58,3.61,3.59,3.59,3.62,3.64,3.67,3.68,3.66,3.68,3.7,3.74,3.76,3.75,3.75,3.77,3.8,3.82,3.83,3.81,3.83,3.85,3.88,3.9,3.89,3.88,3.92,3.94,3.96,3.96,3.95,3.96,3.98,4.01,4.03,4.01,4.01,4.04,4.06,4.08,4.09,4.07,4.07,4.1,4.12,4.14,4.13,4.12,4.14,4.16,4.19,4.2,4.17,4.18,4.21,4.23,4.25,4.23,4.23,4.25,4.27,4.29,4.29,4.27,4.28,4.3,4.33,4.35,4.33,4.32,4.34,4.36,4.38,4.38,4.37,4.38,4.39,4.41,4.44,4.42,4.41,4.43,4.44,4.46,4.47,4.45,4.46,4.47,4.5,4.52,4.5,4.49,4.5,4.52,4.54,4.55,4.52,4.52,4.55,4.56,4.59,4.56,4.55,4.57,4.58,4.62,4.62,4.59,4.6,4.61,4.63,4.66,4.64,4.63,4.64,4.67,4.69,4.69,4.66,4.67,4.69,4.7,4.72,4.7,4.69,4.71,4.73,4.75,4.76,4.73,4.73,4.75,4.77,4.78,4.76,4.75,4.77,4.79,4.81,4.81,4.79,4.79,4.82,4.83,4.84,4.82,4.81,4.83,4.84,4.86,4.86,4.84,4.84,4.86,4.87,4.89,4.87,4.86,4.88,4.9,4.92,4.91,4.89,4.9,4.91,4.93,4.95,4.92,4.91,4.93,4.94,4.95,4.95,4.92,4.92,4.94,4.95,4.96,4.94,4.92,4.93,4.94,4.95,4.96,4.92,4.93,4.94,4.95,4.97,4.94,4.93,4.95,4.96,4.98,4.97,4.95,4.95,4.97,4.98,4.99,4.97,4.95,4.97,4.98,5,5,4.96,4.97,4.99,5,5.02,4.99,4.98,5,5.01,5.02
0,0.09,0.23,0.38,0.53,0.64,0.74,0.87,0.99,1.12,1.22,1.28,1.37,1.47,1.56,1.66,1.71,1.76,1.84,1.92,2,2.06,2.09,2.14,2.21,2.29,2.35,2.39,2.41,2.47,2.52,2.59,2.64,2.64,2.68,2.74,2.79,2.85,2.87,2.87,2.93,2.98,3.02,3.06,3.06,3.09,3.14,3.19,3.23,3.24,3.24,3.28,3.33,3.37,3.4,3.39,3.41,3.45,3.49,3.53,3.54,3.53,3.57,3.61,3.65,3.68,3.66,3.68,3.72,3.76,3.8,3.8,3.79,3.83,3.86,3.89,3.92,3.9,3.92,3.95,3.98,4.01,4.02,4.01,4.04,4.08,4.11,4.13,4.12,4.13,4.16,4.19,4.22,4.21,4.2,4.23,4.25,4.29,4.3,4.29,4.3,4.33,4.35,4.38,4.38,4.37,4.4,4.42,4.45,4.46,4.44,4.45,4.48,4.5,4.53,4.52,4.51,4.53,4.56,4.59,4.61,4.59,4.59,4.62,4.64,4.67,4.66,4.65,4.68,4.69,4.73,4.74,4.71,4.71,4.74,4.76,4.79,4.78,4.76,4.79,4.81,4.84,4.85,4.82,4.83,4.85,4.88,4.9,4.88,4.87,4.89,4.91,4.94,4.96,4.93,4.94,4.97,4.99,5.02,5,4.98,5.01,5.03,5.06,5.07,5.03,5.04,5.07,5.08,5.11,5.1,5.08,5.1,5.12,5.14,5.16,5.13,5.13,5.16,5.17,5.2,5.18,5.17,5.19,5.21,5.23,5.24,5.21,5.21,5.23,5.25,5.28,5.26,5.24,5.26,5.28,5.3,5.31,5.28,5.28,5.31,5.33,5.35,5.33,5.32,5.33,5.35,5.37,5.39,5.36,5.36,5.38,5.4,5.42,5.41,5.39,5.41,5.42,5.45,5.46,5.43,5.43,5.45,5.47,5.49,5.48,5.46,5.47,5.5,5.52,5.52,5.49,5.49,5.52,5.54,5.56,5.55,5.52,5.54,5.56,5.58,5.59,5.55,5.56,5.58,5.6,5.62,5.6,5.58,5.61,5.62,5.64,5.65,5.61,5.62,5.63,5.65,5.67,5.64,5.62,5.63,5.64,5.66,5.65,5.62,5.62,5.64,5.65,5.67,5.64,5.62,5.64,5.65,5.67,5.68,5.64,5.64,5.66,5.67,5.69,5.67,5.65,5.66,5.68,5.69,5.7,5.67,5.66,5.68,5.7,5.72,5.7,5.67,5.7,5.7,5.73,5.73,5.7,5.7,5.71,5.73,5.73
0,0.02,0.09,0.18,0.29,0.4,0.47,0.54,0.64,0.73,0.81,0.87,0.93,0.99,1.06,1.12,1.19,1.22,1.26,1.31,1.38,1.43,1.47,1.49,1.53,1.57,1.62,1.67,1.69,1.71,1.74,1.79,1.83,1.86,1.87,1.9,1.94,1.97,2.01,2.02,2.03,2.07,2.1,2.13,2.15,2.15,2.18,2.21,2.24,2.28,2.29,2.28,2.31,2.34,2.37,2.39,2.39,2.41,2.44,2.47,2.49,2.49,2.49,2.52,2.54,2.57,2.59,2.58,2.6,2.62,2.64,2.66,2.67,2.67,2.69,2.72,2.74,2.75,2.74,2.75,2.78,2.81,2.84,2.82,2.82,2.84,2.85,2.88,2.9,2.88,2.89,2.92,2.93,2.96,2.95,2.94,2.97,2.99,3.02,3.02,3.01,3.02,3.03,3.05,3.07,3.06,3.05,3.08,3.1,3.11,3.12,3.11,3.12,3.13,3.15,3.18,3.16,3.16,3.18,3.2,3.22,3.22,3.2,3.22,3.24,3.25,3.27,3.26,3.25,3.27,3.28,3.3,3.31,3.29,3.29,3.32,3.33,3.35,3.34,3.33,3.34,3.36,3.38,3.39,3.37,3.37,3.39,3.41,3.42,3.41,3.4,3.42,3.43,3.45,3.46,3.44,3.45,3.46,3.48,3.5,3.48,3.47,3.49,3.5,3.51,3.52,3.5,3.51,3.52,3.54,3.55,3.54,3.53,3.54,3.56,3.58,3.59,3.56,3.57,3.59,3.6,3.63,3.61,3.6,3.61,3.62,3.64,3.65,3.63,3.63,3.65,3.67,3.68,3.67,3.65,3.67,3.69,3.7,3.71,3.68,3.69,3.71,3.72,3.74,3.72,3.71,3.73,3.74,3.76,3.76,3.74,3.75,3.76,3.77,3.78,3.77,3.76,3.77,3.78,3.8,3.8,3.79,3.79,3.8,3.82,3.84,3.81,3.8,3.82,3.83,3.85,3.85,3.83,3.83,3.85,3.85,3.88,3.86,3.85,3.86,3.87,3.89,3.88,3.87,3.87,3.88,3.9,3.92,3.89,3.88,3.9,3.91,3.93,3.92,3.91,3.91,3.92,3.93,3.93,3.92,3.9,3.91,3.93,3.94,3.94,3.9,3.91,3.92,3.93,3.94,3.92,3.91,3.92,3.94,3.95,3.94,3.91,3.92,3.93,3.94,3.95,3.94,3.93,3.94,3.95,3.96,3.96,3.94,3.94,3.95,3.95,3.97,3.96,3.94,3.95,3.96,3.98,3.97,3.95,3.96,3.97,3.98
0,0.04,0.1,0.18,0.26,0.34,0.39,0.45,0.53,0.6,0.67,0.71,0.75,0.81,0.87,0.91,0.95,0.98,1.02,1.07,1.13,1.17,1.18,1.21,1.25,1.28,1.32,1.35,1.35,1.38,1.43,1.45,1.48,1.5,1.51,1.54,1.57,1.6,1.62,1.63,1.65,1.67,1.7,1.73,1.73,1.74,1.77,1.78,1.81,1.84,1.83,1.84,1.86,1.89,1.91,1.91,1.91,1.94,1.96,1.99,2,1.99,2.01,2.03,2.05,2.07,2.07,2.07,2.09,2.11,2.13,2.15,2.14,2.14,2.17,2.19,2.2,2.21,2.2,2.22,2.24,2.26,2.27,2.26,2.27,2.28,2.3,2.32,2.31,2.31,2.33,2.35,2.36,2.38,2.36,2.37,2.39,2.4,2.42,2.42,2.4,2.42,2.44,2.46,2.48,2.47,2.47,2.49,2.5,2.52,2.51,2.5,2.51,2.53,2.55,2.56,2.54,2.55,2.57,2.58,2.59,2.59,2.58,2.6,2.61,2.63,2.63,2.61,2.62,2.64,2.65,2.66,2.66,2.66,2.67,2.68,2.69,2.7,2.69,2.69,2.69,2.71,2.73,2.73,2.72,2.73,2.74,2.76,2.76,2.74,2.74,2.76,2.78,2.8,2.78,2.77,2.78,2.79,2.81,2.81,2.79,2.8,2.82,2.83,2.83,2.83,2.82,2.83,2.85,2.86,2.87,2.85,2.85,2.87,2.87,2.89,2.88,2.87,2.88,2.89,2.91,2.92,2.9,2.9,2.91,2.92,2.94,2.94,2.93,2.94,2.95,2.96,2.96,2.95,2.95,2.96,2.97,2.99,2.98,2.97,2.98,2.99,3,3,2.99,2.99,3,3.01,3.03,3.02,3,3.01,3.03,3.05,3.05,3.03,3.03,3.04,3.05,3.07,3.06,3.04,3.05,3.07,3.08,3.08,3.06,3.06,3.07,3.08,3.1,3.09,3.07,3.09,3.1,3.11,3.12,3.09,3.09,3.11,3.12,3.14,3.12,3.11,3.13,3.14,3.14,3.15,3.13,3.12,3.14,3.15,3.16,3.15,3.14,3.15,3.15,3.16,3.17,3.15,3.14,3.15,3.16,3.17,3.15,3.14,3.15,3.15,3.16,3.17,3.15,3.15,3.16,3.17,3.17,3.16,3.15,3.15,3.16,3.18,3.18,3.16,3.16,3.18,3.18,3.19,3.18,3.16,3.17,3.18,3.18,3.19,3.17,3.17,3.18,3.19,3.2,3.18,3.18,3.19,3.19,3.2
0,0.03,0.13,0.26,0.4,0.52,0.61,0.72,0.82,0.94,1.05,1.12,1.18,1.28,1.36,1.44,1.53,1.57,1.61,1.69,1.76,1.82,1.87,1.89,1.95,2.01,2.08,2.13,2.14,2.18,2.23,2.29,2.35,2.37,2.38,2.43,2.48,2.52,2.57,2.58,2.6,2.64,2.69,2.73,2.74,2.75,2.79,2.83,2.87,2.91,2.9,2.92,2.96,3,3.04,3.04,3.05,3.09,3.12,3.15,3.18,3.17,3.19,3.23,3.25,3.29,3.3,3.29,3.32,3.36,3.39,3.42,3.4,3.41,3.44,3.47,3.5,3.51,3.5,3.53,3.55,3.59,3.61,3.59,3.6,3.63,3.67,3.69,3.69,3.68,3.7,3.73,3.75,3.78,3.76,3.76,3.8,3.82,3.86,3.86,3.84,3.87,3.89,3.92,3.94,3.92,3.92,3.95,3.97,4.01,3.99,3.99,4.01,4.03,4.05,4.08,4.05,4.06,4.09,4.11,4.13,4.13,4.11,4.13,4.16,4.19,4.2,4.17,4.18,4.21,4.23,4.25,4.25,4.23,4.24,4.27,4.29,4.31,4.29,4.29,4.31,4.34,4.36,4.36,4.34,4.36,4.38,4.39,4.42,4.4,4.39,4.42,4.44,4.46,4.45,4.44,4.45,4.47,4.5,4.51,4.49,4.49,4.51,4.52,4.55,4.54,4.52,4.54,4.56,4.58,4.6,4.57,4.57,4.6,4.6,4.63,4.62,4.6,4.62,4.63,4.65,4.67,4.65,4.64,4.67,4.68,4.71,4.7,4.67,4.69,4.71,4.72,4.74,4.72,4.71,4.73,4.76,4.77,4.77,4.75,4.76,4.79,4.81,4.82,4.8,4.79,4.81,4.82,4.85,4.84,4.82,4.83,4.85,4.87,4.89,4.85,4.86,4.88,4.89,4.91,4.9,4.88,4.9,4.92,4.93,4.95,4.92,4.91,4.94,4.95,4.97,4.96,4.94,4.95,4.97,4.99,5,4.97,4.96,4.99,5,5.03,5.02,4.99,5.01,5.03,5.04,5.06,5.02,5.02,5.05,5.06,5.08,5.06,5.04,5.06,5.07,5.08,5.09,5.05,5.05,5.06,5.07,5.1,5.07,5.05,5.06,5.07,5.09,5.09,5.06,5.06,5.08,5.08,5.11,5.09,5.07,5.09,5.1,5.12,5.12,5.08,5.08,5.1,5.11,5.13,5.12,5.09,5.11,5.13,5.14,5.15,5.11,5.1,5.13,5.14,5.16,5.14,5.12,5.14,5.14,5.16
0,0.01,0.07,0.17,0.27,0.37,0.43,0.49,0.58,0.66,0.73,0.8,0.84,0.89,0.96,1.02,1.07,1.1,1.14,1.18,1.24,1.29,1.32,1.34,1.37,1.41,1.46,1.51,1.52,1.54,1.58,1.61,1.65,1.68,1.68,1.71,1.75,1.77,1.8,1.8,1.81,1.85,1.89,1.93,1.94,1.94,1.96,1.98,2.01,2.04,2.04,2.05,2.07,2.1,2.13,2.15,2.14,2.16,2.18,2.2,2.23,2.22,2.23,2.25,2.27,2.3,2.32,2.3,2.32,2.35,2.37,2.39,2.39,2.39,2.41,2.43,2.46,2.46,2.45,2.46,2.49,2.5,2.53,2.52,2.52,2.54,2.56,2.58,2.59,2.57,2.58,2.61,2.63,2.65,2.63,2.62,2.64,2.66,2.69,2.69,2.67,2.69,2.7,2.72,2.75,2.73,2.72,2.75,2.76,2.78,2.79,2.78,2.78,2.8,2.82,2.83,2.83,2.83,2.85,2.86,2.87,2.88,2.86,2.86,2.89,2.91,2.92,2.91,2.9,2.91,2.93,2.95,2.95,2.93,2.94,2.95,2.97,2.99,2.98,2.97,2.99,3,3.02,3.02,3,3.01,3.03,3.04,3.05,3.04,3.04,3.05,3.07,3.08,3.08,3.07,3.07,3.09,3.1,3.12,3.11,3.09,3.11,3.12,3.14,3.15,3.12,3.13,3.14,3.16,3.17,3.15,3.15,3.16,3.17,3.19,3.2,3.18,3.18,3.19,3.2,3.23,3.21,3.19,3.21,3.23,3.24,3.25,3.23,3.23,3.24,3.26,3.27,3.26,3.25,3.27,3.28,3.29,3.29,3.27,3.28,3.29,3.3,3.32,3.3,3.29,3.31,3.32,3.34,3.34,3.32,3.32,3.34,3.35,3.36,3.35,3.33,3.35,3.37,3.38,3.37,3.36,3.36,3.37,3.38,3.4,3.38,3.37,3.38,3.4,3.41,3.41,3.39,3.39,3.41,3.41,3.43,3.41,3.4,3.42,3.43,3.44,3.44,3.43,3.43,3.44,3.45,3.46,3.45,3.43,3.45,3.45,3.47,3.47,3.45,3.45,3.47,3.47,3.48,3.46,3.45,3.46,3.47,3.48,3.48,3.46,3.46,3.47,3.48,3.49,3.46,3.45,3.46,3.48,3.48,3.48,3.46,3.46,3.48,3.48,3.5,3.47,3.47,3.48,3.49,3.5,3.5,3.48,3.48,3.49,3.5,3.51,3.49,3.48,3.49,3.5,3.52,3.51,3.49,3.49,3.5,3.52
0,0.03,0.11,0.2,0.29,0.39,0.45,0.52,0.61,0.69,0.76,0.82,0.86,0.91,0.98,1.04,1.09,1.11,1.16,1.21,1.25,1.31,1.34,1.35,1.39,1.44,1.48,1.52,1.53,1.55,1.59,1.63,1.66,1.68,1.69,1.72,1.75,1.78,1.81,1.82,1.83,1.86,1.89,1.92,1.93,1.94,1.96,1.98,2.02,2.04,2.03,2.04,2.07,2.1,2.13,2.14,2.13,2.14,2.18,2.2,2.22,2.22,2.22,2.25,2.27,2.3,2.3,2.29,2.32,2.34,2.36,2.38,2.37,2.37,2.4,2.41,2.44,2.44,2.44,2.45,2.48,2.5,2.52,2.51,2.51,2.54,2.56,2.58,2.58,2.57,2.58,2.59,2.62,2.64,2.62,2.62,2.64,2.65,2.67,2.68,2.67,2.68,2.7,2.72,2.74,2.71,2.72,2.74,2.75,2.77,2.77,2.76,2.77,2.79,2.81,2.82,2.81,2.8,2.82,2.83,2.85,2.85,2.84,2.85,2.87,2.89,2.9,2.89,2.88,2.9,2.91,2.93,2.92,2.91,2.92,2.94,2.96,2.97,2.95,2.95,2.97,2.99,3.01,3,2.98,2.99,3,3.02,3.04,3.02,3.02,3.04,3.05,3.07,3.06,3.05,3.06,3.07,3.09,3.1,3.08,3.07,3.09,3.1,3.12,3.12,3.1,3.11,3.13,3.14,3.15,3.13,3.13,3.14,3.15,3.17,3.17,3.15,3.16,3.18,3.19,3.2,3.18,3.18,3.19,3.21,3.23,3.22,3.2,3.21,3.22,3.24,3.25,3.23,3.23,3.25,3.26,3.28,3.26,3.24,3.26,3.27,3.28,3.3,3.28,3.27,3.29,3.29,3.31,3.31,3.29,3.3,3.31,3.32,3.34,3.31,3.31,3.33,3.33,3.35,3.35,3.33,3.34,3.35,3.36,3.38,3.35,3.35,3.37,3.38,3.39,3.39,3.36,3.37,3.38,3.4,3.41,3.39,3.38,3.4,3.42,3.43,3.42,3.41,3.41,3.42,3.44,3.45,3.43,3.42,3.43,3.44,3.45,3.45,3.44,3.44,3.45,3.46,3.47,3.44,3.43,3.45,3.45,3.46,3.46,3.44,3.44,3.45,3.46,3.47,3.44,3.43,3.45,3.45,3.47,3.47,3.44,3.46,3.46,3.47,3.48,3.46,3.45,3.46,3.47,3.49,3.47,3.45,3.47,3.48,3.49,3.5,3.47,3.46,3.47,3.48,3.5,3.5,3.47,3.48,3.49,3.5
0,0.04,0.13,0.24,0.35,0.46,0.52,0.6,0.7,0.8,0.89,0.95,1,1.08,1.15,1.22,1.28,1.32,1.37,1.42,1.48,1.55,1.58,1.6,1.65,1.7,1.75,1.79,1.79,1.82,1.88,1.92,1.96,1.98,1.99,2.03,2.07,2.11,2.14,2.14,2.16,2.21,2.24,2.28,2.29,2.29,2.33,2.36,2.39,2.42,2.42,2.43,2.47,2.5,2.53,2.53,2.54,2.57,2.59,2.62,2.65,2.63,2.65,2.68,2.71,2.73,2.73,2.73,2.76,2.78,2.81,2.82,2.81,2.82,2.85,2.87,2.91,2.91,2.89,2.92,2.94,2.97,2.99,2.97,2.99,3.02,3.04,3.06,3.06,3.05,3.07,3.09,3.12,3.14,3.11,3.12,3.15,3.17,3.19,3.18,3.17,3.2,3.22,3.24,3.25,3.24,3.24,3.26,3.28,3.3,3.3,3.28,3.3,3.33,3.35,3.36,3.34,3.35,3.37,3.39,3.41,3.4,3.39,3.41,3.43,3.45,3.46,3.44,3.44,3.46,3.48,3.49,3.49,3.47,3.49,3.51,3.53,3.54,3.52,3.53,3.55,3.56,3.58,3.57,3.56,3.58,3.59,3.61,3.62,3.59,3.6,3.62,3.64,3.66,3.64,3.63,3.65,3.67,3.68,3.69,3.67,3.67,3.69,3.71,3.72,3.72,3.7,3.71,3.73,3.75,3.76,3.74,3.73,3.75,3.76,3.79,3.77,3.76,3.78,3.8,3.82,3.83,3.8,3.8,3.82,3.84,3.86,3.85,3.82,3.84,3.85,3.87,3.88,3.86,3.86,3.88,3.89,3.91,3.9,3.88,3.9,3.91,3.93,3.94,3.91,3.91,3.93,3.94,3.96,3.95,3.93,3.95,3.96,3.98,3.99,3.95,3.96,3.98,3.99,4.01,4,3.98,3.99,4.01,4.02,4.03,4.01,4,4.02,4.04,4.06,4.04,4.02,4.04,4.05,4.06,4.07,4.05,4.05,4.07,4.08,4.1,4.09,4.06,4.07,4.09,4.1,4.11,4.09,4.09,4.11,4.11,4.13,4.12,4.1,4.11,4.12,4.13,4.13,4.1,4.11,4.12,4.13,4.14,4.13,4.11,4.11,4.13,4.14,4.14,4.11,4.11,4.13,4.14,4.14,4.12,4.11,4.12,4.13,4.15,4.15,4.12,4.11,4.13,4.14,4.16,4.14,4.12,4.14,4.15,4.16,4.18,4.14,4.14,4.16,4.17,4.18,4.16,4.14,4.16,4.17,4.18
0,0.03,0.11,0.21,0.3,0.39,0.46,0.54,0.63,0.71,0.81,0.86,0.9,0.96,1.03,1.1,1.16,1.18,1.23,1.29,1.34,1.39,1.43,1.45,1.5,1.55,1.6,1.63,1.64,1.68,1.71,1.75,1.8,1.82,1.82,1.85,1.89,1.92,1.96,1.96,1.98,2.03,2.07,2.1,2.1,2.11,2.14,2.17,2.2,2.22,2.22,2.24,2.27,2.3,2.33,2.34,2.33,2.37,2.4,2.42,2.45,2.44,2.45,2.48,2.51,2.53,2.54,2.53,2.56,2.58,2.6,2.62,2.61,2.62,2.65,2.66,2.69,2.69,2.69,2.71,2.73,2.76,2.78,2.76,2.76,2.79,2.81,2.83,2.83,2.82,2.83,2.86,2.89,2.9,2.89,2.9,2.92,2.94,2.96,2.96,2.95,2.97,2.98,3,3.02,3.01,3.01,3.03,3.05,3.06,3.06,3.05,3.07,3.09,3.11,3.12,3.11,3.11,3.13,3.15,3.17,3.16,3.15,3.17,3.18,3.2,3.21,3.19,3.2,3.21,3.23,3.26,3.25,3.24,3.26,3.27,3.28,3.3,3.29,3.28,3.3,3.32,3.34,3.34,3.32,3.33,3.35,3.37,3.38,3.36,3.36,3.38,3.39,3.41,3.4,3.39,3.4,3.41,3.43,3.45,3.43,3.43,3.44,3.45,3.48,3.47,3.45,3.46,3.48,3.5,3.51,3.49,3.49,3.51,3.51,3.54,3.53,3.51,3.53,3.54,3.56,3.57,3.55,3.55,3.56,3.57,3.59,3.58,3.57,3.59,3.6,3.62,3.62,3.6,3.6,3.62,3.63,3.65,3.64,3.62,3.64,3.65,3.67,3.67,3.65,3.65,3.67,3.68,3.69,3.69,3.67,3.68,3.7,3.7,3.72,3.7,3.7,3.72,3.73,3.75,3.74,3.72,3.73,3.74,3.76,3.77,3.75,3.74,3.77,3.78,3.8,3.79,3.77,3.78,3.8,3.81,3.82,3.8,3.8,3.81,3.82,3.84,3.83,3.81,3.83,3.84,3.85,3.87,3.84,3.84,3.85,3.87,3.88,3.87,3.86,3.87,3.88,3.89,3.89,3.87,3.86,3.87,3.88,3.89,3.88,3.86,3.87,3.88,3.89,3.9,3.87,3.86,3.87,3.89,3.9,3.89,3.87,3.89,3.89,3.91,3.91,3.89,3.88,3.9,3.91,3.92,3.9,3.89,3.9,3.91,3.91,3.93,3.9,3.9,3.92,3.92,3.94,3.93,3.91,3.92,3.93,3.94
0,0.04,0.12,0.21,0.3,0.38,0.43,0.51,0.59,0.66,0.74,0.78,0.82,0.89,0.94,1,1.05,1.08,1.12,1.17,1.22,1.26,1.28,1.31,1.34,1.39,1.44,1.47,1.47,1.51,1.55,1.57,1.61,1.62,1.63,1.67,1.7,1.73,1.76,1.75,1.77,1.8,1.83,1.85,1.86,1.87,1.9,1.92,1.96,1.98,1.97,1.99,2.02,2.04,2.07,2.07,2.07,2.09,2.12,2.14,2.16,2.15,2.16,2.19,2.21,2.23,2.23,2.23,2.25,2.27,2.29,2.31,2.3,2.31,2.34,2.36,2.38,2.37,2.37,2.39,2.41,2.43,2.45,2.44,2.44,2.47,2.49,2.51,2.5,2.5,2.52,2.53,2.55,2.56,2.55,2.55,2.58,2.59,2.61,2.6,2.6,2.62,2.63,2.65,2.66,2.64,2.65,2.67,2.68,2.7,2.7,2.69,2.71,2.72,2.74,2.75,2.73,2.73,2.74,2.76,2.78,2.77,2.77,2.79,2.8,2.82,2.82,2.8,2.81,2.83,2.85,2.86,2.85,2.84,2.85,2.88,2.89,2.89,2.88,2.89,2.91,2.92,2.93,2.92,2.91,2.94,2.95,2.96,2.97,2.95,2.96,2.97,2.99,3.01,2.99,2.98,2.99,3,3.02,3.02,3.01,3.02,3.03,3.05,3.06,3.04,3.03,3.05,3.07,3.07,3.08,3.07,3.07,3.09,3.09,3.1,3.09,3.09,3.11,3.11,3.13,3.13,3.11,3.12,3.13,3.14,3.16,3.14,3.13,3.15,3.16,3.17,3.18,3.16,3.16,3.18,3.19,3.2,3.19,3.18,3.2,3.21,3.22,3.22,3.21,3.21,3.22,3.23,3.25,3.23,3.22,3.24,3.24,3.26,3.26,3.24,3.24,3.26,3.27,3.28,3.27,3.26,3.27,3.28,3.3,3.3,3.28,3.29,3.31,3.31,3.33,3.32,3.3,3.31,3.33,3.33,3.34,3.32,3.32,3.33,3.34,3.36,3.34,3.33,3.35,3.36,3.38,3.38,3.35,3.36,3.37,3.38,3.39,3.38,3.37,3.38,3.39,3.4,3.4,3.37,3.37,3.39,3.39,3.39,3.38,3.37,3.37,3.39,3.4,3.4,3.37,3.38,3.39,3.39,3.41,3.39,3.38,3.39,3.4,3.41,3.41,3.39,3.39,3.4,3.41,3.42,3.41,3.39,3.41,3.41,3.42,3.42,3.4,3.4,3.42,3.42,3.43,3.41,3.41,3.42,3.42,3.43
0,0.01,0.04,0.11,0.2,0.28,0.37,0.43,0.5,0.58,0.66,0.74,0.79,0.83,0.89,0.95,1.01,1.06,1.09,1.13,1.18,1.23,1.29,1.31,1.33,1.38,1.42,1.46,1.49,1.51,1.53,1.57,1.62,1.65,1.66,1.67,1.7,1.74,1.77,1.8,1.81,1.83,1.85,1.88,1.92,1.94,1.94,1.96,1.98,2.01,2.03,2.02,2.05,2.08,2.11,2.13,2.14,2.13,2.16,2.18,2.2,2.22,2.22,2.23,2.26,2.28,2.31,2.31,2.31,2.33,2.34,2.37,2.38,2.38,2.39,2.41,2.43,2.45,2.45,2.45,2.47,2.49,2.52,2.53,2.52,2.53,2.55,2.57,2.59,2.59,2.58,2.6,2.62,2.64,2.65,2.64,2.64,2.66,2.68,2.7,2.69,2.68,2.7,2.72,2.73,2.75,2.74,2.75,2.76,2.77,2.8,2.8,2.79,2.8,2.81,2.84,2.85,2.83,2.84,2.86,2.87,2.89,2.88,2.87,2.88,2.9,2.92,2.93,2.92,2.92,2.94,2.96,2.97,2.97,2.95,2.96,2.98,3,3.01,3,3,3.01,3.02,3.04,3.04,3.02,3.04,3.05,3.06,3.07,3.05,3.06,3.07,3.08,3.1,3.1,3.09,3.11,3.12,3.13,3.14,3.12,3.12,3.14,3.15,3.17,3.15,3.14,3.16,3.17,3.19,3.2,3.19,3.19,3.2,3.2,3.23,3.22,3.2,3.22,3.24,3.25,3.25,3.23,3.23,3.25,3.26,3.27,3.27,3.26,3.27,3.28,3.3,3.3,3.28,3.28,3.3,3.31,3.33,3.32,3.3,3.32,3.33,3.34,3.35,3.33,3.33,3.34,3.36,3.38,3.37,3.35,3.36,3.38,3.39,3.39,3.38,3.38,3.39,3.41,3.42,3.41,3.41,3.41,3.43,3.43,3.44,3.42,3.42,3.44,3.45,3.46,3.45,3.44,3.45,3.46,3.47,3.47,3.46,3.46,3.47,3.49,3.5,3.49,3.48,3.49,3.5,3.51,3.51,3.49,3.5,3.51,3.52,3.53,3.52,3.5,3.52,3.52,3.53,3.53,3.51,3.51,3.52,3.52,3.54,3.52,3.51,3.52,3.52,3.53,3.53,3.52,3.51,3.53,3.53,3.54,3.53,3.52,3.52,3.54,3.54,3.55,3.53,3.53,3.54,3.55,3.56,3.54,3.53,3.54,3.55,3.56,3.56,3.54,3.54,3.55,3.57,3.58,3.56,3.55,3.56,3.58
0,0.03,0.12,0.23,0.34,0.44,0.51,0.6,0.71,0.8,0.9,0.95,1,1.08,1.16,1.23,1.3,1.34,1.38,1.45,1.51,1.58,1.61,1.63,1.68,1.74,1.79,1.84,1.84,1.87,1.92,1.97,2.01,2.03,2.04,2.08,2.13,2.17,2.2,2.21,2.24,2.28,2.31,2.35,2.36,2.36,2.4,2.42,2.47,2.5,2.5,2.52,2.55,2.59,2.63,2.63,2.63,2.66,2.68,2.72,2.74,2.73,2.75,2.78,2.81,2.84,2.84,2.84,2.86,2.88,2.92,2.94,2.92,2.94,2.96,2.99,3.02,3.02,3.02,3.05,3.07,3.1,3.11,3.1,3.11,3.14,3.16,3.18,3.18,3.18,3.2,3.22,3.24,3.25,3.24,3.25,3.27,3.3,3.32,3.32,3.31,3.33,3.35,3.38,3.39,3.37,3.37,3.39,3.41,3.44,3.44,3.43,3.45,3.47,3.5,3.51,3.49,3.49,3.52,3.53,3.56,3.55,3.54,3.56,3.58,3.59,3.61,3.59,3.6,3.62,3.63,3.65,3.65,3.63,3.65,3.67,3.69,3.7,3.68,3.69,3.71,3.72,3.75,3.74,3.73,3.74,3.76,3.78,3.79,3.77,3.77,3.79,3.81,3.83,3.82,3.8,3.83,3.84,3.85,3.87,3.85,3.85,3.87,3.88,3.9,3.9,3.88,3.9,3.92,3.94,3.95,3.93,3.93,3.95,3.97,3.99,3.98,3.96,3.98,3.99,4.01,4.02,4,4,4.02,4.04,4.06,4.04,4.03,4.04,4.06,4.08,4.08,4.06,4.06,4.08,4.09,4.11,4.1,4.09,4.1,4.12,4.14,4.14,4.12,4.12,4.14,4.15,4.17,4.16,4.14,4.17,4.17,4.19,4.2,4.17,4.18,4.19,4.21,4.23,4.21,4.2,4.21,4.22,4.24,4.25,4.23,4.23,4.25,4.26,4.27,4.27,4.25,4.26,4.27,4.29,4.3,4.28,4.28,4.29,4.31,4.32,4.31,4.3,4.31,4.33,4.34,4.35,4.33,4.32,4.34,4.36,4.38,4.37,4.34,4.35,4.37,4.38,4.39,4.36,4.35,4.37,4.37,4.38,4.38,4.35,4.36,4.38,4.39,4.39,4.36,4.36,4.37,4.39,4.4,4.38,4.36,4.37,4.38,4.4,4.41,4.38,4.38,4.39,4.4,4.42,4.41,4.38,4.4,4.41,4.43,4.43,4.4,4.4,4.41,4.43,4.45,4.43,4.41,4.43,4.44,4.45
0,0.03,0.13,0.27,0.4,0.53,0.61,0.72,0.84,0.94,1.05,1.14,1.2,1.28,1.38,1.47,1.55,1.59,1.64,1.72,1.79,1.86,1.89,1.92,1.98,2.04,2.11,2.17,2.18,2.21,2.27,2.32,2.38,2.42,2.42,2.47,2.53,2.57,2.62,2.63,2.64,2.69,2.73,2.78,2.79,2.79,2.84,2.88,2.92,2.96,2.95,2.97,3.02,3.05,3.09,3.1,3.1,3.13,3.17,3.2,3.23,3.23,3.24,3.28,3.32,3.35,3.36,3.35,3.38,3.41,3.45,3.47,3.46,3.47,3.5,3.53,3.56,3.57,3.56,3.58,3.61,3.63,3.67,3.65,3.66,3.69,3.71,3.75,3.75,3.74,3.76,3.79,3.82,3.84,3.83,3.83,3.86,3.89,3.92,3.92,3.9,3.93,3.95,3.97,4,3.98,3.98,4.01,4.03,4.06,4.06,4.04,4.07,4.09,4.11,4.14,4.12,4.11,4.14,4.16,4.19,4.2,4.18,4.19,4.22,4.24,4.26,4.24,4.24,4.26,4.28,4.31,4.31,4.29,4.31,4.34,4.36,4.37,4.35,4.35,4.37,4.39,4.42,4.41,4.4,4.42,4.43,4.45,4.47,4.45,4.45,4.47,4.49,4.51,4.51,4.49,4.51,4.53,4.55,4.56,4.54,4.54,4.56,4.58,4.6,4.6,4.58,4.58,4.61,4.63,4.65,4.62,4.62,4.64,4.66,4.68,4.67,4.65,4.66,4.68,4.7,4.72,4.7,4.69,4.71,4.73,4.76,4.75,4.73,4.74,4.77,4.78,4.8,4.77,4.78,4.8,4.81,4.83,4.83,4.81,4.82,4.84,4.85,4.86,4.84,4.83,4.86,4.87,4.89,4.89,4.86,4.87,4.89,4.91,4.92,4.9,4.9,4.92,4.93,4.95,4.95,4.92,4.94,4.96,4.97,4.99,4.96,4.96,4.98,4.99,5.02,5.01,4.99,5,5.02,5.04,5.05,5.02,5.01,5.04,5.05,5.07,5.07,5.04,5.05,5.07,5.09,5.1,5.07,5.07,5.09,5.1,5.13,5.11,5.1,5.1,5.12,5.13,5.14,5.11,5.09,5.12,5.12,5.14,5.13,5.09,5.1,5.11,5.13,5.15,5.11,5.11,5.12,5.13,5.15,5.14,5.11,5.12,5.14,5.15,5.17,5.14,5.12,5.15,5.15,5.18,5.17,5.14,5.15,5.16,5.18,5.19,5.17,5.16,5.18,5.19,5.21,5.19,5.16,5.17,5.19,5.21
0,0.03,0.13,0.27,0.41,0.55,0.64,0.75,0.88,0.99,1.11,1.2,1.26,1.36,1.44,1.54,1.63,1.67,1.72,1.8,1.87,1.96,2.01,2.03,2.09,2.16,2.23,2.29,2.31,2.35,2.41,2.47,2.52,2.56,2.57,2.61,2.66,2.72,2.77,2.78,2.8,2.85,2.9,2.94,2.97,2.97,3,3.05,3.1,3.14,3.14,3.15,3.18,3.23,3.28,3.29,3.29,3.32,3.36,3.4,3.43,3.42,3.43,3.47,3.5,3.54,3.56,3.54,3.57,3.61,3.64,3.68,3.66,3.66,3.7,3.74,3.78,3.79,3.78,3.8,3.83,3.86,3.89,3.88,3.88,3.91,3.94,3.97,3.98,3.97,3.99,4.03,4.05,4.08,4.06,4.06,4.09,4.11,4.15,4.16,4.13,4.16,4.18,4.22,4.25,4.23,4.22,4.25,4.28,4.3,4.31,4.29,4.31,4.34,4.35,4.38,4.36,4.36,4.39,4.41,4.44,4.44,4.42,4.44,4.46,4.49,4.51,4.49,4.48,4.51,4.53,4.56,4.57,4.54,4.56,4.57,4.6,4.63,4.6,4.6,4.63,4.65,4.67,4.68,4.66,4.67,4.69,4.72,4.74,4.71,4.7,4.73,4.75,4.78,4.78,4.75,4.77,4.79,4.81,4.83,4.81,4.8,4.83,4.84,4.87,4.87,4.84,4.86,4.88,4.9,4.92,4.9,4.89,4.92,4.93,4.96,4.96,4.93,4.94,4.97,4.98,5.01,4.99,4.98,5,5.01,5.04,5.04,5.01,5.03,5.05,5.07,5.09,5.07,5.06,5.08,5.1,5.12,5.12,5.09,5.1,5.13,5.15,5.16,5.13,5.13,5.15,5.17,5.19,5.19,5.17,5.18,5.2,5.22,5.23,5.21,5.2,5.22,5.23,5.26,5.25,5.23,5.24,5.25,5.28,5.29,5.27,5.26,5.27,5.29,5.31,5.31,5.28,5.29,5.31,5.33,5.35,5.32,5.31,5.34,5.35,5.37,5.36,5.34,5.35,5.37,5.38,5.4,5.37,5.36,5.38,5.4,5.42,5.42,5.39,5.4,5.42,5.43,5.44,5.41,5.39,5.41,5.41,5.43,5.42,5.39,5.4,5.41,5.43,5.44,5.41,5.4,5.42,5.43,5.45,5.44,5.41,5.42,5.43,5.44,5.46,5.43,5.42,5.44,5.45,5.46,5.46,5.43,5.44,5.46,5.47,5.48,5.45,5.45,5.47,5.48,5.5,5.49,5.46,5.47,5.48,5.5
0,0.08,0.21,0.35,0.5,0.62,0.71,0.84,0.97,1.09,1.2,1.27,1.35,1.46,1.55,1.65,1.71,1.75,1.83,1.92,1.99,2.06,2.09,2.13,2.21,2.28,2.35,2.39,2.42,2.47,2.52,2.59,2.65,2.65,2.68,2.74,2.79,2.85,2.88,2.88,2.92,2.97,3.03,3.07,3.07,3.09,3.13,3.18,3.23,3.26,3.25,3.29,3.33,3.38,3.41,3.41,3.41,3.46,3.5,3.54,3.55,3.55,3.58,3.61,3.65,3.69,3.68,3.69,3.73,3.76,3.81,3.82,3.81,3.84,3.86,3.9,3.93,3.92,3.93,3.97,3.99,4.03,4.04,4.02,4.05,4.07,4.11,4.15,4.13,4.13,4.17,4.2,4.23,4.24,4.22,4.24,4.27,4.3,4.32,4.3,4.3,4.33,4.36,4.4,4.4,4.38,4.4,4.43,4.46,4.48,4.46,4.46,4.49,4.51,4.54,4.55,4.52,4.55,4.57,4.6,4.63,4.6,4.6,4.63,4.65,4.68,4.68,4.66,4.68,4.7,4.73,4.75,4.73,4.73,4.76,4.78,4.81,4.8,4.78,4.8,4.83,4.85,4.87,4.85,4.85,4.87,4.89,4.91,4.92,4.9,4.91,4.94,4.96,4.98,4.95,4.95,4.98,5,5.03,5.02,5,5.02,5.04,5.06,5.08,5.06,5.05,5.08,5.1,5.12,5.12,5.09,5.11,5.14,5.16,5.18,5.15,5.15,5.17,5.2,5.21,5.21,5.19,5.21,5.22,5.25,5.27,5.23,5.23,5.25,5.27,5.3,5.29,5.27,5.28,5.3,5.32,5.34,5.31,5.31,5.34,5.35,5.37,5.36,5.34,5.35,5.38,5.39,5.41,5.38,5.38,5.39,5.42,5.44,5.43,5.41,5.42,5.44,5.46,5.48,5.45,5.45,5.47,5.49,5.51,5.5,5.47,5.49,5.5,5.53,5.55,5.51,5.51,5.53,5.55,5.58,5.56,5.54,5.55,5.58,5.6,5.61,5.58,5.58,5.6,5.62,5.64,5.63,5.61,5.62,5.64,5.66,5.67,5.64,5.64,5.65,5.67,5.68,5.66,5.64,5.65,5.66,5.68,5.69,5.65,5.64,5.66,5.67,5.69,5.68,5.65,5.66,5.67,5.68,5.7,5.66,5.66,5.68,5.69,5.71,5.7,5.67,5.68,5.69,5.71,5.73,5.7,5.69,5.71,5.72,5.74,5.73,5.7,5.71,5.73,5.74,5.75,5.72,5.71,5.73,5.74,5.75
0,0.01,0.02,0.04,0.06,0.07,0.08,0.1,0.12,0.13,0.14,0.15,0.16,0.17,0.18,0.2,0.2,0.2,0.21,0.23,0.23,0.25,0.25,0.25,0.25,0.26,0.28,0.28,0.28,0.29,0.3,0.3,0.31,0.31,0.32,0.32,0.32,0.33,0.34,0.33,0.33,0.34,0.35,0.35,0.35,0.35,0.36,0.37,0.37,0.37,0.37,0.38,0.38,0.38,0.39,0.39,0.38,0.39,0.39,0.4,0.4,0.39,0.4,0.41,0.41,0.41,0.41,0.41,0.42,0.42,0.42,0.42,0.42,0.42,0.42,0.43,0.44,0.43,0.42,0.43,0.43,0.44,0.45,0.44,0.44,0.44,0.45,0.46,0.45,0.44,0.45,0.46,0.46,0.46,0.45,0.45,0.46,0.47,0.48,0.47,0.46,0.47,0.47,0.48,0.49,0.48,0.47,0.48,0.48,0.49,0.49,0.49,0.48,0.48,0.48,0.49,0.49,0.49,0.49,0.49,0.49,0.5,0.5,0.5,0.5,0.5,0.51,0.5,0.5,0.51,0.5,0.5,0.5,0.5,0.51,0.51,0.51,0.51,0.5,0.51,0.52,0.52,0.52,0.52,0.51,0.52,0.53,0.52,0.52,0.52,0.53,0.53,0.53,0.53,0.52,0.53,0.53,0.54,0.54,0.54,0.53,0.53,0.54,0.54,0.54,0.53,0.53,0.53,0.54,0.55,0.55,0.53,0.53,0.54,0.54,0.55,0.55,0.55,0.54,0.54,0.55,0.55,0.54,0.55,0.56,0.55,0.55,0.54,0.54,0.55,0.56,0.56,0.56,0.54,0.54,0.55,0.55,0.56,0.57,0.56,0.56,0.55,0.55,0.56,0.56,0.56,0.56,0.56,0.56,0.56,0.56,0.57,0.56,0.56,0.56,0.56,0.57,0.57,0.58,0.58,0.57,0.56,0.57,0.58,0.58,0.59,0.57,0.57,0.57,0.57,0.58,0.58,0.58,0.58,0.57,0.57,0.57,0.58,0.58,0.59,0.59,0.58,0.58,0.57,0.58,0.59,0.59,0.6,0.58,0.58,0.57,0.58,0.58,0.59,0.59,0.59,0.58,0.58,0.58,0.57,0.58,0.59,0.59,0.6,0.59,0.58,0.57,0.58,0.59,0.59,0.59,0.59,0.58,0.58,0.58,0.59,0.59,0.6,0.59,0.59,0.58,0.58,0.58,0.58,0.59,0.59,0.59,0.58,0.58,0.58,0.58,0.59,0.59,0.59,0.59,0.59,0.58,0.58,0.58,0.59,0.6,0.6
0,0.01,0.01,0.04,0.08,0.11,0.14,0.17,0.2,0.23,0.26,0.29,0.3,0.32,0.35,0.37,0.4,0.42,0.43,0.44,0.45,0.48,0.49,0.49,0.5,0.52,0.54,0.56,0.57,0.56,0.58,0.59,0.61,0.63,0.63,0.63,0.64,0.65,0.67,0.68,0.68,0.69,0.7,0.71,0.71,0.71,0.71,0.73,0.74,0.76,0.77,0.77,0.78,0.78,0.79,0.81,0.81,0.8,0.8,0.81,0.82,0.82,0.82,0.83,0.83,0.84,0.85,0.85,0.85,0.86,0.87,0.89,0.9,0.89,0.89,0.9,0.9,0.91,0.9,0.9,0.9,0.91,0.92,0.93,0.92,0.93,0.94,0.96,0.97,0.96,0.96,0.96,0.96,0.98,0.99,0.99,0.98,0.98,0.99,1,1.01,1.01,1.01,1.01,1.01,1.02,1.02,1.03,1.03,1.03,1.03,1.03,1.03,1.04,1.05,1.06,1.06,1.05,1.05,1.05,1.06,1.07,1.07,1.07,1.08,1.08,1.08,1.08,1.07,1.08,1.09,1.09,1.09,1.09,1.08,1.09,1.1,1.11,1.11,1.1,1.11,1.12,1.13,1.13,1.13,1.11,1.12,1.13,1.14,1.14,1.13,1.13,1.14,1.15,1.16,1.15,1.14,1.14,1.15,1.15,1.16,1.16,1.16,1.16,1.17,1.18,1.17,1.17,1.18,1.18,1.18,1.18,1.17,1.18,1.18,1.19,1.2,1.19,1.18,1.18,1.19,1.2,1.2,1.19,1.2,1.2,1.2,1.21,1.2,1.2,1.21,1.22,1.23,1.22,1.21,1.21,1.22,1.22,1.23,1.23,1.23,1.23,1.23,1.23,1.23,1.23,1.23,1.24,1.24,1.24,1.24,1.24,1.25,1.24,1.25,1.25,1.25,1.25,1.25,1.25,1.26,1.26,1.25,1.25,1.25,1.26,1.26,1.26,1.26,1.26,1.27,1.27,1.26,1.26,1.27,1.27,1.27,1.27,1.27,1.27,1.28,1.28,1.28,1.28,1.28,1.27,1.27,1.28,1.29,1.29,1.29,1.28,1.29,1.3,1.3,1.3,1.3,1.29,1.3,1.3,1.29,1.28,1.29,1.29,1.3,1.29,1.28,1.28,1.29,1.3,1.3,1.29,1.29,1.29,1.3,1.29,1.28,1.29,1.3,1.3,1.3,1.3,1.29,1.3,1.3,1.3,1.3,1.3,1.3,1.3,1.3,1.3,1.31,1.3,1.3,1.3,1.3,1.3,1.3,1.3,1.3,1.31
0,0.03,0.07,0.12,0.16,0.2,0.22,0.26,0.29,0.33,0.37,0.38,0.4,0.43,0.46,0.49,0.5,0.51,0.53,0.54,0.57,0.58,0.59,0.61,0.62,0.63,0.66,0.67,0.66,0.68,0.7,0.71,0.73,0.73,0.74,0.75,0.77,0.78,0.78,0.77,0.79,0.81,0.82,0.83,0.83,0.84,0.85,0.86,0.87,0.87,0.87,0.88,0.89,0.9,0.91,0.9,0.9,0.92,0.93,0.95,0.94,0.94,0.96,0.97,0.97,0.98,0.98,0.98,0.98,1,1.01,1,1.01,1.01,1.02,1.03,1.03,1.03,1.03,1.04,1.05,1.06,1.06,1.05,1.06,1.07,1.07,1.08,1.07,1.08,1.08,1.1,1.11,1.1,1.09,1.1,1.11,1.12,1.12,1.12,1.12,1.12,1.13,1.15,1.14,1.13,1.14,1.15,1.16,1.16,1.15,1.15,1.16,1.17,1.18,1.18,1.17,1.18,1.19,1.19,1.19,1.19,1.19,1.2,1.2,1.21,1.21,1.2,1.21,1.22,1.22,1.22,1.21,1.22,1.22,1.22,1.24,1.24,1.22,1.23,1.24,1.25,1.25,1.24,1.25,1.26,1.26,1.27,1.27,1.26,1.26,1.27,1.28,1.28,1.27,1.27,1.28,1.28,1.3,1.29,1.28,1.29,1.3,1.31,1.31,1.3,1.3,1.31,1.31,1.32,1.32,1.31,1.32,1.32,1.33,1.33,1.32,1.32,1.32,1.33,1.34,1.33,1.33,1.33,1.33,1.34,1.35,1.34,1.33,1.35,1.35,1.36,1.35,1.35,1.35,1.36,1.37,1.37,1.35,1.36,1.36,1.37,1.38,1.37,1.36,1.37,1.38,1.38,1.39,1.38,1.37,1.38,1.39,1.39,1.39,1.38,1.38,1.39,1.4,1.4,1.39,1.39,1.4,1.41,1.41,1.4,1.4,1.4,1.41,1.41,1.42,1.4,1.4,1.41,1.42,1.43,1.43,1.41,1.41,1.42,1.43,1.43,1.42,1.42,1.42,1.43,1.44,1.43,1.42,1.43,1.43,1.44,1.45,1.43,1.44,1.44,1.44,1.44,1.43,1.43,1.43,1.43,1.44,1.44,1.43,1.43,1.44,1.44,1.44,1.44,1.43,1.44,1.44,1.44,1.45,1.44,1.43,1.44,1.44,1.45,1.44,1.44,1.44,1.44,1.45,1.45,1.44,1.44,1.45,1.45,1.46,1.45,1.45,1.45,1.46,1.46,1.47,1.45,1.45,1.46,1.46,1.47
0,0.02,0.05,0.08,0.12,0.14,0.17,0.2,0.22,0.25,0.27,0.28,0.3,0.32,0.34,0.37,0.38,0.38,0.4,0.42,0.44,0.45,0.45,0.46,0.48,0.5,0.5,0.51,0.52,0.53,0.54,0.54,0.56,0.56,0.57,0.59,0.59,0.6,0.59,0.6,0.61,0.62,0.64,0.63,0.63,0.63,0.65,0.66,0.67,0.67,0.67,0.68,0.7,0.7,0.7,0.69,0.69,0.71,0.72,0.74,0.74,0.73,0.73,0.73,0.74,0.74,0.74,0.75,0.77,0.78,0.79,0.8,0.8,0.81,0.8,0.8,0.81,0.8,0.81,0.81,0.82,0.83,0.82,0.82,0.83,0.83,0.84,0.85,0.84,0.84,0.85,0.86,0.86,0.86,0.86,0.86,0.87,0.87,0.87,0.87,0.88,0.89,0.9,0.9,0.89,0.89,0.89,0.9,0.9,0.9,0.9,0.9,0.9,0.91,0.91,0.91,0.91,0.92,0.92,0.94,0.95,0.94,0.95,0.94,0.95,0.95,0.95,0.95,0.96,0.97,0.97,0.96,0.95,0.95,0.96,0.97,0.98,0.98,0.98,0.99,0.99,0.99,0.98,0.97,0.97,0.98,0.98,0.99,0.98,0.98,0.99,0.99,0.99,0.99,0.99,1,1.01,1.02,1.02,1.02,1.01,1.02,1.02,1.03,1.03,1.02,1.02,1.03,1.03,1.04,1.03,1.03,1.04,1.05,1.04,1.04,1.03,1.03,1.03,1.03,1.04,1.04,1.05,1.05,1.05,1.05,1.05,1.05,1.05,1.05,1.05,1.06,1.05,1.04,1.05,1.05,1.06,1.07,1.07,1.07,1.07,1.08,1.08,1.07,1.07,1.07,1.08,1.09,1.1,1.08,1.08,1.08,1.08,1.1,1.1,1.08,1.08,1.09,1.09,1.1,1.1,1.1,1.09,1.09,1.1,1.1,1.1,1.1,1.11,1.11,1.11,1.1,1.1,1.11,1.11,1.12,1.12,1.11,1.11,1.11,1.11,1.11,1.1,1.11,1.12,1.13,1.13,1.12,1.11,1.12,1.12,1.13,1.13,1.13,1.13,1.13,1.13,1.13,1.12,1.12,1.13,1.13,1.14,1.14,1.12,1.12,1.12,1.13,1.13,1.13,1.13,1.13,1.13,1.12,1.12,1.12,1.12,1.13,1.14,1.14,1.13,1.13,1.12,1.13,1.13,1.14,1.13,1.13,1.14,1.13,1.14,1.13,1.13,1.13,1.14,1.14,1.14,1.13,1.13,1.13,1.13,1.14
0,0.01,0.04,0.07,0.1,0.12,0.13,0.15,0.18,0.21,0.22,0.24,0.25,0.27,0.28,0.3,0.32,0.32,0.33,0.35,0.36,0.37,0.38,0.38,0.39,0.4,0.42,0.42,0.42,0.43,0.45,0.45,0.46,0.46,0.47,0.48,0.49,0.49,0.49,0.5,0.51,0.52,0.52,0.53,0.53,0.53,0.53,0.54,0.55,0.55,0.55,0.56,0.57,0.57,0.58,0.58,0.58,0.59,0.6,0.61,0.6,0.6,0.61,0.61,0.62,0.62,0.62,0.62,0.63,0.63,0.64,0.65,0.64,0.64,0.65,0.66,0.66,0.65,0.66,0.67,0.67,0.68,0.68,0.67,0.68,0.69,0.69,0.69,0.69,0.69,0.7,0.7,0.71,0.71,0.7,0.7,0.71,0.72,0.72,0.71,0.72,0.73,0.72,0.73,0.74,0.73,0.73,0.74,0.74,0.75,0.74,0.74,0.75,0.75,0.75,0.75,0.75,0.75,0.75,0.76,0.77,0.76,0.76,0.77,0.77,0.78,0.78,0.77,0.77,0.77,0.78,0.79,0.77,0.78,0.79,0.78,0.79,0.79,0.79,0.79,0.79,0.79,0.8,0.8,0.79,0.8,0.8,0.81,0.81,0.79,0.8,0.81,0.81,0.82,0.81,0.81,0.82,0.82,0.83,0.82,0.81,0.82,0.83,0.83,0.83,0.83,0.83,0.84,0.84,0.83,0.84,0.83,0.84,0.85,0.84,0.85,0.84,0.84,0.84,0.85,0.85,0.85,0.85,0.85,0.85,0.86,0.86,0.85,0.85,0.85,0.86,0.87,0.86,0.85,0.86,0.86,0.87,0.87,0.86,0.86,0.87,0.87,0.88,0.87,0.86,0.87,0.88,0.88,0.88,0.87,0.87,0.88,0.88,0.89,0.89,0.88,0.88,0.89,0.9,0.9,0.88,0.88,0.89,0.89,0.9,0.9,0.89,0.89,0.9,0.9,0.91,0.89,0.89,0.9,0.91,0.91,0.9,0.89,0.9,0.9,0.9,0.91,0.91,0.9,0.9,0.91,0.92,0.92,0.91,0.91,0.91,0.91,0.92,0.91,0.91,0.91,0.91,0.92,0.92,0.91,0.91,0.91,0.92,0.92,0.91,0.91,0.91,0.91,0.92,0.92,0.91,0.92,0.91,0.91,0.92,0.91,0.92,0.91,0.91,0.92,0.92,0.91,0.92,0.92,0.92,0.92,0.91,0.91,0.92,0.92,0.93,0.93,0.91,0.92,0.93,0.93,0.94,0.93,0.93,0.92,0.92,0.94
0,0.03,0.08,0.12,0.18,0.22,0.25,0.28,0.32,0.35,0.39,0.41,0.43,0.46,0.48,0.51,0.53,0.54,0.57,0.6,0.62,0.63,0.63,0.65,0.67,0.68,0.7,0.71,0.7,0.72,0.74,0.76,0.78,0.78,0.78,0.79,0.81,0.82,0.83,0.82,0.83,0.85,0.86,0.88,0.88,0.88,0.9,0.91,0.92,0.91,0.9,0.92,0.93,0.95,0.97,0.97,0.96,0.96,0.97,0.99,0.99,0.99,1.01,1.02,1.04,1.04,1.03,1.03,1.05,1.05,1.07,1.07,1.06,1.07,1.08,1.09,1.1,1.09,1.09,1.1,1.11,1.12,1.12,1.11,1.12,1.13,1.14,1.15,1.14,1.14,1.15,1.15,1.16,1.17,1.16,1.17,1.17,1.18,1.19,1.18,1.18,1.19,1.19,1.2,1.21,1.2,1.2,1.21,1.22,1.23,1.22,1.21,1.22,1.23,1.24,1.24,1.23,1.24,1.24,1.25,1.26,1.25,1.24,1.26,1.26,1.27,1.27,1.26,1.27,1.28,1.29,1.29,1.29,1.28,1.29,1.3,1.3,1.3,1.29,1.29,1.3,1.31,1.32,1.31,1.31,1.32,1.33,1.34,1.34,1.33,1.33,1.34,1.34,1.35,1.34,1.33,1.34,1.35,1.35,1.35,1.34,1.35,1.36,1.36,1.37,1.36,1.35,1.37,1.37,1.38,1.38,1.36,1.37,1.38,1.38,1.38,1.37,1.37,1.38,1.39,1.4,1.4,1.39,1.39,1.4,1.41,1.42,1.4,1.4,1.41,1.42,1.43,1.43,1.41,1.41,1.42,1.43,1.44,1.43,1.42,1.43,1.44,1.45,1.44,1.43,1.43,1.44,1.45,1.46,1.45,1.44,1.45,1.46,1.46,1.46,1.45,1.45,1.46,1.47,1.47,1.46,1.46,1.47,1.47,1.48,1.48,1.46,1.47,1.48,1.48,1.48,1.47,1.46,1.47,1.48,1.49,1.49,1.48,1.48,1.49,1.5,1.51,1.49,1.49,1.49,1.5,1.5,1.5,1.49,1.49,1.5,1.5,1.51,1.49,1.5,1.51,1.51,1.52,1.51,1.49,1.49,1.5,1.51,1.52,1.5,1.49,1.5,1.5,1.51,1.51,1.5,1.5,1.51,1.51,1.51,1.5,1.5,1.51,1.51,1.51,1.51,1.5,1.51,1.51,1.52,1.52,1.51,1.5,1.51,1.51,1.52,1.52,1.51,1.51,1.52,1.52,1.53,1.52,1.51,1.52,1.52,1.53
0,0.02,0.05,0.09,0.13,0.15,0.17,0.21,0.24,0.26,0.28,0.3,0.32,0.35,0.37,0.39,0.41,0.42,0.44,0.46,0.48,0.49,0.5,0.51,0.53,0.54,0.56,0.57,0.56,0.57,0.59,0.61,0.62,0.61,0.62,0.63,0.64,0.66,0.67,0.66,0.67,0.68,0.69,0.7,0.7,0.71,0.72,0.73,0.74,0.74,0.74,0.75,0.76,0.77,0.79,0.78,0.77,0.79,0.8,0.81,0.82,0.81,0.81,0.81,0.82,0.84,0.83,0.84,0.85,0.86,0.87,0.88,0.88,0.88,0.88,0.88,0.88,0.88,0.88,0.89,0.89,0.91,0.9,0.9,0.91,0.92,0.93,0.95,0.95,0.95,0.95,0.95,0.95,0.95,0.95,0.96,0.98,0.99,0.98,0.97,0.97,0.98,0.98,0.99,0.98,0.98,0.99,1.01,1.01,1.02,1.01,1,1.01,1.01,1.03,1.03,1.03,1.04,1.04,1.04,1.04,1.03,1.04,1.05,1.06,1.06,1.05,1.05,1.06,1.08,1.08,1.08,1.07,1.06,1.07,1.07,1.08,1.07,1.07,1.08,1.1,1.1,1.1,1.08,1.08,1.09,1.1,1.12,1.11,1.1,1.1,1.11,1.11,1.12,1.12,1.12,1.13,1.13,1.13,1.12,1.12,1.13,1.14,1.14,1.14,1.13,1.14,1.14,1.15,1.16,1.15,1.14,1.14,1.15,1.16,1.17,1.16,1.17,1.16,1.16,1.17,1.17,1.16,1.17,1.18,1.18,1.18,1.17,1.17,1.18,1.19,1.2,1.19,1.18,1.19,1.19,1.2,1.2,1.19,1.19,1.19,1.19,1.2,1.2,1.2,1.21,1.21,1.2,1.21,1.21,1.21,1.22,1.22,1.22,1.21,1.21,1.22,1.23,1.23,1.23,1.22,1.23,1.24,1.24,1.24,1.23,1.22,1.24,1.24,1.25,1.26,1.25,1.24,1.24,1.25,1.25,1.25,1.24,1.25,1.26,1.27,1.27,1.25,1.25,1.26,1.27,1.27,1.27,1.26,1.27,1.27,1.27,1.28,1.27,1.27,1.28,1.28,1.28,1.27,1.26,1.27,1.27,1.28,1.29,1.27,1.26,1.27,1.27,1.28,1.28,1.27,1.28,1.28,1.29,1.3,1.28,1.28,1.28,1.28,1.29,1.28,1.27,1.28,1.29,1.29,1.29,1.27,1.27,1.28,1.29,1.3,1.29,1.27,1.28,1.28,1.29,1.3,1.29,1.29,1.29,1.29,1.3
0,0.01,0.05,0.11,0.16,0.22,0.26,0.29,0.34,0.39,0.44,0.47,0.49,0.52,0.55,0.59,0.63,0.64,0.65,0.68,0.71,0.74,0.76,0.78,0.8,0.83,0.85,0.87,0.88,0.89,0.91,0.93,0.94,0.96,0.96,0.98,0.99,1.01,1.03,1.03,1.04,1.06,1.07,1.09,1.1,1.1,1.12,1.14,1.15,1.17,1.17,1.17,1.19,1.21,1.23,1.24,1.23,1.23,1.25,1.27,1.29,1.29,1.29,1.3,1.31,1.32,1.33,1.32,1.33,1.35,1.36,1.37,1.36,1.36,1.38,1.4,1.41,1.41,1.4,1.41,1.42,1.42,1.43,1.44,1.44,1.45,1.45,1.47,1.48,1.47,1.47,1.48,1.49,1.51,1.51,1.51,1.52,1.52,1.53,1.52,1.52,1.54,1.55,1.56,1.57,1.55,1.55,1.56,1.58,1.59,1.59,1.58,1.58,1.59,1.6,1.62,1.61,1.6,1.62,1.63,1.63,1.63,1.62,1.62,1.63,1.65,1.66,1.65,1.65,1.67,1.68,1.69,1.68,1.66,1.67,1.68,1.7,1.71,1.71,1.7,1.7,1.71,1.71,1.72,1.71,1.72,1.73,1.74,1.76,1.74,1.73,1.73,1.74,1.75,1.75,1.75,1.76,1.77,1.77,1.77,1.76,1.76,1.77,1.78,1.79,1.8,1.79,1.79,1.8,1.8,1.8,1.79,1.79,1.8,1.82,1.83,1.83,1.82,1.82,1.82,1.82,1.83,1.82,1.82,1.84,1.84,1.85,1.84,1.83,1.83,1.84,1.86,1.87,1.86,1.86,1.86,1.86,1.87,1.87,1.86,1.87,1.89,1.89,1.89,1.88,1.87,1.89,1.9,1.9,1.9,1.88,1.89,1.91,1.91,1.92,1.9,1.89,1.91,1.92,1.93,1.93,1.91,1.91,1.92,1.93,1.94,1.93,1.91,1.92,1.93,1.94,1.94,1.93,1.94,1.94,1.95,1.96,1.95,1.95,1.96,1.97,1.98,1.98,1.96,1.96,1.96,1.96,1.98,1.97,1.97,1.98,1.98,1.99,1.99,1.98,1.97,1.98,1.98,1.98,1.97,1.98,1.99,1.99,2,2,1.98,1.99,1.99,1.99,1.99,1.98,1.98,1.99,2,2,1.99,1.97,1.98,1.99,2,2,1.99,1.98,1.98,1.99,2.01,2.01,1.99,1.99,2,2,2,1.98,1.98,2,2,2.02,2.01,1.99,1.99,2,2.02
0,0.01,0.03,0.09,0.14,0.19,0.23,0.27,0.31,0.35,0.39,0.44,0.45,0.47,0.5,0.53,0.57,0.59,0.61,0.64,0.67,0.7,0.73,0.74,0.75,0.77,0.78,0.81,0.82,0.83,0.85,0.87,0.9,0.92,0.91,0.91,0.93,0.95,0.97,0.98,0.99,1,1.02,1.03,1.05,1.05,1.06,1.08,1.09,1.11,1.12,1.12,1.13,1.14,1.16,1.18,1.17,1.17,1.18,1.2,1.22,1.22,1.21,1.22,1.24,1.25,1.27,1.26,1.26,1.27,1.29,1.3,1.3,1.3,1.31,1.31,1.32,1.34,1.33,1.32,1.34,1.36,1.37,1.37,1.36,1.38,1.39,1.39,1.4,1.39,1.4,1.41,1.42,1.42,1.42,1.42,1.43,1.44,1.45,1.47,1.46,1.45,1.46,1.47,1.49,1.48,1.47,1.48,1.49,1.51,1.52,1.51,1.5,1.51,1.53,1.54,1.54,1.52,1.53,1.55,1.56,1.57,1.56,1.55,1.56,1.57,1.59,1.59,1.57,1.57,1.59,1.6,1.61,1.59,1.59,1.6,1.61,1.63,1.63,1.61,1.62,1.62,1.63,1.65,1.64,1.64,1.65,1.65,1.65,1.65,1.65,1.66,1.67,1.67,1.67,1.66,1.66,1.67,1.68,1.7,1.69,1.67,1.68,1.69,1.71,1.71,1.7,1.7,1.71,1.71,1.72,1.72,1.71,1.72,1.73,1.75,1.75,1.73,1.73,1.74,1.74,1.76,1.75,1.74,1.74,1.75,1.76,1.77,1.76,1.75,1.76,1.77,1.78,1.78,1.77,1.78,1.78,1.79,1.8,1.79,1.79,1.79,1.8,1.81,1.82,1.8,1.8,1.8,1.81,1.81,1.8,1.8,1.82,1.82,1.83,1.82,1.81,1.82,1.83,1.84,1.84,1.82,1.82,1.83,1.84,1.85,1.85,1.84,1.85,1.85,1.86,1.87,1.86,1.86,1.86,1.87,1.87,1.86,1.85,1.86,1.87,1.88,1.89,1.88,1.87,1.88,1.89,1.9,1.89,1.87,1.88,1.88,1.89,1.9,1.89,1.89,1.9,1.9,1.9,1.89,1.87,1.89,1.9,1.91,1.91,1.89,1.89,1.9,1.9,1.91,1.9,1.88,1.9,1.9,1.91,1.91,1.89,1.89,1.91,1.91,1.92,1.9,1.89,1.89,1.9,1.91,1.92,1.91,1.9,1.91,1.91,1.92,1.92,1.91,1.91,1.92,1.93,1.94,1.92,1.92,1.92,1.94
0,0.04,0.1,0.16,0.22,0.24,0.28,0.33,0.38,0.42,0.45,0.47,0.5,0.54,0.57,0.6,0.61,0.63,0.67,0.69,0.72,0.74,0.75,0.77,0.8,0.82,0.84,0.85,0.86,0.89,0.92,0.94,0.95,0.94,0.96,0.98,1,1.03,1.03,1.03,1.05,1.07,1.09,1.11,1.11,1.11,1.12,1.14,1.16,1.17,1.17,1.19,1.2,1.22,1.23,1.22,1.23,1.25,1.26,1.28,1.27,1.26,1.28,1.3,1.32,1.32,1.31,1.32,1.33,1.35,1.37,1.36,1.35,1.36,1.37,1.4,1.41,1.39,1.39,1.41,1.43,1.44,1.43,1.43,1.44,1.45,1.47,1.48,1.46,1.47,1.48,1.49,1.51,1.5,1.49,1.51,1.52,1.54,1.54,1.52,1.53,1.55,1.56,1.56,1.56,1.56,1.58,1.59,1.6,1.6,1.59,1.6,1.61,1.62,1.62,1.61,1.61,1.63,1.64,1.64,1.64,1.63,1.64,1.65,1.66,1.67,1.67,1.66,1.67,1.68,1.69,1.69,1.68,1.68,1.7,1.7,1.71,1.7,1.7,1.72,1.72,1.73,1.73,1.72,1.72,1.73,1.73,1.75,1.74,1.74,1.75,1.75,1.76,1.77,1.76,1.76,1.78,1.78,1.79,1.78,1.77,1.79,1.8,1.8,1.8,1.79,1.8,1.8,1.8,1.82,1.82,1.81,1.81,1.82,1.83,1.84,1.82,1.82,1.83,1.84,1.86,1.85,1.84,1.85,1.85,1.86,1.87,1.86,1.85,1.86,1.87,1.89,1.88,1.87,1.87,1.88,1.89,1.9,1.88,1.88,1.89,1.9,1.92,1.9,1.89,1.9,1.92,1.92,1.92,1.9,1.91,1.92,1.92,1.93,1.92,1.91,1.93,1.94,1.94,1.94,1.93,1.93,1.94,1.94,1.95,1.95,1.94,1.94,1.95,1.97,1.97,1.96,1.95,1.96,1.97,1.99,1.98,1.96,1.97,1.98,2,2,1.98,1.98,1.98,2,2.01,1.99,1.98,1.99,2.01,2.02,2.01,1.99,2,2.02,2.02,2.02,2,2,2.01,2.01,2.02,2.02,2,2.01,2.02,2.01,2.02,2.02,2.01,2.02,2.01,2.02,2.03,2.02,2.02,2.02,2.02,2.04,2.03,2.01,2.02,2.03,2.04,2.03,2.01,2.01,2.03,2.04,2.04,2.02,2.02,2.04,2.05,2.04,2.04,2.03,2.04,2.04,2.04,2.05
0,0.04,0.09,0.15,0.2,0.24,0.27,0.31,0.35,0.4,0.43,0.44,0.46,0.5,0.53,0.58,0.59,0.59,0.62,0.65,0.68,0.7,0.71,0.73,0.76,0.79,0.81,0.81,0.81,0.83,0.85,0.88,0.9,0.89,0.9,0.92,0.94,0.97,0.97,0.96,0.98,1,1.02,1.04,1.04,1.05,1.06,1.07,1.09,1.1,1.1,1.11,1.12,1.14,1.15,1.14,1.15,1.16,1.17,1.19,1.19,1.19,1.2,1.21,1.23,1.24,1.23,1.23,1.24,1.26,1.27,1.27,1.26,1.28,1.3,1.31,1.31,1.3,1.31,1.33,1.33,1.34,1.33,1.33,1.34,1.36,1.37,1.38,1.36,1.37,1.38,1.39,1.4,1.4,1.39,1.41,1.42,1.43,1.43,1.42,1.43,1.43,1.44,1.46,1.46,1.44,1.45,1.46,1.48,1.49,1.48,1.48,1.49,1.49,1.51,1.51,1.5,1.51,1.52,1.53,1.54,1.53,1.54,1.55,1.55,1.56,1.55,1.54,1.55,1.56,1.56,1.57,1.57,1.57,1.57,1.58,1.59,1.59,1.58,1.59,1.6,1.61,1.61,1.6,1.6,1.61,1.62,1.63,1.62,1.6,1.62,1.64,1.64,1.64,1.62,1.62,1.64,1.65,1.66,1.65,1.63,1.65,1.66,1.67,1.68,1.67,1.66,1.67,1.68,1.69,1.69,1.67,1.68,1.68,1.69,1.71,1.7,1.69,1.69,1.7,1.7,1.71,1.7,1.71,1.72,1.73,1.73,1.72,1.72,1.73,1.73,1.74,1.74,1.73,1.74,1.74,1.74,1.75,1.74,1.75,1.76,1.76,1.76,1.76,1.75,1.76,1.77,1.78,1.78,1.76,1.76,1.77,1.78,1.79,1.79,1.78,1.79,1.79,1.79,1.8,1.79,1.79,1.8,1.81,1.81,1.81,1.8,1.81,1.81,1.81,1.82,1.81,1.81,1.82,1.83,1.83,1.82,1.8,1.82,1.83,1.84,1.84,1.82,1.82,1.84,1.85,1.86,1.85,1.83,1.83,1.84,1.85,1.85,1.85,1.85,1.86,1.85,1.85,1.84,1.83,1.85,1.86,1.86,1.87,1.84,1.84,1.85,1.86,1.87,1.86,1.84,1.85,1.86,1.87,1.87,1.85,1.85,1.85,1.85,1.86,1.86,1.85,1.85,1.86,1.87,1.88,1.86,1.86,1.86,1.86,1.87,1.87,1.85,1.86,1.87,1.89,1.9,1.87,1.87,1.88,1.88,1.9
0,0.06,0.15,0.22,0.32,0.4,0.45,0.53,0.6,0.66,0.73,0.76,0.8,0.87,0.93,1,1.03,1.05,1.1,1.15,1.18,1.22,1.24,1.26,1.31,1.34,1.38,1.41,1.41,1.43,1.47,1.5,1.55,1.55,1.56,1.59,1.62,1.65,1.67,1.67,1.7,1.72,1.75,1.78,1.78,1.79,1.82,1.84,1.87,1.88,1.87,1.9,1.93,1.95,1.97,1.96,1.96,1.99,2.02,2.04,2.05,2.03,2.05,2.08,2.1,2.12,2.11,2.11,2.14,2.16,2.17,2.18,2.17,2.19,2.21,2.23,2.26,2.25,2.24,2.26,2.27,2.3,2.31,2.3,2.31,2.33,2.34,2.36,2.34,2.33,2.36,2.38,2.4,2.41,2.4,2.42,2.44,2.45,2.46,2.45,2.44,2.46,2.47,2.5,2.5,2.48,2.5,2.53,2.55,2.57,2.54,2.53,2.55,2.57,2.59,2.6,2.58,2.58,2.6,2.62,2.64,2.62,2.61,2.63,2.64,2.66,2.66,2.64,2.66,2.68,2.69,2.7,2.68,2.68,2.7,2.71,2.73,2.74,2.72,2.73,2.75,2.77,2.78,2.76,2.75,2.78,2.79,2.81,2.81,2.78,2.79,2.81,2.82,2.84,2.82,2.81,2.84,2.84,2.86,2.86,2.84,2.85,2.87,2.88,2.89,2.87,2.87,2.89,2.9,2.92,2.92,2.9,2.9,2.92,2.93,2.94,2.92,2.92,2.94,2.95,2.96,2.96,2.94,2.95,2.97,2.98,2.99,2.97,2.96,2.98,2.98,3,3,2.97,2.99,3.01,3.02,3.03,3.01,3,3.01,3.01,3.03,3.02,3.01,3.02,3.03,3.04,3.05,3.03,3.02,3.04,3.06,3.07,3.08,3.05,3.06,3.08,3.08,3.09,3.07,3.06,3.08,3.08,3.1,3.09,3.08,3.08,3.1,3.11,3.12,3.1,3.09,3.1,3.11,3.13,3.14,3.12,3.13,3.14,3.15,3.16,3.14,3.13,3.15,3.16,3.18,3.18,3.15,3.15,3.16,3.18,3.19,3.17,3.16,3.17,3.18,3.2,3.19,3.17,3.18,3.19,3.19,3.2,3.18,3.17,3.18,3.19,3.2,3.2,3.17,3.18,3.18,3.19,3.21,3.18,3.17,3.18,3.19,3.2,3.2,3.18,3.19,3.21,3.22,3.22,3.19,3.18,3.2,3.21,3.23,3.23,3.2,3.2,3.21,3.22,3.23,3.2,3.2,3.21,3.22,3.23
0,0.02,0.08,0.13,0.19,0.24,0.26,0.31,0.36,0.4,0.45,0.48,0.5,0.54,0.58,0.6,0.62,0.63,0.66,0.69,0.72,0.75,0.75,0.75,0.77,0.8,0.83,0.85,0.84,0.86,0.89,0.92,0.94,0.93,0.93,0.95,0.98,1,1.02,1,1.01,1.03,1.04,1.07,1.07,1.07,1.08,1.09,1.11,1.12,1.11,1.12,1.15,1.17,1.18,1.17,1.16,1.19,1.19,1.21,1.22,1.21,1.22,1.23,1.25,1.27,1.25,1.25,1.26,1.28,1.29,1.3,1.29,1.3,1.3,1.31,1.33,1.32,1.32,1.34,1.36,1.37,1.37,1.35,1.36,1.38,1.39,1.41,1.4,1.38,1.39,1.4,1.41,1.42,1.42,1.42,1.44,1.44,1.45,1.43,1.43,1.45,1.46,1.47,1.48,1.47,1.47,1.48,1.48,1.49,1.48,1.48,1.5,1.51,1.52,1.53,1.52,1.52,1.52,1.53,1.54,1.53,1.53,1.54,1.54,1.55,1.55,1.54,1.54,1.55,1.56,1.58,1.57,1.56,1.57,1.57,1.58,1.59,1.58,1.59,1.6,1.61,1.63,1.61,1.6,1.6,1.61,1.62,1.63,1.62,1.62,1.62,1.63,1.64,1.64,1.63,1.65,1.65,1.66,1.66,1.64,1.64,1.65,1.66,1.66,1.65,1.65,1.66,1.68,1.68,1.69,1.66,1.66,1.67,1.68,1.69,1.69,1.68,1.69,1.7,1.7,1.7,1.69,1.69,1.7,1.71,1.73,1.72,1.7,1.71,1.71,1.72,1.73,1.72,1.72,1.74,1.74,1.74,1.73,1.72,1.74,1.75,1.76,1.77,1.74,1.74,1.74,1.75,1.77,1.77,1.75,1.76,1.76,1.77,1.78,1.77,1.77,1.78,1.79,1.81,1.8,1.78,1.78,1.78,1.79,1.8,1.78,1.79,1.8,1.81,1.82,1.81,1.79,1.8,1.81,1.82,1.83,1.81,1.81,1.82,1.83,1.83,1.82,1.8,1.81,1.82,1.83,1.84,1.82,1.82,1.83,1.83,1.84,1.83,1.82,1.84,1.84,1.85,1.85,1.82,1.82,1.82,1.83,1.84,1.83,1.82,1.83,1.84,1.84,1.84,1.82,1.83,1.84,1.85,1.85,1.84,1.83,1.84,1.84,1.84,1.85,1.83,1.83,1.84,1.84,1.86,1.85,1.84,1.85,1.85,1.86,1.85,1.84,1.84,1.85,1.85,1.86,1.84,1.83,1.85,1.86,1.86
0,0.03,0.1,0.17,0.25,0.3,0.33,0.38,0.44,0.5,0.56,0.58,0.61,0.67,0.7,0.74,0.77,0.78,0.81,0.85,0.88,0.92,0.94,0.96,0.99,1.02,1.05,1.06,1.06,1.1,1.13,1.15,1.17,1.17,1.18,1.21,1.22,1.25,1.27,1.26,1.27,1.3,1.33,1.34,1.34,1.34,1.37,1.39,1.41,1.42,1.41,1.43,1.45,1.47,1.49,1.47,1.47,1.5,1.52,1.54,1.55,1.54,1.55,1.56,1.58,1.59,1.58,1.58,1.6,1.62,1.64,1.65,1.64,1.64,1.66,1.67,1.69,1.68,1.69,1.71,1.72,1.73,1.73,1.71,1.72,1.73,1.75,1.77,1.76,1.76,1.78,1.78,1.79,1.79,1.78,1.79,1.82,1.84,1.86,1.84,1.84,1.86,1.87,1.87,1.88,1.86,1.88,1.89,1.9,1.92,1.91,1.9,1.92,1.92,1.93,1.93,1.92,1.93,1.95,1.96,1.97,1.95,1.95,1.97,1.98,1.98,1.98,1.96,1.97,1.99,2,2.02,2.01,2.01,2.02,2.02,2.04,2.04,2.02,2.03,2.05,2.06,2.07,2.05,2.05,2.06,2.06,2.08,2.08,2.07,2.08,2.09,2.1,2.11,2.09,2.08,2.09,2.1,2.12,2.12,2.1,2.1,2.12,2.13,2.14,2.13,2.13,2.15,2.15,2.15,2.15,2.13,2.14,2.15,2.17,2.19,2.16,2.15,2.16,2.17,2.18,2.18,2.17,2.18,2.19,2.19,2.2,2.19,2.18,2.21,2.22,2.22,2.22,2.2,2.21,2.23,2.24,2.25,2.23,2.21,2.22,2.23,2.24,2.25,2.23,2.24,2.26,2.27,2.28,2.25,2.24,2.26,2.27,2.28,2.29,2.27,2.28,2.28,2.29,2.3,2.28,2.27,2.28,2.29,2.31,2.31,2.28,2.29,2.31,2.32,2.34,2.33,2.31,2.32,2.33,2.33,2.33,2.31,2.32,2.33,2.34,2.35,2.33,2.32,2.34,2.34,2.36,2.36,2.34,2.35,2.36,2.37,2.39,2.37,2.36,2.37,2.37,2.37,2.37,2.34,2.35,2.36,2.36,2.38,2.36,2.35,2.37,2.37,2.38,2.38,2.36,2.37,2.37,2.38,2.38,2.36,2.35,2.36,2.37,2.38,2.37,2.36,2.37,2.38,2.39,2.4,2.38,2.36,2.37,2.37,2.38,2.39,2.37,2.38,2.39,2.4,2.41,2.39,2.39,2.4,2.4,2.41
0,0.05,0.14,0.21,0.29,0.34,0.39,0.47,0.52,0.57,0.63,0.65,0.69,0.75,0.8,0.85,0.87,0.88,0.93,0.97,1.01,1.03,1.04,1.07,1.11,1.13,1.17,1.19,1.19,1.22,1.25,1.28,1.29,1.29,1.32,1.35,1.37,1.4,1.41,1.41,1.44,1.46,1.48,1.5,1.5,1.52,1.54,1.56,1.58,1.57,1.57,1.61,1.63,1.65,1.66,1.64,1.66,1.69,1.71,1.73,1.72,1.72,1.74,1.77,1.79,1.8,1.78,1.79,1.82,1.84,1.86,1.85,1.85,1.87,1.88,1.9,1.91,1.9,1.91,1.93,1.94,1.95,1.95,1.94,1.96,1.98,2,2.02,1.99,1.99,2.01,2.03,2.05,2.04,2.03,2.04,2.06,2.08,2.09,2.07,2.07,2.09,2.1,2.13,2.11,2.1,2.12,2.13,2.15,2.15,2.15,2.15,2.16,2.17,2.19,2.19,2.18,2.19,2.2,2.21,2.23,2.22,2.21,2.23,2.24,2.27,2.25,2.23,2.25,2.26,2.28,2.29,2.28,2.29,2.31,2.32,2.33,2.31,2.3,2.32,2.33,2.35,2.36,2.33,2.33,2.35,2.36,2.38,2.37,2.36,2.37,2.38,2.4,2.41,2.39,2.39,2.4,2.41,2.43,2.42,2.41,2.41,2.43,2.44,2.45,2.43,2.44,2.45,2.46,2.47,2.47,2.46,2.47,2.47,2.48,2.48,2.46,2.47,2.5,2.51,2.52,2.51,2.49,2.5,2.5,2.51,2.53,2.52,2.52,2.54,2.55,2.55,2.54,2.53,2.54,2.55,2.57,2.58,2.56,2.55,2.56,2.57,2.58,2.57,2.56,2.58,2.59,2.6,2.6,2.58,2.59,2.61,2.61,2.62,2.61,2.59,2.61,2.62,2.64,2.64,2.62,2.62,2.63,2.65,2.67,2.65,2.64,2.65,2.66,2.67,2.67,2.64,2.64,2.65,2.67,2.69,2.68,2.67,2.68,2.69,2.7,2.69,2.67,2.67,2.69,2.71,2.72,2.71,2.7,2.71,2.72,2.73,2.74,2.71,2.72,2.73,2.74,2.74,2.71,2.69,2.71,2.72,2.73,2.74,2.71,2.72,2.73,2.74,2.75,2.74,2.71,2.72,2.72,2.73,2.73,2.71,2.72,2.73,2.73,2.74,2.72,2.71,2.73,2.75,2.75,2.76,2.72,2.72,2.73,2.74,2.75,2.74,2.73,2.76,2.76,2.77,2.77,2.73,2.73,2.75,2.75,2.77
0,0.04,0.14,0.25,0.36,0.47,0.53,0.62,0.73,0.83,0.92,0.98,1.02,1.09,1.16,1.24,1.31,1.33,1.37,1.43,1.48,1.55,1.58,1.6,1.65,1.7,1.75,1.8,1.81,1.84,1.89,1.93,1.98,2,1.99,2.04,2.08,2.13,2.16,2.15,2.17,2.21,2.24,2.28,2.3,2.3,2.34,2.38,2.41,2.44,2.42,2.44,2.49,2.52,2.55,2.55,2.55,2.58,2.62,2.65,2.68,2.65,2.65,2.69,2.71,2.75,2.76,2.75,2.78,2.81,2.83,2.85,2.83,2.84,2.87,2.89,2.93,2.93,2.91,2.93,2.95,2.98,3.01,2.99,2.99,3.02,3.04,3.07,3.06,3.04,3.06,3.09,3.12,3.15,3.12,3.13,3.16,3.18,3.2,3.2,3.18,3.21,3.23,3.26,3.28,3.25,3.25,3.28,3.3,3.33,3.32,3.3,3.32,3.35,3.37,3.39,3.36,3.36,3.39,3.41,3.43,3.43,3.41,3.43,3.45,3.47,3.49,3.47,3.46,3.49,3.52,3.54,3.54,3.51,3.53,3.55,3.57,3.59,3.56,3.56,3.58,3.6,3.63,3.62,3.6,3.61,3.63,3.65,3.67,3.64,3.64,3.66,3.68,3.71,3.7,3.68,3.7,3.72,3.74,3.75,3.73,3.72,3.75,3.77,3.79,3.78,3.75,3.77,3.79,3.8,3.82,3.79,3.79,3.81,3.83,3.85,3.84,3.81,3.83,3.84,3.86,3.88,3.84,3.84,3.87,3.88,3.9,3.9,3.87,3.88,3.9,3.92,3.94,3.91,3.91,3.94,3.94,3.96,3.95,3.93,3.95,3.97,3.98,3.99,3.96,3.96,3.99,4.01,4.02,4.01,3.98,4,4.02,4.03,4.04,4.01,4.01,4.03,4.05,4.07,4.07,4.04,4.05,4.07,4.08,4.09,4.06,4.05,4.08,4.09,4.12,4.11,4.09,4.1,4.12,4.13,4.15,4.13,4.11,4.14,4.14,4.17,4.17,4.14,4.15,4.17,4.18,4.19,4.15,4.16,4.18,4.2,4.22,4.2,4.18,4.19,4.19,4.2,4.21,4.18,4.17,4.19,4.19,4.21,4.2,4.17,4.18,4.2,4.21,4.23,4.19,4.19,4.21,4.21,4.23,4.22,4.2,4.21,4.22,4.23,4.23,4.2,4.2,4.22,4.23,4.25,4.23,4.2,4.22,4.24,4.25,4.27,4.24,4.23,4.26,4.27,4.28,4.26,4.23,4.24,4.25,4.28
0,0.02,0.03,0.03,0.04,0.04,0.05,0.06,0.06,0.07,0.07,0.08,0.09,0.09,0.09,0.09,0.1,0.1,0.11,0.11,0.11,0.12,0.13,0.13,0.14,0.13,0.14,0.14,0.15,0.15,0.15,0.15,0.15,0.16,0.16,0.16,0.16,0.16,0.17,0.17,0.17,0.17,0.16,0.17,0.18,0.18,0.18,0.18,0.18,0.18,0.19,0.19,0.19,0.19,0.19,0.19,0.19,0.19,0.19,0.2,0.2,0.2,0.2,0.2,0.2,0.2,0.2,0.21,0.2,0.2,0.2,0.21,0.21,0.21,0.21,0.21,0.21,0.22,0.21,0.22,0.22,0.21,0.22,0.22,0.22,0.22,0.22,0.22,0.22,0.22,0.23,0.23,0.22,0.23,0.23,0.23,0.23,0.22,0.23,0.22,0.23,0.23,0.22,0.23,0.23,0.23,0.23,0.23,0.23,0.23,0.23,0.24,0.24,0.23,0.24,0.23,0.24,0.24,0.23,0.24,0.24,0.24,0.24,0.24,0.24,0.24,0.24,0.24,0.24,0.24,0.24,0.24,0.24,0.24,0.25,0.24,0.24,0.25,0.25,0.25,0.25,0.24,0.25,0.25,0.24,0.25,0.24,0.24,0.25,0.24,0.25,0.25,0.24,0.25,0.26,0.25,0.26,0.25,0.25,0.25,0.25,0.25,0.25,0.25,0.25,0.25,0.26,0.26,0.25,0.25,0.25,0.25,0.25,0.25,0.25,0.25,0.25,0.26,0.25,0.25,0.26,0.25,0.26,0.25,0.25,0.26,0.25,0.26,0.26,0.25,0.26,0.25,0.26,0.26,0.27,0.26,0.26,0.25,0.26,0.26,0.25,0.26,0.26,0.26,0.26,0.26,0.26,0.26,0.27,0.26,0.26,0.27,0.26,0.26,0.26,0.26,0.27,0.26,0.26,0.26,0.26,0.26,0.27,0.26,0.26,0.26,0.26,0.26,0.27,0.26,0.27,0.27,0.27,0.27,0.26,0.26,0.26,0.26,0.26,0.26,0.26,0.26,0.27,0.26,0.27,0.26,0.26,0.27,0.27,0.27,0.27,0.27,0.26,0.27,0.26,0.27,0.27,0.27,0.27,0.28,0.27,0.27,0.26,0.26,0.27,0.27,0.26,0.26,0.26,0.26,0.27,0.27,0.27,0.27,0.26,0.27,0.27,0.27,0.26,0.27,0.27,0.27,0.27,0.27,0.26,0.27,0.27,0.27,0.27,0.26,0.26,0.27,0.27,0.27,0.27,0.27,0.26,0.27,0.27,0.26,0.27,0.28
0,0.01,0.03,0.04,0.05,0.06,0.07,0.08,0.09,0.1,0.1,0.11,0.12,0.12,0.14,0.14,0.14,0.15,0.15,0.16,0.17,0.18,0.18,0.18,0.19,0.19,0.2,0.2,0.2,0.22,0.22,0.22,0.22,0.22,0.22,0.23,0.23,0.23,0.24,0.24,0.25,0.26,0.27,0.26,0.26,0.27,0.27,0.28,0.28,0.27,0.28,0.29,0.29,0.29,0.29,0.29,0.29,0.3,0.3,0.3,0.3,0.3,0.31,0.32,0.32,0.32,0.31,0.32,0.32,0.32,0.32,0.32,0.33,0.34,0.33,0.34,0.33,0.34,0.34,0.34,0.34,0.34,0.34,0.34,0.35,0.35,0.35,0.35,0.35,0.35,0.35,0.35,0.35,0.35,0.35,0.36,0.36,0.37,0.36,0.36,0.36,0.36,0.37,0.37,0.37,0.37,0.37,0.37,0.38,0.38,0.38,0.38,0.38,0.39,0.39,0.38,0.39,0.38,0.39,0.39,0.39,0.39,0.39,0.39,0.4,0.4,0.4,0.39,0.4,0.4,0.4,0.4,0.39,0.4,0.4,0.4,0.4,0.4,0.39,0.4,0.41,0.4,0.41,0.41,0.41,0.41,0.41,0.41,0.41,0.41,0.42,0.42,0.42,0.41,0.41,0.41,0.42,0.42,0.42,0.42,0.42,0.42,0.42,0.43,0.42,0.43,0.43,0.42,0.43,0.43,0.43,0.43,0.43,0.43,0.43,0.43,0.43,0.43,0.43,0.44,0.44,0.43,0.43,0.44,0.43,0.44,0.44,0.43,0.44,0.44,0.45,0.45,0.44,0.43,0.44,0.44,0.45,0.44,0.43,0.44,0.44,0.45,0.44,0.44,0.44,0.44,0.45,0.45,0.45,0.44,0.45,0.45,0.45,0.45,0.45,0.45,0.45,0.45,0.45,0.45,0.45,0.46,0.45,0.46,0.46,0.45,0.45,0.45,0.46,0.46,0.46,0.45,0.46,0.46,0.46,0.47,0.46,0.45,0.46,0.46,0.46,0.46,0.46,0.46,0.47,0.47,0.46,0.46,0.46,0.47,0.47,0.47,0.46,0.47,0.47,0.47,0.47,0.47,0.47,0.47,0.47,0.47,0.47,0.47,0.47,0.47,0.47,0.47,0.47,0.46,0.47,0.47,0.47,0.47,0.47,0.47,0.47,0.47,0.47,0.47,0.47,0.47,0.47,0.47,0.47,0.47,0.47,0.47,0.47,0.48,0.48,0.47,0.46,0.47,0.47,0.47,0.47,0.47,0.47,0.48,0.48,0.48
0,0.02,0.02,0.03,0.04,0.05,0.06,0.07,0.07,0.08,0.08,0.09,0.09,0.1,0.1,0.09,0.1,0.1,0.11,0.11,0.11,0.11,0.12,0.12,0.13,0.12,0.12,0.12,0.13,0.14,0.14,0.13,0.13,0.14,0.14,0.14,0.15,0.14,0.15,0.15,0.16,0.16,0.15,0.15,0.15,0.16,0.16,0.15,0.16,0.16,0.16,0.17,0.17,0.16,0.16,0.17,0.17,0.17,0.17,0.17,0.17,0.17,0.17,0.18,0.17,0.17,0.17,0.17,0.17,0.18,0.18,0.18,0.18,0.18,0.18,0.18,0.18,0.19,0.18,0.19,0.18,0.18,0.18,0.18,0.19,0.18,0.18,0.18,0.18,0.19,0.19,0.19,0.18,0.18,0.19,0.19,0.19,0.19,0.19,0.19,0.2,0.2,0.19,0.19,0.19,0.2,0.2,0.2,0.2,0.2,0.2,0.2,0.21,0.21,0.2,0.2,0.2,0.2,0.2,0.2,0.2,0.2,0.21,0.21,0.2,0.2,0.2,0.2,0.2,0.2,0.2,0.2,0.2,0.21,0.21,0.21,0.21,0.2,0.21,0.21,0.21,0.21,0.21,0.22,0.22,0.21,0.21,0.21,0.21,0.21,0.22,0.22,0.21,0.21,0.21,0.21,0.21,0.21,0.21,0.21,0.22,0.22,0.22,0.22,0.21,0.21,0.22,0.22,0.22,0.21,0.21,0.21,0.21,0.22,0.21,0.21,0.22,0.22,0.22,0.22,0.22,0.21,0.22,0.22,0.22,0.22,0.22,0.22,0.22,0.23,0.22,0.22,0.23,0.23,0.23,0.22,0.22,0.22,0.23,0.24,0.23,0.23,0.22,0.23,0.23,0.23,0.23,0.22,0.22,0.23,0.23,0.23,0.23,0.22,0.22,0.23,0.23,0.23,0.23,0.22,0.23,0.23,0.23,0.23,0.22,0.23,0.23,0.23,0.23,0.22,0.23,0.23,0.23,0.23,0.22,0.22,0.23,0.22,0.23,0.23,0.23,0.23,0.23,0.23,0.24,0.23,0.23,0.24,0.23,0.24,0.24,0.23,0.23,0.23,0.23,0.24,0.23,0.23,0.24,0.24,0.24,0.24,0.23,0.23,0.24,0.23,0.23,0.23,0.23,0.23,0.23,0.24,0.24,0.23,0.24,0.24,0.23,0.23,0.23,0.22,0.23,0.22,0.23,0.23,0.23,0.23,0.23,0.23,0.23,0.23,0.23,0.22,0.23,0.24,0.23,0.23,0.23,0.24,0.24,0.24,0.24,0.24
0,0.08,0.23,0.36,0.51,0.61,0.69,0.81,0.94,1.05,1.15,1.21,1.27,1.37,1.45,1.54,1.59,1.62,1.69,1.77,1.84,1.91,1.92,1.95,2.02,2.08,2.14,2.17,2.18,2.24,2.3,2.35,2.4,2.4,2.42,2.47,2.52,2.58,2.6,2.59,2.64,2.69,2.73,2.76,2.76,2.78,2.82,2.86,2.9,2.92,2.9,2.93,2.98,3.02,3.05,3.03,3.05,3.09,3.12,3.17,3.19,3.17,3.19,3.23,3.27,3.3,3.28,3.29,3.33,3.36,3.39,3.4,3.38,3.41,3.43,3.47,3.5,3.48,3.47,3.52,3.54,3.58,3.59,3.57,3.59,3.62,3.65,3.68,3.65,3.65,3.7,3.72,3.75,3.74,3.72,3.74,3.77,3.8,3.83,3.79,3.79,3.83,3.86,3.89,3.89,3.87,3.89,3.92,3.93,3.97,3.94,3.93,3.96,3.98,4.02,4.03,4,4.01,4.05,4.07,4.09,4.06,4.05,4.09,4.11,4.14,4.14,4.11,4.13,4.16,4.18,4.2,4.17,4.16,4.19,4.22,4.25,4.24,4.21,4.23,4.25,4.26,4.29,4.26,4.26,4.29,4.31,4.34,4.34,4.31,4.32,4.35,4.37,4.4,4.37,4.35,4.38,4.41,4.43,4.43,4.39,4.4,4.43,4.46,4.48,4.44,4.44,4.47,4.49,4.51,4.51,4.48,4.5,4.52,4.54,4.56,4.52,4.51,4.55,4.56,4.58,4.58,4.54,4.56,4.59,4.6,4.63,4.6,4.59,4.61,4.63,4.65,4.65,4.62,4.63,4.65,4.67,4.7,4.66,4.66,4.68,4.7,4.72,4.72,4.68,4.7,4.72,4.73,4.76,4.72,4.71,4.74,4.75,4.78,4.77,4.74,4.75,4.78,4.79,4.81,4.78,4.77,4.8,4.81,4.84,4.83,4.8,4.81,4.84,4.86,4.87,4.84,4.83,4.85,4.87,4.89,4.89,4.85,4.87,4.89,4.91,4.93,4.89,4.88,4.91,4.93,4.95,4.94,4.91,4.93,4.95,4.97,4.99,4.95,4.94,4.96,4.97,4.99,4.97,4.93,4.94,4.96,4.97,4.99,4.95,4.94,4.96,4.96,4.99,4.97,4.94,4.96,4.97,4.98,5,4.96,4.95,4.97,4.99,5.01,5,4.97,4.98,4.99,5,5.03,4.99,4.98,5.01,5.01,5.04,5.03,4.99,5,5.02,5.04,5.05,5.02,5.01,5.04,5.05,5.05
0,0.1,0.26,0.44,0.59,0.73,0.83,0.97,1.11,1.24,1.36,1.42,1.5,1.62,1.72,1.83,1.89,1.92,2.02,2.13,2.21,2.29,2.3,2.36,2.45,2.52,2.6,2.64,2.65,2.71,2.78,2.85,2.92,2.91,2.95,3.02,3.08,3.14,3.16,3.16,3.22,3.27,3.33,3.38,3.37,3.4,3.45,3.49,3.54,3.56,3.56,3.61,3.66,3.71,3.75,3.73,3.74,3.8,3.84,3.89,3.91,3.9,3.94,3.98,4.03,4.06,4.04,4.05,4.1,4.13,4.17,4.18,4.17,4.2,4.25,4.28,4.32,4.29,4.3,4.35,4.37,4.42,4.42,4.4,4.43,4.47,4.5,4.54,4.52,4.52,4.56,4.59,4.63,4.63,4.6,4.64,4.66,4.7,4.74,4.7,4.71,4.75,4.78,4.82,4.81,4.79,4.82,4.85,4.88,4.91,4.89,4.89,4.92,4.94,4.98,4.98,4.96,4.98,5.01,5.05,5.07,5.04,5.04,5.08,5.11,5.15,5.14,5.1,5.13,5.17,5.2,5.23,5.19,5.18,5.22,5.25,5.28,5.27,5.24,5.27,5.31,5.33,5.35,5.32,5.32,5.35,5.37,5.4,5.39,5.37,5.39,5.41,5.44,5.47,5.43,5.42,5.45,5.47,5.51,5.5,5.48,5.5,5.51,5.54,5.56,5.53,5.53,5.56,5.58,5.62,5.61,5.58,5.61,5.63,5.65,5.67,5.63,5.63,5.66,5.68,5.72,5.71,5.67,5.7,5.72,5.74,5.77,5.73,5.72,5.75,5.77,5.81,5.79,5.76,5.79,5.81,5.83,5.85,5.81,5.81,5.84,5.86,5.89,5.89,5.86,5.87,5.89,5.92,5.93,5.89,5.9,5.92,5.94,5.97,5.95,5.92,5.94,5.96,5.99,6.02,5.97,5.96,5.99,6.02,6.04,6.04,6,6.02,6.04,6.07,6.09,6.04,6.04,6.07,6.09,6.12,6.11,6.07,6.09,6.12,6.14,6.16,6.11,6.11,6.14,6.16,6.19,6.17,6.13,6.16,6.18,6.21,6.23,6.18,6.18,6.21,6.22,6.24,6.21,6.17,6.19,6.21,6.22,6.24,6.19,6.18,6.2,6.22,6.24,6.22,6.19,6.21,6.22,6.24,6.25,6.21,6.21,6.24,6.25,6.28,6.26,6.22,6.23,6.26,6.27,6.28,6.23,6.23,6.26,6.27,6.3,6.29,6.25,6.27,6.29,6.31,6.32,6.27,6.27,6.29,6.3,6.32
0,0.04,0.15,0.29,0.45,0.59,0.68,0.78,0.92,1.05,1.17,1.25,1.3,1.4,1.5,1.6,1.69,1.73,1.79,1.87,1.95,2.03,2.08,2.1,2.17,2.24,2.31,2.37,2.38,2.41,2.49,2.55,2.61,2.63,2.63,2.7,2.75,2.8,2.85,2.85,2.87,2.93,2.97,3.03,3.05,3.04,3.09,3.13,3.18,3.23,3.22,3.23,3.29,3.33,3.37,3.38,3.37,3.4,3.45,3.49,3.52,3.51,3.53,3.57,3.6,3.65,3.66,3.64,3.68,3.72,3.75,3.78,3.77,3.77,3.81,3.84,3.88,3.89,3.87,3.91,3.94,3.97,4,3.98,3.98,4.02,4.04,4.09,4.09,4.07,4.1,4.13,4.16,4.19,4.16,4.16,4.2,4.23,4.26,4.26,4.24,4.26,4.29,4.32,4.35,4.33,4.32,4.36,4.38,4.42,4.41,4.39,4.41,4.44,4.46,4.49,4.47,4.47,4.5,4.52,4.56,4.55,4.53,4.55,4.58,4.61,4.63,4.61,4.61,4.64,4.66,4.69,4.69,4.66,4.69,4.71,4.73,4.76,4.73,4.73,4.76,4.77,4.8,4.8,4.77,4.8,4.82,4.85,4.87,4.83,4.84,4.87,4.88,4.91,4.91,4.88,4.89,4.92,4.94,4.97,4.93,4.93,4.96,4.99,5.02,5,4.98,5,5.02,5.05,5.07,5.04,5.03,5.06,5.08,5.1,5.1,5.08,5.09,5.11,5.14,5.16,5.12,5.12,5.15,5.17,5.19,5.19,5.16,5.18,5.19,5.21,5.23,5.2,5.2,5.23,5.24,5.27,5.26,5.23,5.24,5.27,5.29,5.3,5.27,5.27,5.29,5.31,5.34,5.33,5.3,5.31,5.34,5.36,5.37,5.34,5.34,5.36,5.37,5.4,5.39,5.35,5.38,5.4,5.41,5.44,5.41,5.4,5.42,5.44,5.47,5.46,5.43,5.45,5.47,5.49,5.51,5.48,5.46,5.5,5.51,5.54,5.54,5.5,5.51,5.54,5.55,5.57,5.54,5.52,5.55,5.57,5.59,5.59,5.56,5.57,5.58,5.59,5.6,5.57,5.55,5.57,5.58,5.6,5.58,5.55,5.56,5.58,5.6,5.61,5.57,5.57,5.59,5.59,5.62,5.6,5.57,5.59,5.6,5.62,5.63,5.59,5.58,5.61,5.62,5.65,5.64,5.6,5.62,5.63,5.65,5.67,5.62,5.62,5.64,5.64,5.68,5.66,5.62,5.65,5.66,5.68
0,0.06,0.18,0.31,0.46,0.59,0.68,0.79,0.9,1.01,1.14,1.21,1.27,1.37,1.46,1.55,1.62,1.66,1.72,1.8,1.87,1.95,1.99,2.02,2.08,2.15,2.22,2.27,2.28,2.32,2.38,2.43,2.49,2.51,2.52,2.57,2.63,2.68,2.72,2.72,2.76,2.81,2.85,2.9,2.91,2.91,2.96,3,3.04,3.07,3.07,3.1,3.14,3.18,3.22,3.22,3.22,3.26,3.3,3.33,3.35,3.34,3.36,3.41,3.44,3.48,3.48,3.48,3.5,3.54,3.58,3.6,3.57,3.59,3.63,3.67,3.71,3.7,3.69,3.73,3.76,3.79,3.81,3.79,3.8,3.83,3.87,3.9,3.88,3.87,3.9,3.93,3.96,3.98,3.96,3.97,4.01,4.03,4.06,4.05,4.04,4.06,4.09,4.12,4.13,4.12,4.12,4.14,4.17,4.2,4.19,4.19,4.21,4.23,4.26,4.27,4.25,4.26,4.28,4.31,4.34,4.32,4.31,4.33,4.35,4.38,4.39,4.37,4.38,4.41,4.43,4.46,4.44,4.43,4.46,4.48,4.5,4.52,4.49,4.49,4.52,4.54,4.57,4.56,4.55,4.56,4.59,4.61,4.62,4.6,4.6,4.62,4.65,4.68,4.66,4.65,4.66,4.69,4.72,4.72,4.69,4.7,4.73,4.75,4.77,4.75,4.73,4.76,4.77,4.8,4.81,4.78,4.79,4.81,4.83,4.86,4.84,4.81,4.84,4.86,4.88,4.89,4.85,4.87,4.9,4.91,4.93,4.92,4.9,4.92,4.94,4.96,4.97,4.94,4.95,4.98,4.99,5.01,4.99,4.98,5,5.02,5.03,5.05,5.01,5.01,5.04,5.06,5.08,5.06,5.04,5.06,5.08,5.1,5.11,5.08,5.08,5.1,5.12,5.14,5.13,5.11,5.13,5.14,5.17,5.18,5.14,5.14,5.17,5.18,5.2,5.18,5.17,5.19,5.2,5.22,5.23,5.2,5.2,5.22,5.24,5.26,5.23,5.22,5.24,5.25,5.28,5.29,5.25,5.26,5.28,5.29,5.31,5.3,5.28,5.29,5.3,5.31,5.31,5.27,5.28,5.29,5.3,5.32,5.29,5.27,5.29,5.3,5.31,5.31,5.28,5.29,5.3,5.31,5.33,5.31,5.29,5.3,5.32,5.34,5.34,5.3,5.3,5.32,5.34,5.36,5.33,5.32,5.34,5.34,5.36,5.36,5.33,5.33,5.35,5.36,5.39,5.36,5.34,5.37,5.38,5.39
0,0.06,0.18,0.29,0.41,0.53,0.61,0.71,0.82,0.92,1.02,1.06,1.13,1.23,1.32,1.39,1.45,1.48,1.55,1.62,1.69,1.76,1.78,1.81,1.87,1.94,2,2.04,2.04,2.08,2.14,2.2,2.25,2.25,2.27,2.32,2.36,2.41,2.44,2.43,2.47,2.52,2.57,2.61,2.61,2.62,2.66,2.7,2.74,2.76,2.76,2.79,2.82,2.86,2.9,2.89,2.89,2.93,2.97,3.01,3.03,3.02,3.04,3.08,3.11,3.13,3.12,3.12,3.16,3.19,3.23,3.24,3.22,3.25,3.28,3.3,3.33,3.32,3.32,3.35,3.38,3.41,3.42,3.41,3.43,3.46,3.49,3.51,3.5,3.5,3.53,3.56,3.59,3.6,3.57,3.59,3.62,3.65,3.68,3.66,3.64,3.68,3.71,3.74,3.75,3.72,3.73,3.76,3.78,3.81,3.79,3.78,3.81,3.83,3.87,3.87,3.85,3.86,3.9,3.92,3.94,3.92,3.92,3.94,3.96,3.99,3.99,3.96,3.98,4,4.02,4.05,4.02,4.02,4.05,4.06,4.08,4.09,4.06,4.08,4.1,4.12,4.14,4.13,4.11,4.14,4.16,4.18,4.18,4.16,4.16,4.19,4.22,4.23,4.21,4.2,4.23,4.24,4.27,4.27,4.24,4.26,4.29,4.3,4.32,4.31,4.29,4.31,4.33,4.35,4.35,4.33,4.35,4.37,4.39,4.41,4.38,4.37,4.39,4.41,4.44,4.44,4.41,4.41,4.44,4.46,4.48,4.45,4.44,4.47,4.49,4.51,4.51,4.48,4.49,4.51,4.53,4.55,4.53,4.52,4.54,4.55,4.58,4.57,4.54,4.55,4.57,4.6,4.61,4.59,4.57,4.6,4.62,4.64,4.63,4.6,4.62,4.64,4.65,4.67,4.65,4.65,4.67,4.67,4.69,4.69,4.66,4.67,4.69,4.7,4.72,4.7,4.7,4.72,4.72,4.75,4.76,4.73,4.74,4.76,4.77,4.78,4.76,4.75,4.77,4.78,4.81,4.81,4.78,4.78,4.81,4.83,4.84,4.82,4.81,4.83,4.83,4.85,4.84,4.81,4.82,4.83,4.84,4.85,4.83,4.82,4.83,4.83,4.85,4.85,4.82,4.82,4.83,4.85,4.87,4.84,4.83,4.84,4.85,4.88,4.87,4.83,4.85,4.86,4.88,4.89,4.86,4.85,4.87,4.87,4.9,4.89,4.86,4.87,4.88,4.9,4.92,4.89,4.88,4.89,4.9,4.92
0,0.05,0.18,0.3,0.42,0.53,0.6,0.69,0.8,0.89,0.98,1.04,1.09,1.17,1.25,1.32,1.4,1.42,1.46,1.53,1.59,1.66,1.69,1.71,1.77,1.83,1.88,1.93,1.94,1.98,2.03,2.09,2.14,2.15,2.15,2.21,2.25,2.3,2.33,2.32,2.34,2.4,2.43,2.48,2.47,2.48,2.52,2.56,2.6,2.62,2.61,2.63,2.67,2.71,2.75,2.75,2.75,2.78,2.8,2.84,2.87,2.85,2.87,2.91,2.94,2.97,2.97,2.97,3,3.02,3.07,3.1,3.08,3.09,3.12,3.14,3.18,3.17,3.16,3.2,3.22,3.24,3.26,3.24,3.25,3.29,3.3,3.33,3.33,3.32,3.36,3.38,3.41,3.42,3.4,3.41,3.43,3.45,3.48,3.47,3.46,3.48,3.51,3.54,3.56,3.54,3.55,3.58,3.6,3.63,3.62,3.61,3.63,3.65,3.67,3.69,3.66,3.67,3.7,3.72,3.75,3.74,3.72,3.74,3.76,3.79,3.81,3.78,3.78,3.81,3.83,3.85,3.83,3.83,3.85,3.87,3.89,3.9,3.87,3.88,3.91,3.92,3.95,3.93,3.91,3.94,3.96,3.98,3.99,3.97,3.98,4,4.02,4.04,4.03,4.01,4.03,4.05,4.07,4.08,4.06,4.06,4.08,4.1,4.12,4.1,4.09,4.11,4.13,4.15,4.16,4.13,4.14,4.16,4.18,4.2,4.18,4.16,4.19,4.2,4.22,4.24,4.2,4.2,4.23,4.24,4.26,4.25,4.23,4.25,4.27,4.3,4.3,4.28,4.28,4.3,4.31,4.33,4.32,4.3,4.32,4.33,4.35,4.36,4.33,4.34,4.36,4.37,4.4,4.39,4.37,4.38,4.4,4.42,4.43,4.4,4.41,4.43,4.44,4.46,4.45,4.42,4.44,4.46,4.48,4.49,4.45,4.46,4.49,4.49,4.52,4.5,4.49,4.5,4.51,4.54,4.55,4.52,4.52,4.54,4.55,4.57,4.56,4.54,4.55,4.56,4.59,4.6,4.57,4.57,4.58,4.6,4.62,4.6,4.58,4.6,4.61,4.63,4.63,4.59,4.59,4.61,4.62,4.64,4.61,4.58,4.61,4.62,4.63,4.64,4.6,4.6,4.62,4.63,4.65,4.62,4.6,4.63,4.64,4.66,4.66,4.62,4.62,4.65,4.66,4.67,4.65,4.63,4.65,4.66,4.68,4.69,4.65,4.65,4.67,4.69,4.71,4.68,4.66,4.68,4.69,4.71
0,0.07,0.18,0.29,0.41,0.5,0.56,0.65,0.76,0.85,0.94,0.97,1.02,1.1,1.18,1.25,1.29,1.31,1.37,1.44,1.5,1.55,1.55,1.58,1.65,1.7,1.75,1.78,1.79,1.83,1.87,1.92,1.96,1.96,1.98,2.03,2.07,2.12,2.13,2.14,2.17,2.21,2.25,2.28,2.26,2.28,2.33,2.36,2.4,2.41,2.4,2.42,2.47,2.49,2.52,2.51,2.52,2.56,2.59,2.63,2.64,2.62,2.65,2.68,2.7,2.74,2.72,2.72,2.75,2.77,2.81,2.82,2.81,2.83,2.86,2.88,2.9,2.89,2.89,2.93,2.94,2.98,2.98,2.96,2.99,3.03,3.05,3.07,3.04,3.05,3.08,3.1,3.13,3.13,3.11,3.13,3.16,3.18,3.2,3.18,3.17,3.2,3.22,3.25,3.25,3.23,3.25,3.28,3.3,3.32,3.3,3.3,3.32,3.33,3.36,3.36,3.33,3.35,3.38,3.4,3.43,3.4,3.4,3.43,3.45,3.47,3.47,3.45,3.46,3.48,3.5,3.52,3.49,3.49,3.52,3.54,3.56,3.56,3.53,3.55,3.57,3.6,3.62,3.59,3.58,3.61,3.63,3.65,3.64,3.62,3.63,3.65,3.67,3.69,3.67,3.66,3.69,3.7,3.72,3.72,3.7,3.71,3.73,3.75,3.77,3.74,3.73,3.76,3.78,3.8,3.79,3.77,3.78,3.79,3.82,3.83,3.8,3.8,3.83,3.84,3.86,3.85,3.83,3.85,3.86,3.88,3.9,3.87,3.87,3.89,3.9,3.93,3.92,3.89,3.9,3.93,3.95,3.96,3.94,3.93,3.95,3.97,3.99,3.98,3.95,3.96,3.99,4,4.02,3.99,3.98,4,4.02,4.03,4.03,4,4.02,4.04,4.05,4.06,4.04,4.04,4.06,4.07,4.09,4.08,4.06,4.07,4.09,4.1,4.11,4.09,4.08,4.1,4.12,4.14,4.13,4.11,4.11,4.14,4.15,4.17,4.14,4.14,4.15,4.17,4.19,4.18,4.15,4.16,4.18,4.19,4.2,4.18,4.17,4.19,4.2,4.22,4.2,4.17,4.18,4.19,4.21,4.21,4.18,4.18,4.19,4.2,4.22,4.2,4.17,4.19,4.2,4.21,4.22,4.19,4.18,4.2,4.21,4.22,4.22,4.19,4.21,4.23,4.24,4.24,4.22,4.21,4.24,4.24,4.26,4.24,4.21,4.23,4.25,4.26,4.28,4.24,4.23,4.25,4.26,4.28
0,0.06,0.18,0.31,0.43,0.53,0.6,0.71,0.81,0.9,0.98,1.03,1.09,1.17,1.25,1.34,1.38,1.42,1.48,1.54,1.61,1.67,1.69,1.72,1.78,1.84,1.89,1.91,1.93,1.99,2.03,2.08,2.13,2.14,2.16,2.21,2.25,2.3,2.31,2.31,2.35,2.39,2.44,2.48,2.47,2.48,2.52,2.57,2.61,2.61,2.61,2.65,2.68,2.72,2.75,2.74,2.76,2.79,2.83,2.87,2.87,2.86,2.9,2.93,2.96,2.99,2.97,2.98,3.03,3.05,3.08,3.09,3.08,3.1,3.13,3.17,3.2,3.18,3.18,3.21,3.23,3.27,3.27,3.26,3.28,3.31,3.34,3.37,3.35,3.35,3.39,3.41,3.43,3.43,3.42,3.45,3.47,3.49,3.52,3.5,3.52,3.55,3.56,3.59,3.58,3.56,3.58,3.61,3.64,3.66,3.63,3.63,3.66,3.69,3.72,3.71,3.69,3.72,3.74,3.76,3.78,3.76,3.75,3.78,3.8,3.83,3.82,3.81,3.84,3.86,3.87,3.89,3.87,3.88,3.89,3.91,3.94,3.94,3.91,3.94,3.96,3.98,4,3.98,3.97,4,4.01,4.04,4.03,4.01,4.03,4.05,4.07,4.08,4.06,4.06,4.08,4.1,4.13,4.11,4.1,4.12,4.13,4.16,4.18,4.15,4.15,4.17,4.19,4.21,4.2,4.18,4.2,4.21,4.23,4.25,4.22,4.22,4.24,4.26,4.29,4.28,4.25,4.28,4.3,4.31,4.32,4.3,4.3,4.32,4.34,4.37,4.36,4.33,4.35,4.37,4.39,4.4,4.37,4.37,4.4,4.41,4.44,4.43,4.4,4.41,4.44,4.46,4.46,4.44,4.44,4.46,4.48,4.5,4.49,4.47,4.49,4.5,4.52,4.53,4.51,4.51,4.52,4.54,4.56,4.55,4.52,4.54,4.56,4.58,4.59,4.56,4.56,4.58,4.6,4.62,4.6,4.57,4.59,4.61,4.63,4.64,4.61,4.61,4.64,4.65,4.67,4.65,4.63,4.65,4.66,4.68,4.69,4.66,4.65,4.68,4.69,4.71,4.69,4.66,4.68,4.69,4.71,4.71,4.67,4.67,4.69,4.7,4.71,4.7,4.68,4.69,4.7,4.71,4.72,4.69,4.7,4.72,4.72,4.74,4.72,4.69,4.71,4.73,4.74,4.75,4.72,4.71,4.73,4.74,4.76,4.75,4.73,4.74,4.75,4.76,4.77,4.75,4.74,4.77,4.78,4.78
0,0.01,0.01,0.07,0.17,0.26,0.36,0.45,0.53,0.63,0.72,0.81,0.89,0.93,0.99,1.06,1.12,1.2,1.24,1.27,1.34,1.41,1.46,1.52,1.53,1.56,1.63,1.68,1.73,1.76,1.77,1.81,1.85,1.89,1.95,1.96,1.98,2.03,2.07,2.11,2.13,2.12,2.16,2.2,2.25,2.28,2.28,2.3,2.33,2.36,2.39,2.4,2.4,2.43,2.47,2.51,2.54,2.54,2.54,2.57,2.6,2.62,2.65,2.65,2.67,2.7,2.73,2.76,2.75,2.76,2.78,2.81,2.84,2.85,2.84,2.87,2.9,2.92,2.94,2.93,2.94,2.98,3,3.03,3.04,3.03,3.04,3.06,3.09,3.11,3.1,3.1,3.13,3.15,3.17,3.17,3.16,3.18,3.2,3.23,3.25,3.23,3.24,3.26,3.28,3.3,3.31,3.3,3.31,3.33,3.35,3.37,3.36,3.36,3.38,3.4,3.42,3.42,3.4,3.42,3.44,3.46,3.48,3.47,3.47,3.5,3.51,3.54,3.54,3.53,3.54,3.56,3.58,3.6,3.59,3.59,3.61,3.62,3.64,3.64,3.62,3.63,3.65,3.67,3.69,3.67,3.67,3.7,3.72,3.74,3.74,3.72,3.74,3.76,3.78,3.79,3.77,3.77,3.8,3.81,3.83,3.82,3.81,3.82,3.84,3.85,3.87,3.85,3.85,3.86,3.88,3.91,3.91,3.88,3.9,3.93,3.94,3.95,3.94,3.94,3.95,3.96,3.99,3.99,3.98,3.99,4,4.01,4.02,4,4,4.02,4.03,4.06,4.06,4.04,4.05,4.06,4.07,4.08,4.06,4.05,4.08,4.1,4.12,4.12,4.09,4.1,4.12,4.14,4.16,4.14,4.12,4.14,4.15,4.18,4.18,4.16,4.17,4.18,4.19,4.2,4.17,4.17,4.19,4.22,4.24,4.24,4.22,4.22,4.23,4.25,4.26,4.25,4.24,4.25,4.26,4.28,4.28,4.26,4.27,4.28,4.29,4.31,4.3,4.29,4.3,4.32,4.33,4.32,4.3,4.32,4.33,4.35,4.36,4.33,4.33,4.34,4.36,4.38,4.37,4.35,4.35,4.35,4.37,4.38,4.35,4.34,4.35,4.36,4.39,4.38,4.36,4.36,4.37,4.39,4.41,4.38,4.38,4.39,4.39,4.41,4.41,4.38,4.39,4.4,4.42,4.43,4.41,4.4,4.41,4.42,4.44,4.43,4.41,4.42,4.43,4.44,4.45,4.43,4.43,4.45
0,0.05,0.12,0.19,0.27,0.32,0.37,0.45,0.52,0.58,0.63,0.66,0.71,0.76,0.81,0.86,0.89,0.92,0.96,1,1.03,1.06,1.08,1.12,1.16,1.19,1.23,1.24,1.25,1.29,1.32,1.35,1.38,1.38,1.4,1.43,1.45,1.48,1.49,1.5,1.53,1.56,1.58,1.6,1.59,1.61,1.64,1.66,1.69,1.7,1.71,1.74,1.76,1.78,1.8,1.79,1.81,1.82,1.85,1.88,1.88,1.89,1.91,1.93,1.95,1.97,1.96,1.98,1.99,2,2.02,2.02,2.03,2.05,2.07,2.09,2.1,2.1,2.11,2.13,2.15,2.16,2.16,2.16,2.17,2.18,2.2,2.2,2.19,2.21,2.24,2.26,2.28,2.27,2.27,2.28,2.29,2.31,2.32,2.32,2.32,2.33,2.34,2.36,2.35,2.36,2.38,2.4,2.41,2.41,2.4,2.4,2.42,2.43,2.45,2.44,2.44,2.45,2.46,2.48,2.48,2.47,2.48,2.5,2.51,2.53,2.52,2.52,2.53,2.54,2.56,2.56,2.55,2.55,2.57,2.58,2.59,2.59,2.58,2.6,2.61,2.63,2.63,2.63,2.64,2.66,2.67,2.68,2.67,2.67,2.69,2.7,2.71,2.72,2.7,2.71,2.73,2.74,2.75,2.74,2.73,2.74,2.75,2.76,2.77,2.76,2.76,2.78,2.79,2.81,2.8,2.79,2.81,2.81,2.82,2.83,2.82,2.83,2.84,2.85,2.85,2.84,2.84,2.86,2.87,2.89,2.9,2.88,2.88,2.89,2.89,2.91,2.91,2.91,2.92,2.93,2.93,2.93,2.92,2.93,2.94,2.94,2.96,2.96,2.95,2.97,2.98,2.99,2.98,2.96,2.97,2.98,3,3.01,3,2.99,3.01,3.01,3.02,3.02,3,3.01,3.02,3.04,3.05,3.04,3.03,3.05,3.06,3.08,3.07,3.06,3.06,3.07,3.07,3.09,3.09,3.08,3.1,3.11,3.11,3.12,3.1,3.1,3.11,3.12,3.13,3.12,3.11,3.12,3.13,3.14,3.15,3.13,3.13,3.14,3.15,3.15,3.14,3.13,3.14,3.14,3.15,3.15,3.13,3.14,3.15,3.15,3.16,3.15,3.14,3.16,3.16,3.17,3.18,3.16,3.16,3.17,3.18,3.19,3.18,3.16,3.18,3.19,3.19,3.19,3.17,3.18,3.19,3.2,3.22,3.2,3.19,3.21,3.21,3.22,3.22,3.21,3.21,3.21,3.21,3.22
0,0.02,0.09,0.15,0.22,0.29,0.33,0.39,0.45,0.51,0.56,0.6,0.63,0.68,0.72,0.77,0.82,0.84,0.86,0.91,0.95,0.99,1.01,1.02,1.06,1.08,1.11,1.13,1.14,1.16,1.19,1.22,1.26,1.27,1.28,1.31,1.35,1.37,1.39,1.39,1.41,1.44,1.46,1.49,1.5,1.51,1.53,1.55,1.58,1.59,1.59,1.59,1.62,1.64,1.67,1.68,1.68,1.7,1.72,1.74,1.75,1.74,1.76,1.79,1.81,1.83,1.83,1.83,1.85,1.86,1.88,1.89,1.89,1.9,1.93,1.95,1.96,1.96,1.96,1.97,1.98,2,2.01,2,2.01,2.03,2.04,2.05,2.05,2.04,2.07,2.09,2.12,2.13,2.12,2.12,2.14,2.15,2.16,2.16,2.16,2.18,2.19,2.2,2.21,2.21,2.21,2.22,2.23,2.24,2.25,2.25,2.26,2.26,2.27,2.28,2.27,2.28,2.3,2.32,2.33,2.33,2.32,2.34,2.35,2.37,2.38,2.36,2.35,2.36,2.38,2.39,2.39,2.38,2.39,2.4,2.42,2.44,2.43,2.43,2.44,2.46,2.48,2.47,2.45,2.47,2.48,2.49,2.5,2.49,2.5,2.51,2.51,2.52,2.51,2.5,2.52,2.54,2.55,2.56,2.55,2.55,2.56,2.56,2.57,2.57,2.56,2.57,2.59,2.61,2.61,2.6,2.61,2.62,2.63,2.64,2.64,2.63,2.64,2.64,2.65,2.65,2.65,2.66,2.67,2.68,2.69,2.68,2.67,2.68,2.69,2.7,2.72,2.7,2.7,2.71,2.71,2.74,2.73,2.73,2.74,2.74,2.74,2.75,2.74,2.74,2.76,2.77,2.78,2.77,2.77,2.77,2.78,2.78,2.79,2.79,2.79,2.8,2.82,2.83,2.82,2.8,2.82,2.82,2.83,2.83,2.82,2.83,2.84,2.85,2.86,2.84,2.83,2.84,2.85,2.86,2.87,2.86,2.86,2.88,2.89,2.9,2.89,2.88,2.89,2.89,2.91,2.91,2.89,2.89,2.9,2.91,2.93,2.92,2.9,2.91,2.93,2.93,2.93,2.91,2.91,2.92,2.92,2.93,2.93,2.92,2.92,2.93,2.94,2.94,2.93,2.92,2.93,2.94,2.94,2.93,2.92,2.94,2.94,2.95,2.95,2.94,2.94,2.95,2.96,2.96,2.95,2.94,2.96,2.96,2.97,2.97,2.96,2.96,2.97,2.98,2.99,2.98,2.97,2.98,2.99,2.99
0,0.02,0.08,0.14,0.21,0.26,0.3,0.35,0.4,0.46,0.51,0.55,0.59,0.64,0.68,0.72,0.75,0.77,0.81,0.84,0.88,0.91,0.93,0.95,0.99,1.02,1.05,1.07,1.08,1.1,1.14,1.17,1.2,1.21,1.22,1.24,1.26,1.28,1.3,1.3,1.32,1.34,1.37,1.4,1.42,1.42,1.45,1.47,1.49,1.51,1.51,1.52,1.53,1.55,1.57,1.57,1.58,1.61,1.63,1.65,1.67,1.67,1.68,1.7,1.71,1.72,1.72,1.72,1.73,1.75,1.76,1.79,1.79,1.8,1.82,1.83,1.84,1.84,1.85,1.87,1.89,1.91,1.92,1.92,1.93,1.95,1.96,1.97,1.97,1.97,1.99,2.01,2.02,2.03,2.03,2.03,2.05,2.06,2.08,2.07,2.07,2.09,2.1,2.11,2.13,2.12,2.12,2.14,2.16,2.17,2.17,2.17,2.18,2.19,2.2,2.21,2.2,2.21,2.22,2.23,2.24,2.23,2.23,2.25,2.27,2.28,2.3,2.28,2.28,2.29,2.3,2.31,2.3,2.3,2.32,2.35,2.36,2.36,2.34,2.34,2.35,2.38,2.39,2.39,2.39,2.39,2.4,2.41,2.41,2.4,2.41,2.43,2.44,2.45,2.45,2.44,2.45,2.45,2.46,2.46,2.45,2.46,2.48,2.49,2.5,2.5,2.49,2.5,2.5,2.51,2.52,2.51,2.51,2.52,2.53,2.54,2.54,2.53,2.54,2.55,2.56,2.57,2.56,2.56,2.57,2.58,2.59,2.58,2.58,2.59,2.6,2.61,2.62,2.61,2.61,2.62,2.62,2.64,2.64,2.64,2.65,2.66,2.67,2.68,2.67,2.67,2.68,2.69,2.7,2.69,2.68,2.69,2.69,2.7,2.7,2.69,2.69,2.7,2.71,2.72,2.71,2.71,2.73,2.74,2.76,2.77,2.75,2.75,2.75,2.75,2.75,2.75,2.75,2.77,2.78,2.79,2.8,2.79,2.79,2.81,2.81,2.81,2.8,2.8,2.81,2.83,2.84,2.84,2.83,2.83,2.83,2.84,2.86,2.85,2.84,2.85,2.85,2.85,2.85,2.84,2.85,2.86,2.86,2.87,2.86,2.84,2.85,2.86,2.87,2.88,2.87,2.87,2.87,2.87,2.88,2.87,2.87,2.88,2.88,2.88,2.88,2.87,2.88,2.88,2.9,2.9,2.89,2.88,2.89,2.89,2.9,2.91,2.9,2.9,2.91,2.92,2.93,2.92,2.9,2.92,2.92,2.93
0,0.03,0.1,0.18,0.27,0.35,0.4,0.47,0.55,0.63,0.7,0.75,0.79,0.86,0.92,0.98,1.03,1.05,1.08,1.14,1.19,1.24,1.27,1.29,1.33,1.38,1.41,1.45,1.46,1.48,1.52,1.57,1.61,1.62,1.63,1.66,1.69,1.72,1.75,1.76,1.79,1.83,1.87,1.9,1.91,1.91,1.94,1.97,1.99,2.02,2.03,2.05,2.08,2.11,2.14,2.15,2.15,2.17,2.2,2.22,2.24,2.24,2.25,2.27,2.29,2.32,2.34,2.34,2.37,2.39,2.41,2.42,2.41,2.42,2.44,2.46,2.49,2.49,2.49,2.51,2.53,2.56,2.57,2.56,2.57,2.59,2.62,2.64,2.64,2.63,2.65,2.67,2.69,2.71,2.69,2.7,2.73,2.75,2.76,2.76,2.75,2.77,2.8,2.82,2.83,2.81,2.81,2.83,2.86,2.88,2.88,2.88,2.89,2.91,2.92,2.94,2.92,2.93,2.95,2.96,2.98,2.98,2.97,2.99,3.01,3.03,3.04,3.02,3.03,3.04,3.06,3.07,3.07,3.07,3.08,3.09,3.11,3.12,3.11,3.11,3.13,3.14,3.17,3.16,3.16,3.17,3.18,3.2,3.21,3.2,3.2,3.22,3.23,3.25,3.25,3.23,3.25,3.26,3.28,3.29,3.28,3.28,3.29,3.31,3.33,3.32,3.31,3.32,3.33,3.35,3.36,3.35,3.35,3.36,3.37,3.39,3.39,3.38,3.39,3.4,3.42,3.43,3.41,3.41,3.43,3.44,3.46,3.45,3.44,3.45,3.46,3.47,3.48,3.47,3.47,3.48,3.49,3.5,3.49,3.48,3.49,3.5,3.51,3.52,3.5,3.5,3.52,3.53,3.55,3.54,3.53,3.54,3.55,3.56,3.57,3.55,3.55,3.56,3.57,3.59,3.58,3.57,3.58,3.59,3.6,3.61,3.6,3.59,3.6,3.61,3.63,3.62,3.61,3.62,3.63,3.65,3.65,3.64,3.64,3.65,3.66,3.68,3.67,3.66,3.67,3.68,3.69,3.71,3.68,3.69,3.7,3.71,3.72,3.72,3.7,3.72,3.72,3.73,3.73,3.72,3.72,3.73,3.74,3.75,3.73,3.72,3.73,3.74,3.74,3.75,3.73,3.73,3.74,3.75,3.76,3.75,3.73,3.74,3.75,3.77,3.77,3.75,3.75,3.76,3.77,3.79,3.78,3.77,3.78,3.79,3.79,3.8,3.79,3.78,3.8,3.81,3.81,3.8,3.79,3.81,3.82,3.82
0,0.02,0.08,0.15,0.23,0.31,0.36,0.43,0.5,0.56,0.63,0.67,0.71,0.77,0.82,0.87,0.92,0.95,0.98,1.02,1.06,1.11,1.13,1.15,1.18,1.22,1.26,1.29,1.3,1.33,1.36,1.4,1.44,1.46,1.47,1.51,1.54,1.57,1.6,1.6,1.62,1.64,1.67,1.7,1.71,1.71,1.73,1.76,1.79,1.82,1.82,1.84,1.87,1.89,1.92,1.92,1.92,1.94,1.96,1.99,2.01,2,2.02,2.05,2.07,2.1,2.1,2.09,2.11,2.13,2.15,2.17,2.16,2.17,2.19,2.21,2.23,2.24,2.23,2.25,2.27,2.29,2.31,2.3,2.31,2.33,2.35,2.37,2.38,2.38,2.41,2.42,2.44,2.46,2.45,2.46,2.48,2.5,2.51,2.51,2.51,2.52,2.53,2.55,2.57,2.56,2.56,2.58,2.59,2.61,2.61,2.61,2.62,2.63,2.65,2.67,2.66,2.66,2.68,2.69,2.71,2.71,2.71,2.72,2.73,2.74,2.75,2.74,2.75,2.76,2.77,2.78,2.78,2.77,2.78,2.8,2.82,2.83,2.81,2.82,2.84,2.84,2.86,2.86,2.86,2.87,2.88,2.9,2.91,2.9,2.91,2.92,2.93,2.95,2.94,2.93,2.94,2.96,2.97,2.98,2.97,2.97,2.99,3,3.01,3.01,3,3.02,3.03,3.04,3.05,3.03,3.04,3.05,3.07,3.09,3.07,3.06,3.06,3.07,3.08,3.1,3.09,3.09,3.11,3.11,3.13,3.13,3.12,3.13,3.15,3.16,3.18,3.16,3.16,3.17,3.18,3.19,3.18,3.17,3.18,3.2,3.22,3.23,3.21,3.21,3.22,3.23,3.25,3.24,3.23,3.25,3.26,3.27,3.28,3.27,3.27,3.28,3.28,3.3,3.29,3.28,3.29,3.3,3.32,3.32,3.31,3.31,3.32,3.34,3.35,3.35,3.33,3.34,3.36,3.36,3.37,3.36,3.35,3.37,3.38,3.4,3.39,3.38,3.39,3.39,3.4,3.41,3.4,3.4,3.41,3.42,3.44,3.43,3.42,3.42,3.44,3.44,3.45,3.43,3.43,3.44,3.44,3.45,3.44,3.43,3.44,3.45,3.45,3.46,3.44,3.44,3.45,3.46,3.46,3.46,3.45,3.46,3.46,3.47,3.48,3.47,3.46,3.47,3.48,3.49,3.48,3.48,3.48,3.49,3.5,3.5,3.49,3.49,3.5,3.5,3.52,3.51,3.5,3.51,3.51,3.52
0,0.03,0.09,0.16,0.23,0.31,0.36,0.42,0.49,0.55,0.61,0.65,0.68,0.73,0.78,0.83,0.87,0.89,0.92,0.97,1.01,1.07,1.09,1.11,1.15,1.19,1.22,1.26,1.28,1.3,1.34,1.37,1.4,1.41,1.42,1.45,1.48,1.5,1.53,1.53,1.56,1.59,1.62,1.65,1.66,1.67,1.69,1.71,1.74,1.76,1.76,1.77,1.79,1.82,1.84,1.84,1.84,1.86,1.88,1.9,1.92,1.92,1.94,1.97,1.99,2.01,2.01,2.02,2.04,2.06,2.09,2.1,2.1,2.1,2.12,2.14,2.16,2.16,2.17,2.19,2.21,2.23,2.24,2.24,2.25,2.27,2.28,2.3,2.29,2.29,2.3,2.31,2.33,2.34,2.34,2.35,2.38,2.39,2.42,2.41,2.41,2.43,2.44,2.46,2.47,2.46,2.47,2.49,2.5,2.51,2.51,2.51,2.53,2.54,2.56,2.57,2.56,2.56,2.58,2.59,2.61,2.6,2.6,2.61,2.62,2.64,2.65,2.64,2.64,2.66,2.68,2.69,2.68,2.68,2.69,2.7,2.71,2.73,2.71,2.72,2.74,2.75,2.76,2.75,2.75,2.76,2.77,2.79,2.79,2.79,2.79,2.81,2.82,2.83,2.82,2.81,2.82,2.82,2.84,2.85,2.84,2.85,2.87,2.88,2.9,2.89,2.88,2.89,2.9,2.92,2.93,2.91,2.91,2.92,2.93,2.94,2.93,2.93,2.94,2.95,2.97,2.98,2.97,2.98,2.99,3,3.01,3,2.99,3,3.02,3.03,3.04,3.03,3.02,3.03,3.04,3.06,3.05,3.05,3.06,3.07,3.08,3.08,3.07,3.07,3.08,3.09,3.1,3.1,3.1,3.1,3.11,3.13,3.13,3.11,3.11,3.12,3.13,3.15,3.14,3.14,3.15,3.16,3.17,3.17,3.16,3.16,3.17,3.19,3.21,3.2,3.2,3.21,3.21,3.22,3.22,3.21,3.21,3.22,3.23,3.25,3.24,3.23,3.24,3.25,3.26,3.27,3.25,3.25,3.26,3.27,3.29,3.27,3.26,3.27,3.28,3.29,3.29,3.27,3.27,3.28,3.29,3.31,3.29,3.28,3.29,3.29,3.3,3.31,3.29,3.29,3.3,3.31,3.32,3.31,3.3,3.31,3.32,3.33,3.33,3.31,3.31,3.32,3.33,3.34,3.33,3.32,3.33,3.34,3.35,3.36,3.34,3.34,3.35,3.36,3.37,3.36,3.35,3.36,3.36,3.37
0,0.03,0.1,0.18,0.28,0.36,0.43,0.51,0.59,0.67,0.76,0.81,0.86,0.93,0.99,1.04,1.1,1.11,1.16,1.21,1.26,1.32,1.36,1.39,1.43,1.48,1.54,1.58,1.6,1.63,1.68,1.72,1.76,1.77,1.79,1.83,1.86,1.9,1.93,1.93,1.95,1.99,2.03,2.07,2.08,2.09,2.13,2.16,2.19,2.22,2.22,2.24,2.27,2.3,2.34,2.35,2.35,2.38,2.41,2.43,2.46,2.45,2.47,2.5,2.53,2.56,2.56,2.57,2.59,2.61,2.64,2.66,2.66,2.67,2.7,2.72,2.74,2.74,2.74,2.77,2.79,2.81,2.83,2.82,2.83,2.86,2.88,2.91,2.9,2.89,2.91,2.93,2.96,2.98,2.97,2.97,3,3.03,3.05,3.04,3.04,3.06,3.08,3.09,3.11,3.11,3.12,3.15,3.16,3.18,3.17,3.16,3.19,3.21,3.23,3.25,3.24,3.24,3.26,3.28,3.3,3.29,3.28,3.31,3.33,3.35,3.37,3.35,3.35,3.37,3.39,3.42,3.41,3.4,3.42,3.44,3.46,3.47,3.46,3.47,3.49,3.5,3.52,3.52,3.51,3.52,3.54,3.55,3.56,3.55,3.56,3.58,3.6,3.61,3.61,3.6,3.62,3.63,3.65,3.66,3.64,3.65,3.67,3.68,3.7,3.69,3.68,3.69,3.71,3.73,3.74,3.73,3.73,3.74,3.75,3.77,3.77,3.75,3.77,3.78,3.8,3.81,3.8,3.8,3.82,3.84,3.86,3.85,3.84,3.85,3.86,3.87,3.88,3.87,3.87,3.89,3.9,3.92,3.92,3.91,3.93,3.94,3.96,3.97,3.95,3.95,3.98,3.99,4,3.99,3.98,3.98,4,4.03,4.04,4.02,4.02,4.04,4.05,4.07,4.06,4.05,4.06,4.07,4.09,4.1,4.08,4.08,4.1,4.11,4.13,4.12,4.11,4.12,4.13,4.15,4.16,4.14,4.14,4.16,4.18,4.19,4.18,4.17,4.18,4.2,4.21,4.22,4.19,4.19,4.2,4.21,4.22,4.21,4.2,4.22,4.22,4.23,4.24,4.22,4.22,4.24,4.24,4.26,4.24,4.23,4.24,4.25,4.26,4.26,4.24,4.24,4.26,4.27,4.29,4.28,4.27,4.28,4.28,4.29,4.3,4.28,4.27,4.29,4.31,4.33,4.31,4.29,4.31,4.32,4.33,4.33,4.32,4.32,4.34,4.35,4.36,4.35,4.33,4.34,4.35,4.36
0,0.04,0.11,0.17,0.23,0.28,0.32,0.37,0.43,0.49,0.54,0.57,0.61,0.65,0.69,0.73,0.75,0.77,0.81,0.85,0.88,0.93,0.93,0.96,0.99,1.01,1.04,1.05,1.06,1.09,1.12,1.16,1.19,1.19,1.21,1.24,1.26,1.28,1.29,1.29,1.32,1.34,1.36,1.37,1.37,1.37,1.4,1.42,1.45,1.45,1.46,1.49,1.51,1.54,1.55,1.53,1.54,1.57,1.58,1.6,1.6,1.61,1.63,1.65,1.67,1.69,1.68,1.7,1.72,1.73,1.75,1.74,1.74,1.76,1.77,1.79,1.8,1.79,1.79,1.81,1.82,1.85,1.86,1.85,1.87,1.88,1.9,1.9,1.89,1.9,1.93,1.95,1.97,1.97,1.96,1.98,1.99,2,2.01,2.01,2.01,2.03,2.03,2.04,2.03,2.03,2.05,2.07,2.09,2.1,2.09,2.1,2.11,2.12,2.14,2.13,2.12,2.14,2.15,2.15,2.16,2.14,2.16,2.18,2.19,2.21,2.21,2.2,2.21,2.23,2.24,2.25,2.23,2.23,2.24,2.25,2.26,2.25,2.25,2.27,2.29,2.3,2.31,2.3,2.3,2.31,2.32,2.33,2.32,2.32,2.34,2.36,2.37,2.37,2.35,2.35,2.36,2.37,2.39,2.39,2.39,2.4,2.41,2.41,2.41,2.39,2.4,2.41,2.42,2.43,2.43,2.42,2.43,2.43,2.45,2.45,2.44,2.44,2.45,2.46,2.48,2.47,2.46,2.47,2.48,2.49,2.5,2.49,2.49,2.5,2.51,2.52,2.52,2.51,2.52,2.53,2.54,2.54,2.53,2.53,2.54,2.55,2.57,2.56,2.55,2.56,2.57,2.58,2.59,2.59,2.59,2.61,2.61,2.62,2.62,2.61,2.62,2.63,2.64,2.64,2.62,2.62,2.63,2.63,2.65,2.64,2.64,2.65,2.66,2.67,2.67,2.65,2.65,2.66,2.67,2.68,2.68,2.67,2.69,2.7,2.71,2.72,2.7,2.7,2.71,2.72,2.72,2.72,2.7,2.71,2.73,2.73,2.74,2.73,2.74,2.75,2.75,2.76,2.74,2.72,2.73,2.73,2.74,2.75,2.74,2.74,2.75,2.76,2.77,2.76,2.74,2.74,2.74,2.76,2.76,2.75,2.76,2.77,2.78,2.79,2.77,2.75,2.77,2.78,2.8,2.8,2.78,2.78,2.78,2.78,2.8,2.79,2.79,2.8,2.8,2.81,2.81,2.79,2.8,2.81,2.82,2.82
0,0.06,0.15,0.24,0.33,0.4,0.46,0.54,0.62,0.7,0.76,0.81,0.86,0.93,0.99,1.05,1.07,1.1,1.15,1.2,1.26,1.29,1.32,1.36,1.4,1.44,1.48,1.48,1.51,1.55,1.59,1.64,1.66,1.67,1.7,1.74,1.76,1.78,1.79,1.8,1.84,1.87,1.91,1.92,1.91,1.93,1.96,1.99,2.01,2,2.01,2.04,2.07,2.09,2.1,2.11,2.13,2.15,2.18,2.2,2.2,2.21,2.24,2.26,2.29,2.3,2.3,2.31,2.33,2.35,2.36,2.36,2.36,2.39,2.41,2.43,2.44,2.43,2.45,2.47,2.5,2.52,2.51,2.52,2.54,2.55,2.57,2.57,2.57,2.58,2.6,2.62,2.63,2.62,2.62,2.64,2.66,2.67,2.68,2.67,2.68,2.7,2.72,2.73,2.72,2.72,2.74,2.75,2.77,2.77,2.76,2.77,2.79,2.8,2.81,2.8,2.8,2.82,2.83,2.86,2.85,2.84,2.85,2.87,2.88,2.9,2.88,2.88,2.9,2.92,2.93,2.93,2.92,2.93,2.94,2.95,2.97,2.96,2.96,2.98,2.99,3,3,2.99,3,3.01,3.03,3.04,3.02,3.02,3.04,3.05,3.06,3.05,3.04,3.05,3.07,3.08,3.09,3.08,3.08,3.09,3.09,3.11,3.11,3.1,3.11,3.12,3.14,3.15,3.13,3.13,3.14,3.16,3.17,3.18,3.16,3.16,3.17,3.19,3.21,3.19,3.19,3.21,3.22,3.23,3.22,3.21,3.22,3.24,3.25,3.26,3.24,3.24,3.26,3.27,3.29,3.28,3.26,3.27,3.28,3.29,3.3,3.28,3.28,3.3,3.31,3.32,3.32,3.3,3.31,3.33,3.33,3.35,3.33,3.32,3.34,3.35,3.37,3.37,3.35,3.36,3.37,3.39,3.4,3.37,3.36,3.38,3.39,3.41,3.41,3.39,3.4,3.41,3.42,3.43,3.42,3.41,3.42,3.43,3.45,3.44,3.43,3.44,3.45,3.46,3.47,3.46,3.45,3.46,3.48,3.49,3.48,3.46,3.47,3.48,3.49,3.49,3.47,3.46,3.48,3.49,3.5,3.49,3.47,3.47,3.48,3.49,3.49,3.47,3.47,3.48,3.49,3.5,3.49,3.47,3.48,3.49,3.5,3.51,3.49,3.49,3.5,3.51,3.52,3.51,3.49,3.5,3.51,3.52,3.53,3.51,3.51,3.52,3.52,3.54,3.53,3.51,3.52,3.53,3.54,3.54
0,0.08,0.19,0.31,0.42,0.5,0.58,0.68,0.77,0.87,0.95,1,1.07,1.14,1.21,1.28,1.31,1.35,1.42,1.48,1.55,1.59,1.61,1.65,1.7,1.75,1.81,1.83,1.85,1.89,1.94,1.99,2.03,2.03,2.05,2.09,2.13,2.17,2.18,2.19,2.23,2.28,2.32,2.35,2.35,2.38,2.41,2.44,2.47,2.48,2.48,2.51,2.54,2.57,2.59,2.58,2.6,2.63,2.66,2.69,2.69,2.69,2.71,2.74,2.77,2.8,2.78,2.8,2.82,2.85,2.88,2.88,2.88,2.9,2.92,2.95,2.97,2.96,2.97,2.99,3.01,3.04,3.04,3.03,3.05,3.06,3.1,3.12,3.1,3.11,3.13,3.16,3.18,3.18,3.18,3.2,3.22,3.24,3.25,3.24,3.25,3.27,3.29,3.31,3.3,3.29,3.32,3.34,3.36,3.37,3.35,3.36,3.38,3.4,3.42,3.41,3.4,3.42,3.44,3.45,3.46,3.45,3.45,3.48,3.49,3.52,3.51,3.5,3.52,3.53,3.55,3.56,3.54,3.55,3.57,3.59,3.6,3.59,3.58,3.6,3.61,3.63,3.64,3.62,3.62,3.64,3.66,3.68,3.67,3.66,3.68,3.7,3.72,3.72,3.7,3.71,3.73,3.74,3.77,3.76,3.74,3.75,3.76,3.78,3.78,3.77,3.77,3.79,3.8,3.82,3.8,3.79,3.81,3.83,3.85,3.85,3.83,3.83,3.86,3.87,3.89,3.88,3.87,3.88,3.89,3.91,3.92,3.9,3.9,3.92,3.94,3.95,3.93,3.92,3.94,3.95,3.96,3.97,3.94,3.94,3.96,3.97,3.99,3.97,3.97,3.99,4,4.02,4.03,4.02,4.02,4.04,4.05,4.06,4.04,4.03,4.04,4.06,4.08,4.09,4.07,4.07,4.08,4.09,4.1,4.09,4.07,4.08,4.1,4.12,4.13,4.12,4.12,4.14,4.15,4.17,4.15,4.14,4.14,4.15,4.17,4.18,4.15,4.17,4.18,4.19,4.21,4.19,4.18,4.19,4.2,4.22,4.22,4.2,4.21,4.22,4.23,4.24,4.21,4.2,4.2,4.21,4.22,4.22,4.19,4.19,4.2,4.21,4.22,4.2,4.2,4.21,4.22,4.23,4.23,4.21,4.22,4.23,4.24,4.25,4.24,4.22,4.23,4.24,4.25,4.25,4.23,4.22,4.23,4.25,4.27,4.26,4.24,4.26,4.26,4.28,4.28,4.24,4.24,4.25,4.26,4.28
0,0.01,0.09,0.24,0.39,0.56,0.69,0.79,0.91,1.04,1.18,1.3,1.37,1.46,1.56,1.65,1.74,1.82,1.86,1.94,2.03,2.11,2.18,2.21,2.26,2.33,2.4,2.47,2.52,2.54,2.61,2.67,2.74,2.79,2.8,2.83,2.89,2.94,3.01,3.04,3.04,3.08,3.14,3.19,3.24,3.24,3.25,3.3,3.35,3.4,3.41,3.41,3.45,3.5,3.54,3.58,3.57,3.59,3.63,3.66,3.7,3.72,3.71,3.75,3.78,3.82,3.85,3.84,3.84,3.89,3.92,3.96,3.97,3.97,4,4.04,4.07,4.1,4.08,4.08,4.13,4.16,4.19,4.19,4.17,4.19,4.22,4.26,4.28,4.27,4.28,4.32,4.35,4.38,4.39,4.37,4.39,4.42,4.45,4.48,4.47,4.47,4.51,4.53,4.56,4.56,4.53,4.55,4.58,4.62,4.65,4.63,4.63,4.66,4.68,4.7,4.71,4.7,4.71,4.74,4.77,4.8,4.78,4.77,4.8,4.83,4.87,4.87,4.84,4.86,4.89,4.91,4.93,4.9,4.9,4.93,4.96,4.98,4.97,4.95,4.97,5,5.03,5.05,5.02,5.01,5.04,5.06,5.09,5.1,5.07,5.09,5.11,5.13,5.14,5.11,5.11,5.14,5.17,5.2,5.19,5.17,5.18,5.21,5.23,5.25,5.22,5.22,5.24,5.26,5.29,5.28,5.26,5.27,5.28,5.31,5.33,5.31,5.31,5.33,5.35,5.37,5.37,5.34,5.36,5.37,5.39,5.42,5.39,5.39,5.41,5.42,5.45,5.45,5.42,5.44,5.46,5.48,5.49,5.46,5.46,5.49,5.5,5.53,5.52,5.5,5.52,5.54,5.56,5.57,5.54,5.54,5.56,5.58,5.6,5.6,5.57,5.59,5.61,5.62,5.64,5.61,5.61,5.63,5.65,5.67,5.66,5.64,5.65,5.67,5.69,5.7,5.68,5.67,5.7,5.71,5.73,5.73,5.7,5.72,5.73,5.75,5.77,5.74,5.73,5.76,5.77,5.8,5.8,5.77,5.78,5.8,5.82,5.84,5.8,5.79,5.82,5.84,5.85,5.83,5.79,5.8,5.82,5.84,5.85,5.81,5.8,5.83,5.83,5.85,5.85,5.81,5.82,5.84,5.85,5.86,5.82,5.81,5.84,5.85,5.87,5.86,5.83,5.84,5.85,5.87,5.89,5.86,5.84,5.85,5.87,5.9,5.88,5.85,5.86,5.87,5.89,5.91,5.87,5.86,5.88,5.91
0,0.01,0.05,0.14,0.24,0.35,0.45,0.51,0.6,0.7,0.79,0.88,0.93,0.98,1.05,1.12,1.2,1.26,1.29,1.34,1.4,1.46,1.52,1.54,1.59,1.64,1.7,1.74,1.78,1.8,1.84,1.88,1.92,1.96,1.98,2,2.05,2.09,2.13,2.16,2.16,2.19,2.23,2.26,2.3,2.3,2.3,2.33,2.36,2.39,2.42,2.42,2.45,2.47,2.49,2.52,2.52,2.53,2.56,2.59,2.62,2.63,2.63,2.66,2.69,2.72,2.74,2.73,2.74,2.76,2.79,2.82,2.84,2.83,2.84,2.87,2.89,2.92,2.92,2.91,2.93,2.96,2.99,3,2.99,3.01,3.03,3.05,3.07,3.07,3.07,3.09,3.11,3.14,3.15,3.14,3.15,3.17,3.19,3.21,3.2,3.2,3.22,3.24,3.26,3.27,3.26,3.27,3.29,3.31,3.33,3.32,3.32,3.34,3.35,3.37,3.37,3.36,3.37,3.38,3.4,3.42,3.42,3.42,3.44,3.45,3.47,3.48,3.46,3.47,3.49,3.51,3.53,3.51,3.51,3.53,3.55,3.57,3.57,3.55,3.56,3.57,3.59,3.6,3.59,3.59,3.61,3.62,3.64,3.65,3.64,3.65,3.67,3.68,3.7,3.68,3.67,3.67,3.68,3.7,3.7,3.68,3.69,3.71,3.74,3.76,3.75,3.74,3.76,3.77,3.78,3.78,3.76,3.76,3.79,3.81,3.83,3.82,3.81,3.83,3.83,3.84,3.84,3.82,3.82,3.84,3.86,3.89,3.88,3.86,3.88,3.89,3.91,3.92,3.91,3.9,3.91,3.93,3.95,3.94,3.93,3.94,3.95,3.97,3.97,3.95,3.96,3.97,3.98,4,3.98,3.98,3.99,4.01,4.02,4.03,4.01,4.01,4.03,4.04,4.06,4.04,4.03,4.04,4.05,4.07,4.07,4.06,4.06,4.07,4.09,4.1,4.09,4.08,4.09,4.1,4.12,4.12,4.1,4.1,4.12,4.13,4.15,4.13,4.12,4.13,4.13,4.15,4.15,4.12,4.13,4.14,4.16,4.18,4.17,4.16,4.17,4.18,4.19,4.19,4.17,4.17,4.17,4.18,4.2,4.17,4.16,4.16,4.17,4.17,4.17,4.15,4.15,4.16,4.17,4.18,4.17,4.16,4.17,4.18,4.19,4.19,4.17,4.17,4.18,4.19,4.2,4.18,4.18,4.19,4.2,4.21,4.21,4.19,4.19,4.2,4.2,4.22,4.21,4.19,4.21,4.22
0,0.02,0.12,0.26,0.4,0.54,0.63,0.73,0.86,0.98,1.1,1.2,1.26,1.35,1.45,1.54,1.63,1.67,1.72,1.81,1.88,1.97,2.02,2.06,2.12,2.18,2.25,2.31,2.32,2.35,2.4,2.46,2.53,2.57,2.58,2.64,2.69,2.74,2.79,2.79,2.82,2.88,2.93,2.98,3,3,3.04,3.08,3.13,3.17,3.17,3.19,3.23,3.26,3.31,3.32,3.32,3.36,3.4,3.44,3.47,3.47,3.49,3.52,3.54,3.58,3.59,3.58,3.6,3.64,3.67,3.71,3.7,3.72,3.76,3.79,3.83,3.84,3.83,3.86,3.89,3.92,3.95,3.93,3.94,3.97,3.99,4.02,4.02,4.01,4.03,4.06,4.09,4.11,4.09,4.1,4.13,4.15,4.19,4.2,4.19,4.21,4.24,4.26,4.28,4.27,4.27,4.31,4.34,4.37,4.37,4.35,4.38,4.4,4.43,4.45,4.43,4.44,4.47,4.49,4.51,4.51,4.5,4.51,4.54,4.55,4.58,4.56,4.56,4.59,4.61,4.64,4.64,4.62,4.64,4.66,4.69,4.7,4.69,4.69,4.71,4.73,4.76,4.76,4.74,4.75,4.78,4.8,4.82,4.8,4.8,4.82,4.83,4.86,4.85,4.84,4.85,4.87,4.89,4.91,4.89,4.89,4.92,4.93,4.95,4.95,4.93,4.95,4.97,4.99,5,4.97,4.97,4.99,5.01,5.04,5.03,5.01,5.02,5.04,5.06,5.08,5.06,5.06,5.09,5.1,5.13,5.12,5.1,5.11,5.12,5.14,5.16,5.14,5.15,5.16,5.17,5.2,5.2,5.17,5.19,5.2,5.22,5.24,5.21,5.21,5.24,5.26,5.29,5.28,5.25,5.26,5.28,5.29,5.31,5.28,5.28,5.3,5.32,5.33,5.32,5.31,5.33,5.34,5.36,5.37,5.34,5.34,5.36,5.38,5.41,5.4,5.38,5.39,5.4,5.41,5.43,5.4,5.4,5.42,5.43,5.45,5.44,5.43,5.44,5.46,5.48,5.49,5.46,5.46,5.47,5.48,5.5,5.5,5.48,5.5,5.51,5.52,5.52,5.49,5.49,5.5,5.51,5.53,5.52,5.49,5.5,5.51,5.53,5.54,5.5,5.49,5.5,5.51,5.53,5.52,5.5,5.52,5.53,5.55,5.56,5.53,5.52,5.53,5.53,5.55,5.53,5.51,5.53,5.56,5.57,5.58,5.54,5.53,5.54,5.56,5.58,5.57,5.56,5.58,5.59,5.59
0,0.05,0.16,0.29,0.44,0.57,0.67,0.77,0.91,1.04,1.16,1.23,1.3,1.4,1.51,1.61,1.69,1.72,1.78,1.88,1.95,2.04,2.09,2.12,2.19,2.25,2.33,2.38,2.4,2.45,2.51,2.58,2.64,2.67,2.69,2.74,2.79,2.85,2.89,2.9,2.93,2.98,3.03,3.09,3.1,3.1,3.15,3.19,3.24,3.28,3.28,3.31,3.35,3.4,3.44,3.43,3.43,3.47,3.5,3.54,3.57,3.56,3.59,3.63,3.65,3.7,3.7,3.7,3.73,3.77,3.81,3.84,3.82,3.84,3.87,3.9,3.94,3.95,3.94,3.97,4,4.04,4.06,4.04,4.06,4.09,4.12,4.15,4.15,4.14,4.17,4.2,4.24,4.27,4.26,4.27,4.3,4.33,4.36,4.35,4.35,4.37,4.4,4.42,4.45,4.43,4.43,4.47,4.49,4.53,4.52,4.51,4.53,4.55,4.58,4.6,4.58,4.59,4.62,4.65,4.67,4.67,4.66,4.68,4.7,4.73,4.74,4.71,4.72,4.74,4.77,4.8,4.79,4.78,4.8,4.82,4.84,4.86,4.83,4.84,4.86,4.89,4.91,4.9,4.89,4.91,4.94,4.96,4.97,4.95,4.95,4.98,4.99,5.02,5,4.99,5.01,5.03,5.05,5.07,5.05,5.06,5.08,5.1,5.13,5.11,5.1,5.12,5.13,5.15,5.16,5.12,5.13,5.16,5.19,5.21,5.2,5.18,5.19,5.21,5.24,5.26,5.23,5.23,5.25,5.27,5.3,5.28,5.27,5.29,5.3,5.33,5.34,5.31,5.31,5.33,5.34,5.37,5.36,5.35,5.37,5.39,5.41,5.42,5.39,5.39,5.41,5.42,5.45,5.43,5.42,5.44,5.46,5.48,5.49,5.46,5.46,5.49,5.5,5.53,5.5,5.48,5.5,5.51,5.54,5.55,5.53,5.53,5.56,5.58,5.6,5.57,5.55,5.58,5.6,5.62,5.63,5.6,5.6,5.61,5.62,5.65,5.64,5.62,5.64,5.65,5.66,5.67,5.65,5.66,5.68,5.7,5.71,5.69,5.67,5.69,5.7,5.72,5.72,5.69,5.68,5.69,5.7,5.71,5.7,5.68,5.7,5.71,5.72,5.72,5.69,5.69,5.7,5.72,5.74,5.72,5.7,5.72,5.72,5.73,5.74,5.71,5.72,5.74,5.75,5.77,5.75,5.72,5.73,5.75,5.77,5.78,5.75,5.75,5.76,5.78,5.79,5.77,5.74,5.76,5.77,5.79
0,0.02,0.03,0.04,0.05,0.07,0.08,0.1,0.11,0.12,0.14,0.15,0.16,0.17,0.17,0.17,0.19,0.2,0.21,0.21,0.22,0.22,0.24,0.24,0.24,0.24,0.25,0.25,0.26,0.27,0.27,0.27,0.28,0.29,0.3,0.3,0.3,0.3,0.31,0.32,0.33,0.33,0.33,0.33,0.33,0.34,0.34,0.34,0.34,0.35,0.36,0.35,0.36,0.36,0.36,0.37,0.37,0.37,0.38,0.38,0.38,0.38,0.38,0.39,0.38,0.38,0.39,0.39,0.39,0.39,0.39,0.4,0.4,0.4,0.4,0.41,0.41,0.41,0.41,0.41,0.42,0.42,0.41,0.42,0.42,0.43,0.43,0.42,0.42,0.43,0.43,0.44,0.43,0.43,0.43,0.43,0.44,0.44,0.44,0.45,0.45,0.45,0.45,0.45,0.45,0.45,0.45,0.46,0.46,0.45,0.46,0.46,0.46,0.46,0.46,0.46,0.46,0.46,0.47,0.47,0.46,0.47,0.47,0.46,0.47,0.47,0.47,0.47,0.47,0.48,0.47,0.47,0.47,0.48,0.48,0.48,0.48,0.48,0.48,0.48,0.49,0.49,0.48,0.48,0.49,0.49,0.49,0.49,0.49,0.48,0.49,0.49,0.49,0.48,0.49,0.49,0.5,0.5,0.5,0.5,0.49,0.49,0.5,0.5,0.49,0.49,0.5,0.51,0.51,0.5,0.5,0.5,0.5,0.5,0.51,0.51,0.51,0.51,0.51,0.51,0.51,0.51,0.51,0.51,0.51,0.51,0.51,0.51,0.51,0.52,0.52,0.52,0.51,0.52,0.52,0.51,0.52,0.52,0.51,0.52,0.52,0.52,0.51,0.51,0.52,0.52,0.52,0.52,0.52,0.53,0.52,0.53,0.53,0.52,0.52,0.53,0.53,0.53,0.53,0.53,0.53,0.52,0.52,0.53,0.52,0.52,0.52,0.53,0.53,0.53,0.53,0.53,0.52,0.53,0.54,0.53,0.53,0.54,0.54,0.53,0.53,0.53,0.54,0.53,0.53,0.54,0.53,0.53,0.53,0.54,0.53,0.53,0.54,0.54,0.54,0.54,0.55,0.54,0.53,0.53,0.54,0.53,0.53,0.53,0.53,0.53,0.53,0.53,0.53,0.53,0.53,0.54,0.54,0.53,0.53,0.54,0.54,0.53,0.54,0.53,0.52,0.53,0.53,0.54,0.53,0.53,0.54,0.54,0.54,0.54,0.54,0.53,0.53,0.53,0.54,0.53,0.53,0.54,0.54,0.54,0.54,0.55
0,0.01,0.03,0.06,0.09,0.11,0.13,0.14,0.16,0.19,0.21,0.23,0.25,0.26,0.27,0.28,0.29,0.31,0.33,0.33,0.34,0.35,0.36,0.37,0.39,0.4,0.41,0.42,0.42,0.43,0.44,0.45,0.46,0.46,0.47,0.48,0.49,0.49,0.49,0.48,0.49,0.51,0.52,0.54,0.54,0.54,0.54,0.54,0.55,0.56,0.56,0.56,0.57,0.59,0.59,0.59,0.59,0.6,0.6,0.61,0.61,0.61,0.62,0.63,0.63,0.64,0.64,0.64,0.65,0.65,0.66,0.66,0.66,0.66,0.66,0.67,0.68,0.67,0.67,0.68,0.69,0.7,0.69,0.69,0.69,0.7,0.71,0.71,0.7,0.7,0.71,0.72,0.72,0.73,0.73,0.73,0.72,0.73,0.74,0.73,0.73,0.73,0.74,0.75,0.75,0.74,0.75,0.76,0.76,0.76,0.75,0.76,0.77,0.77,0.77,0.77,0.77,0.77,0.77,0.78,0.78,0.77,0.77,0.78,0.79,0.79,0.79,0.79,0.8,0.8,0.8,0.8,0.8,0.8,0.8,0.81,0.82,0.81,0.8,0.8,0.81,0.81,0.81,0.81,0.81,0.81,0.81,0.82,0.82,0.81,0.81,0.82,0.82,0.83,0.82,0.82,0.82,0.82,0.83,0.83,0.83,0.84,0.83,0.84,0.85,0.84,0.83,0.84,0.84,0.84,0.84,0.84,0.84,0.84,0.85,0.85,0.84,0.84,0.85,0.85,0.85,0.85,0.85,0.85,0.85,0.86,0.86,0.85,0.85,0.85,0.86,0.87,0.86,0.86,0.87,0.86,0.87,0.87,0.87,0.86,0.87,0.87,0.87,0.87,0.87,0.87,0.87,0.88,0.88,0.88,0.87,0.88,0.88,0.88,0.88,0.88,0.88,0.88,0.89,0.9,0.89,0.88,0.89,0.89,0.9,0.89,0.89,0.9,0.89,0.89,0.9,0.9,0.89,0.89,0.9,0.9,0.9,0.9,0.91,0.9,0.9,0.91,0.91,0.9,0.9,0.91,0.91,0.9,0.9,0.91,0.91,0.91,0.91,0.9,0.9,0.91,0.92,0.92,0.91,0.9,0.91,0.91,0.91,0.91,0.91,0.91,0.91,0.91,0.92,0.91,0.9,0.91,0.92,0.92,0.91,0.91,0.91,0.92,0.91,0.91,0.91,0.91,0.91,0.91,0.92,0.92,0.91,0.91,0.92,0.92,0.92,0.91,0.9,0.91,0.92,0.92,0.92,0.91,0.92,0.92,0.92,0.92
0,0.04,0.09,0.14,0.17,0.2,0.23,0.27,0.31,0.35,0.38,0.41,0.45,0.48,0.51,0.53,0.54,0.56,0.59,0.62,0.65,0.66,0.66,0.68,0.71,0.73,0.76,0.76,0.77,0.79,0.81,0.83,0.83,0.83,0.85,0.87,0.89,0.9,0.91,0.91,0.92,0.93,0.95,0.96,0.96,0.97,0.98,1,1.02,1.01,1.01,1.03,1.04,1.05,1.06,1.06,1.06,1.08,1.09,1.11,1.1,1.09,1.1,1.12,1.14,1.15,1.13,1.14,1.15,1.16,1.18,1.18,1.19,1.19,1.19,1.2,1.21,1.21,1.22,1.23,1.23,1.23,1.23,1.24,1.25,1.26,1.28,1.28,1.27,1.28,1.28,1.29,1.3,1.3,1.3,1.31,1.31,1.32,1.32,1.32,1.32,1.33,1.34,1.34,1.34,1.34,1.35,1.36,1.36,1.36,1.35,1.35,1.36,1.37,1.39,1.38,1.38,1.39,1.39,1.39,1.4,1.4,1.41,1.42,1.42,1.42,1.42,1.42,1.43,1.44,1.44,1.43,1.43,1.44,1.45,1.45,1.45,1.44,1.44,1.45,1.46,1.47,1.48,1.47,1.48,1.48,1.48,1.49,1.49,1.49,1.49,1.5,1.5,1.5,1.48,1.49,1.5,1.51,1.53,1.53,1.53,1.53,1.52,1.52,1.53,1.53,1.54,1.54,1.54,1.54,1.54,1.54,1.55,1.55,1.55,1.55,1.54,1.55,1.56,1.57,1.58,1.57,1.56,1.58,1.59,1.59,1.58,1.57,1.58,1.59,1.6,1.61,1.6,1.59,1.6,1.6,1.61,1.61,1.61,1.61,1.62,1.62,1.62,1.61,1.61,1.62,1.63,1.63,1.64,1.63,1.63,1.64,1.65,1.65,1.65,1.65,1.65,1.64,1.65,1.65,1.64,1.65,1.65,1.65,1.65,1.64,1.64,1.65,1.65,1.67,1.67,1.67,1.66,1.66,1.68,1.68,1.68,1.68,1.68,1.68,1.68,1.68,1.67,1.68,1.68,1.7,1.7,1.69,1.68,1.69,1.69,1.7,1.7,1.7,1.7,1.71,1.7,1.7,1.69,1.68,1.7,1.7,1.7,1.7,1.69,1.7,1.7,1.71,1.71,1.7,1.69,1.7,1.71,1.72,1.71,1.7,1.7,1.69,1.7,1.71,1.7,1.7,1.71,1.71,1.71,1.71,1.7,1.7,1.71,1.72,1.73,1.72,1.71,1.71,1.72,1.72,1.73,1.72,1.72,1.73,1.74,1.74
0,0.01,0.02,0.03,0.05,0.07,0.09,0.11,0.13,0.15,0.16,0.18,0.19,0.21,0.22,0.24,0.26,0.28,0.3,0.31,0.32,0.33,0.34,0.34,0.36,0.37,0.39,0.39,0.4,0.41,0.43,0.44,0.45,0.45,0.46,0.47,0.48,0.49,0.5,0.51,0.52,0.53,0.54,0.55,0.55,0.55,0.55,0.56,0.58,0.59,0.6,0.61,0.61,0.62,0.63,0.63,0.63,0.64,0.64,0.65,0.66,0.67,0.68,0.69,0.69,0.7,0.7,0.69,0.7,0.7,0.71,0.72,0.73,0.74,0.75,0.75,0.75,0.75,0.75,0.75,0.75,0.76,0.77,0.78,0.78,0.79,0.79,0.79,0.79,0.79,0.8,0.8,0.81,0.82,0.82,0.83,0.84,0.85,0.85,0.84,0.84,0.84,0.84,0.85,0.86,0.86,0.87,0.88,0.89,0.89,0.88,0.88,0.87,0.87,0.88,0.88,0.89,0.89,0.9,0.91,0.91,0.91,0.91,0.92,0.92,0.93,0.93,0.93,0.93,0.94,0.94,0.95,0.95,0.95,0.95,0.95,0.96,0.97,0.97,0.98,0.98,0.99,0.99,0.98,0.97,0.97,0.97,0.98,0.98,0.99,1,1,1.01,1.01,1.01,1.01,1.01,1.02,1.03,1.03,1.03,1.03,1.03,1.04,1.03,1.03,1.02,1.02,1.03,1.03,1.04,1.04,1.04,1.05,1.06,1.06,1.06,1.06,1.06,1.07,1.07,1.07,1.07,1.07,1.07,1.07,1.07,1.07,1.07,1.07,1.07,1.07,1.08,1.08,1.08,1.09,1.09,1.09,1.09,1.09,1.09,1.09,1.09,1.1,1.1,1.1,1.11,1.11,1.11,1.11,1.11,1.11,1.11,1.12,1.13,1.14,1.15,1.15,1.16,1.15,1.15,1.14,1.14,1.14,1.15,1.15,1.15,1.15,1.16,1.17,1.17,1.17,1.17,1.17,1.17,1.17,1.17,1.17,1.17,1.17,1.17,1.17,1.17,1.17,1.17,1.17,1.18,1.19,1.19,1.2,1.2,1.21,1.2,1.19,1.19,1.19,1.19,1.19,1.2,1.2,1.2,1.2,1.21,1.21,1.2,1.2,1.21,1.21,1.22,1.23,1.23,1.23,1.23,1.23,1.23,1.22,1.22,1.22,1.22,1.22,1.23,1.23,1.23,1.24,1.25,1.25,1.25,1.24,1.24,1.24,1.24,1.24,1.25,1.25,1.26,1.27,1.27,1.26,1.26,1.25,1.25,1.27
0,0.02,0.06,0.11,0.15,0.19,0.22,0.26,0.3,0.34,0.38,0.4,0.43,0.46,0.48,0.5,0.53,0.54,0.56,0.58,0.6,0.63,0.64,0.65,0.67,0.68,0.71,0.72,0.73,0.75,0.76,0.77,0.78,0.79,0.8,0.82,0.84,0.86,0.87,0.86,0.86,0.88,0.89,0.9,0.9,0.9,0.92,0.93,0.94,0.96,0.96,0.98,0.99,1,1.01,1,1,1.01,1.02,1.03,1.04,1.03,1.04,1.05,1.06,1.08,1.08,1.08,1.09,1.1,1.11,1.12,1.11,1.12,1.13,1.14,1.15,1.15,1.14,1.16,1.16,1.17,1.17,1.16,1.17,1.18,1.19,1.21,1.21,1.21,1.22,1.23,1.25,1.25,1.23,1.24,1.25,1.25,1.27,1.26,1.26,1.27,1.28,1.28,1.29,1.28,1.28,1.3,1.31,1.32,1.32,1.32,1.33,1.33,1.33,1.34,1.33,1.33,1.34,1.35,1.36,1.35,1.34,1.35,1.36,1.37,1.38,1.37,1.37,1.37,1.38,1.39,1.39,1.39,1.4,1.4,1.4,1.4,1.4,1.4,1.41,1.42,1.43,1.42,1.41,1.43,1.44,1.44,1.43,1.43,1.44,1.45,1.45,1.45,1.45,1.45,1.46,1.46,1.46,1.46,1.46,1.47,1.48,1.47,1.48,1.47,1.47,1.48,1.49,1.49,1.49,1.49,1.49,1.49,1.5,1.51,1.5,1.5,1.51,1.51,1.52,1.51,1.5,1.51,1.52,1.52,1.53,1.53,1.52,1.52,1.53,1.54,1.54,1.53,1.53,1.54,1.55,1.55,1.54,1.54,1.55,1.56,1.56,1.57,1.56,1.56,1.56,1.57,1.58,1.57,1.56,1.56,1.56,1.57,1.58,1.57,1.57,1.57,1.57,1.58,1.58,1.58,1.59,1.59,1.6,1.6,1.6,1.59,1.6,1.61,1.62,1.61,1.61,1.6,1.6,1.61,1.61,1.61,1.61,1.62,1.63,1.63,1.61,1.6,1.61,1.62,1.63,1.63,1.61,1.61,1.61,1.62,1.63,1.62,1.61,1.62,1.63,1.64,1.63,1.61,1.61,1.62,1.62,1.63,1.62,1.61,1.61,1.61,1.63,1.63,1.61,1.61,1.61,1.62,1.63,1.62,1.61,1.62,1.62,1.63,1.63,1.61,1.61,1.62,1.63,1.63,1.62,1.62,1.63,1.63,1.63,1.64,1.62,1.62,1.63,1.64,1.64,1.63,1.62,1.63,1.63,1.64
0,0.01,0.03,0.08,0.15,0.22,0.27,0.31,0.36,0.41,0.47,0.51,0.53,0.56,0.61,0.65,0.7,0.73,0.74,0.76,0.79,0.82,0.85,0.86,0.89,0.92,0.95,0.98,0.99,0.99,1.01,1.03,1.06,1.09,1.1,1.11,1.13,1.15,1.17,1.19,1.19,1.21,1.24,1.26,1.27,1.26,1.27,1.29,1.32,1.34,1.34,1.34,1.35,1.36,1.38,1.4,1.41,1.4,1.42,1.43,1.46,1.47,1.46,1.47,1.48,1.49,1.51,1.51,1.51,1.52,1.53,1.55,1.57,1.55,1.55,1.57,1.59,1.61,1.61,1.61,1.61,1.62,1.64,1.65,1.65,1.66,1.66,1.67,1.68,1.67,1.67,1.69,1.7,1.72,1.73,1.72,1.74,1.75,1.76,1.77,1.75,1.75,1.76,1.77,1.78,1.79,1.79,1.8,1.81,1.82,1.83,1.81,1.8,1.81,1.82,1.83,1.84,1.83,1.85,1.86,1.87,1.88,1.86,1.85,1.87,1.88,1.9,1.89,1.88,1.89,1.9,1.91,1.93,1.92,1.92,1.93,1.93,1.93,1.94,1.93,1.94,1.95,1.96,1.97,1.95,1.94,1.96,1.97,1.98,1.98,1.97,1.98,2,2.01,2.01,2,2,2.01,2.02,2.03,2.02,2.01,2.01,2.04,2.05,2.07,2.06,2.04,2.05,2.05,2.06,2.07,2.06,2.07,2.08,2.09,2.1,2.1,2.09,2.1,2.11,2.12,2.12,2.1,2.1,2.11,2.12,2.12,2.11,2.09,2.11,2.12,2.13,2.14,2.13,2.14,2.14,2.15,2.15,2.14,2.13,2.14,2.15,2.16,2.16,2.15,2.15,2.17,2.18,2.19,2.19,2.17,2.17,2.18,2.19,2.19,2.18,2.19,2.2,2.21,2.22,2.21,2.2,2.2,2.2,2.21,2.22,2.2,2.21,2.21,2.22,2.23,2.22,2.22,2.23,2.24,2.26,2.26,2.24,2.24,2.24,2.24,2.25,2.24,2.24,2.26,2.27,2.28,2.28,2.26,2.26,2.27,2.28,2.29,2.28,2.28,2.28,2.28,2.29,2.29,2.27,2.27,2.27,2.27,2.28,2.26,2.26,2.28,2.28,2.29,2.29,2.26,2.27,2.28,2.29,2.29,2.28,2.27,2.28,2.29,2.3,2.3,2.28,2.29,2.3,2.31,2.31,2.3,2.28,2.28,2.29,2.3,2.31,2.29,2.3,2.3,2.3,2.3,2.29,2.29,2.3,2.31
0,0.01,0.02,0.05,0.06,0.06,0.08,0.1,0.11,0.12,0.12,0.13,0.14,0.16,0.16,0.17,0.18,0.17,0.18,0.19,0.2,0.21,0.2,0.21,0.22,0.23,0.24,0.24,0.25,0.26,0.25,0.26,0.27,0.26,0.27,0.28,0.29,0.28,0.28,0.29,0.29,0.29,0.3,0.3,0.3,0.3,0.3,0.31,0.32,0.32,0.31,0.32,0.32,0.33,0.33,0.33,0.33,0.34,0.34,0.33,0.34,0.34,0.34,0.34,0.35,0.36,0.36,0.35,0.35,0.36,0.36,0.36,0.36,0.37,0.37,0.37,0.37,0.37,0.37,0.37,0.38,0.38,0.37,0.37,0.38,0.38,0.39,0.38,0.38,0.38,0.39,0.4,0.39,0.39,0.39,0.4,0.4,0.4,0.39,0.39,0.4,0.4,0.4,0.4,0.4,0.41,0.4,0.4,0.41,0.41,0.42,0.41,0.41,0.41,0.42,0.42,0.42,0.41,0.42,0.42,0.42,0.42,0.42,0.42,0.43,0.43,0.42,0.42,0.42,0.43,0.44,0.43,0.42,0.43,0.43,0.44,0.44,0.43,0.43,0.44,0.45,0.44,0.43,0.44,0.44,0.45,0.44,0.44,0.44,0.44,0.45,0.45,0.44,0.44,0.44,0.45,0.45,0.45,0.45,0.45,0.45,0.45,0.44,0.45,0.45,0.46,0.45,0.45,0.45,0.45,0.45,0.46,0.45,0.45,0.46,0.46,0.46,0.46,0.45,0.46,0.46,0.46,0.46,0.46,0.47,0.47,0.47,0.47,0.46,0.46,0.47,0.47,0.47,0.46,0.47,0.47,0.47,0.48,0.47,0.47,0.47,0.48,0.48,0.47,0.47,0.47,0.48,0.48,0.49,0.48,0.47,0.48,0.48,0.48,0.48,0.48,0.48,0.48,0.48,0.48,0.48,0.48,0.48,0.48,0.48,0.48,0.48,0.49,0.48,0.48,0.48,0.48,0.48,0.49,0.49,0.48,0.48,0.48,0.48,0.49,0.49,0.49,0.49,0.49,0.5,0.5,0.49,0.49,0.49,0.49,0.49,0.49,0.49,0.49,0.5,0.49,0.49,0.49,0.49,0.49,0.5,0.49,0.49,0.49,0.49,0.5,0.49,0.49,0.49,0.48,0.49,0.49,0.49,0.49,0.48,0.48,0.49,0.49,0.49,0.5,0.49,0.48,0.49,0.5,0.5,0.49,0.48,0.48,0.49,0.5,0.5,0.49,0.49,0.5,0.5,0.49,0.49,0.49,0.49,0.5,0.5,0.5
0,0.01,0.03,0.05,0.07,0.1,0.11,0.13,0.15,0.17,0.19,0.2,0.2,0.22,0.23,0.25,0.26,0.26,0.27,0.29,0.3,0.3,0.31,0.32,0.33,0.34,0.35,0.37,0.37,0.36,0.37,0.38,0.4,0.4,0.4,0.4,0.41,0.42,0.43,0.43,0.42,0.43,0.44,0.45,0.45,0.44,0.46,0.47,0.48,0.48,0.47,0.47,0.48,0.49,0.51,0.51,0.49,0.49,0.5,0.51,0.52,0.52,0.51,0.51,0.52,0.53,0.53,0.54,0.53,0.54,0.54,0.55,0.55,0.55,0.54,0.55,0.55,0.56,0.56,0.56,0.56,0.57,0.58,0.57,0.57,0.57,0.58,0.59,0.59,0.59,0.59,0.59,0.59,0.6,0.6,0.6,0.6,0.6,0.61,0.61,0.61,0.62,0.62,0.61,0.61,0.61,0.62,0.63,0.63,0.62,0.62,0.61,0.62,0.63,0.64,0.64,0.63,0.63,0.64,0.65,0.65,0.65,0.64,0.64,0.65,0.65,0.66,0.65,0.66,0.66,0.65,0.65,0.66,0.66,0.67,0.67,0.68,0.68,0.66,0.66,0.66,0.67,0.68,0.68,0.67,0.68,0.68,0.69,0.68,0.67,0.68,0.68,0.69,0.7,0.69,0.69,0.68,0.69,0.69,0.7,0.7,0.71,0.7,0.7,0.7,0.69,0.7,0.7,0.7,0.71,0.71,0.71,0.71,0.7,0.7,0.71,0.71,0.71,0.72,0.72,0.73,0.74,0.73,0.72,0.72,0.72,0.72,0.72,0.72,0.74,0.75,0.74,0.72,0.72,0.72,0.73,0.74,0.75,0.75,0.74,0.75,0.75,0.75,0.75,0.74,0.73,0.73,0.73,0.73,0.73,0.73,0.74,0.75,0.76,0.77,0.76,0.76,0.76,0.75,0.75,0.75,0.74,0.76,0.77,0.78,0.78,0.77,0.76,0.76,0.76,0.76,0.75,0.75,0.75,0.76,0.76,0.76,0.77,0.77,0.77,0.77,0.77,0.76,0.76,0.76,0.76,0.77,0.77,0.77,0.76,0.76,0.77,0.77,0.77,0.77,0.78,0.79,0.78,0.78,0.77,0.77,0.77,0.77,0.78,0.77,0.77,0.77,0.77,0.77,0.78,0.78,0.78,0.78,0.78,0.78,0.77,0.77,0.77,0.77,0.77,0.78,0.77,0.77,0.77,0.77,0.78,0.78,0.77,0.78,0.79,0.8,0.79,0.78,0.77,0.77,0.78,0.78,0.78,0.78,0.79,0.79,0.8
0,0.03,0.07,0.11,0.15,0.17,0.2,0.24,0.28,0.3,0.32,0.34,0.36,0.39,0.41,0.43,0.44,0.45,0.48,0.49,0.51,0.53,0.53,0.54,0.57,0.59,0.59,0.59,0.6,0.61,0.63,0.65,0.66,0.65,0.66,0.67,0.69,0.71,0.71,0.72,0.74,0.75,0.76,0.77,0.77,0.77,0.79,0.8,0.81,0.8,0.8,0.8,0.81,0.82,0.83,0.82,0.84,0.85,0.85,0.86,0.86,0.86,0.87,0.88,0.89,0.89,0.88,0.89,0.9,0.91,0.92,0.91,0.91,0.92,0.92,0.94,0.94,0.94,0.94,0.95,0.96,0.97,0.96,0.96,0.97,0.98,0.98,0.99,0.98,0.98,0.99,1,1.01,1.01,1,1.01,1.02,1.02,1.02,1.02,1.02,1.03,1.04,1.05,1.05,1.04,1.05,1.06,1.07,1.07,1.06,1.06,1.07,1.08,1.08,1.09,1.09,1.1,1.09,1.1,1.1,1.09,1.09,1.09,1.1,1.12,1.12,1.11,1.12,1.13,1.14,1.14,1.12,1.13,1.14,1.15,1.16,1.16,1.15,1.15,1.15,1.16,1.17,1.16,1.17,1.18,1.18,1.18,1.17,1.17,1.18,1.19,1.19,1.2,1.19,1.18,1.19,1.19,1.19,1.18,1.18,1.19,1.19,1.2,1.21,1.2,1.21,1.22,1.22,1.22,1.21,1.22,1.23,1.23,1.24,1.24,1.22,1.22,1.22,1.23,1.24,1.24,1.24,1.25,1.25,1.25,1.25,1.24,1.25,1.25,1.26,1.27,1.26,1.25,1.25,1.26,1.26,1.27,1.26,1.27,1.27,1.27,1.27,1.27,1.26,1.28,1.28,1.28,1.28,1.28,1.28,1.29,1.29,1.29,1.28,1.28,1.28,1.29,1.3,1.3,1.29,1.29,1.3,1.31,1.32,1.31,1.3,1.3,1.31,1.31,1.31,1.3,1.3,1.32,1.32,1.32,1.31,1.31,1.32,1.32,1.32,1.32,1.32,1.32,1.33,1.33,1.34,1.33,1.33,1.34,1.34,1.34,1.33,1.32,1.32,1.33,1.34,1.35,1.33,1.32,1.32,1.33,1.34,1.34,1.33,1.33,1.33,1.33,1.34,1.34,1.33,1.33,1.33,1.34,1.34,1.33,1.34,1.34,1.34,1.34,1.33,1.33,1.35,1.34,1.34,1.34,1.34,1.34,1.34,1.34,1.35,1.34,1.34,1.34,1.34,1.35,1.36,1.35,1.34,1.34,1.35,1.36
0,0.07,0.18,0.3,0.4,0.47,0.53,0.62,0.71,0.79,0.85,0.89,0.94,1.01,1.07,1.14,1.16,1.19,1.25,1.3,1.35,1.4,1.4,1.43,1.48,1.52,1.57,1.57,1.59,1.63,1.67,1.71,1.74,1.73,1.76,1.8,1.84,1.87,1.87,1.87,1.9,1.94,1.97,2,1.99,2,2.04,2.06,2.09,2.09,2.09,2.12,2.15,2.18,2.2,2.19,2.2,2.23,2.25,2.28,2.28,2.26,2.29,2.31,2.34,2.36,2.34,2.35,2.38,2.4,2.43,2.42,2.41,2.43,2.45,2.48,2.5,2.47,2.49,2.51,2.54,2.56,2.55,2.54,2.55,2.58,2.6,2.62,2.6,2.6,2.63,2.64,2.66,2.65,2.64,2.66,2.68,2.71,2.72,2.69,2.7,2.72,2.74,2.76,2.75,2.74,2.76,2.78,2.8,2.81,2.79,2.79,2.81,2.82,2.85,2.83,2.82,2.84,2.86,2.87,2.89,2.86,2.87,2.88,2.9,2.93,2.91,2.9,2.92,2.94,2.96,2.96,2.94,2.94,2.96,2.98,3,2.99,2.97,2.99,3,3.03,3.04,3.01,3.01,3.03,3.05,3.07,3.05,3.04,3.05,3.07,3.09,3.1,3.07,3.08,3.1,3.11,3.13,3.11,3.1,3.11,3.12,3.15,3.15,3.12,3.13,3.15,3.15,3.18,3.16,3.14,3.16,3.18,3.19,3.2,3.17,3.17,3.2,3.21,3.22,3.21,3.2,3.21,3.22,3.24,3.25,3.22,3.22,3.24,3.26,3.27,3.26,3.25,3.26,3.27,3.29,3.29,3.26,3.27,3.28,3.29,3.31,3.3,3.28,3.3,3.3,3.33,3.33,3.3,3.3,3.32,3.33,3.36,3.34,3.32,3.34,3.35,3.37,3.37,3.35,3.35,3.36,3.37,3.4,3.38,3.36,3.37,3.39,3.4,3.41,3.38,3.38,3.4,3.41,3.43,3.41,3.4,3.41,3.43,3.44,3.44,3.42,3.42,3.44,3.46,3.47,3.46,3.43,3.45,3.47,3.48,3.49,3.45,3.45,3.47,3.47,3.49,3.46,3.45,3.46,3.47,3.49,3.49,3.45,3.45,3.46,3.47,3.49,3.46,3.44,3.47,3.47,3.49,3.49,3.46,3.46,3.48,3.49,3.5,3.48,3.46,3.47,3.49,3.5,3.5,3.47,3.48,3.49,3.5,3.51,3.49,3.48,3.49,3.5,3.52,3.53,3.49,3.49,3.51,3.52,3.53
0,0.02,0.11,0.21,0.32,0.44,0.52,0.6,0.7,0.8,0.9,0.97,1.01,1.09,1.16,1.23,1.31,1.35,1.38,1.45,1.5,1.57,1.61,1.63,1.67,1.73,1.78,1.83,1.84,1.86,1.91,1.96,2.01,2.03,2.03,2.07,2.11,2.15,2.19,2.19,2.19,2.25,2.3,2.33,2.35,2.34,2.37,2.41,2.44,2.47,2.47,2.48,2.51,2.54,2.58,2.59,2.58,2.61,2.64,2.66,2.7,2.7,2.7,2.74,2.76,2.8,2.81,2.79,2.81,2.84,2.87,2.89,2.88,2.89,2.91,2.94,2.97,2.98,2.96,2.98,3.01,3.03,3.05,3.04,3.04,3.06,3.08,3.1,3.12,3.11,3.12,3.14,3.16,3.19,3.17,3.17,3.2,3.22,3.25,3.26,3.24,3.26,3.27,3.29,3.31,3.3,3.29,3.32,3.33,3.35,3.37,3.35,3.36,3.38,3.4,3.42,3.41,3.4,3.42,3.44,3.46,3.47,3.44,3.46,3.48,3.49,3.52,3.5,3.49,3.51,3.54,3.55,3.56,3.53,3.54,3.56,3.58,3.6,3.59,3.58,3.6,3.62,3.64,3.64,3.62,3.62,3.65,3.67,3.69,3.68,3.66,3.68,3.7,3.72,3.72,3.69,3.7,3.72,3.74,3.76,3.74,3.74,3.76,3.76,3.78,3.78,3.76,3.77,3.78,3.81,3.82,3.8,3.79,3.81,3.83,3.86,3.85,3.83,3.83,3.85,3.87,3.89,3.86,3.85,3.86,3.88,3.9,3.9,3.88,3.88,3.9,3.91,3.94,3.91,3.9,3.93,3.94,3.96,3.96,3.93,3.94,3.95,3.97,3.98,3.96,3.95,3.97,3.99,4.01,4.01,3.98,3.99,4.01,4.02,4.04,4.02,4,4.02,4.03,4.05,4.06,4.02,4.03,4.05,4.07,4.09,4.06,4.05,4.07,4.08,4.1,4.1,4.08,4.08,4.1,4.12,4.13,4.11,4.09,4.11,4.12,4.14,4.15,4.11,4.13,4.14,4.16,4.17,4.15,4.13,4.15,4.16,4.18,4.18,4.15,4.16,4.17,4.18,4.2,4.16,4.15,4.17,4.18,4.2,4.19,4.15,4.16,4.18,4.19,4.2,4.18,4.16,4.18,4.19,4.2,4.2,4.16,4.17,4.18,4.2,4.21,4.18,4.16,4.19,4.19,4.21,4.21,4.18,4.19,4.21,4.21,4.23,4.21,4.19,4.21,4.22,4.24,4.23,4.21,4.22,4.23,4.24
0,0.04,0.15,0.24,0.35,0.45,0.51,0.59,0.68,0.77,0.86,0.9,0.95,1.03,1.09,1.16,1.2,1.22,1.28,1.33,1.39,1.45,1.46,1.49,1.54,1.59,1.63,1.67,1.68,1.71,1.75,1.79,1.83,1.84,1.85,1.89,1.93,1.97,2,1.99,2.02,2.05,2.08,2.11,2.12,2.12,2.16,2.19,2.22,2.24,2.24,2.25,2.29,2.31,2.34,2.34,2.34,2.37,2.4,2.43,2.45,2.43,2.45,2.48,2.5,2.53,2.52,2.52,2.55,2.57,2.6,2.62,2.6,2.62,2.65,2.68,2.7,2.69,2.68,2.71,2.73,2.75,2.76,2.75,2.76,2.78,2.81,2.83,2.81,2.81,2.84,2.85,2.87,2.89,2.87,2.87,2.89,2.92,2.94,2.92,2.92,2.94,2.96,2.98,2.99,2.97,2.98,3,3.02,3.04,3.02,3.02,3.05,3.06,3.08,3.09,3.06,3.07,3.1,3.11,3.14,3.12,3.12,3.14,3.15,3.17,3.17,3.16,3.17,3.19,3.2,3.22,3.2,3.2,3.22,3.23,3.25,3.25,3.23,3.24,3.25,3.27,3.29,3.27,3.27,3.28,3.3,3.32,3.32,3.3,3.3,3.33,3.34,3.37,3.34,3.32,3.36,3.37,3.38,3.39,3.36,3.37,3.39,3.4,3.42,3.4,3.39,3.41,3.42,3.44,3.44,3.42,3.43,3.45,3.46,3.48,3.46,3.44,3.47,3.48,3.5,3.51,3.48,3.49,3.51,3.52,3.54,3.51,3.5,3.52,3.53,3.56,3.56,3.54,3.55,3.56,3.58,3.59,3.57,3.55,3.57,3.59,3.6,3.61,3.59,3.59,3.6,3.62,3.63,3.61,3.6,3.62,3.64,3.65,3.65,3.62,3.63,3.64,3.65,3.68,3.66,3.64,3.66,3.67,3.69,3.69,3.66,3.67,3.69,3.7,3.72,3.7,3.68,3.7,3.71,3.72,3.72,3.7,3.7,3.72,3.73,3.75,3.73,3.72,3.73,3.74,3.76,3.76,3.74,3.74,3.76,3.77,3.79,3.77,3.75,3.77,3.77,3.79,3.78,3.76,3.76,3.77,3.78,3.79,3.77,3.75,3.77,3.78,3.79,3.78,3.76,3.76,3.77,3.78,3.8,3.77,3.75,3.77,3.78,3.8,3.8,3.77,3.77,3.78,3.8,3.81,3.79,3.78,3.79,3.79,3.81,3.81,3.78,3.79,3.8,3.81,3.82,3.8,3.79,3.81,3.81,3.82
0,0.01,0.01,0.01,0.07,0.18,0.28,0.38,0.47,0.53,0.62,0.7,0.78,0.85,0.88,0.94,1.01,1.07,1.14,1.17,1.19,1.25,1.3,1.36,1.4,1.41,1.44,1.49,1.53,1.57,1.58,1.6,1.64,1.68,1.73,1.76,1.75,1.77,1.82,1.85,1.89,1.89,1.89,1.93,1.96,1.99,2.01,2,2.02,2.06,2.09,2.12,2.12,2.11,2.14,2.17,2.2,2.22,2.2,2.21,2.25,2.28,2.3,2.3,2.3,2.32,2.34,2.37,2.38,2.37,2.37,2.4,2.43,2.45,2.45,2.44,2.46,2.48,2.51,2.53,2.5,2.52,2.54,2.56,2.59,2.58,2.57,2.59,2.61,2.63,2.65,2.63,2.64,2.67,2.69,2.71,2.7,2.69,2.72,2.73,2.75,2.76,2.73,2.74,2.77,2.78,2.8,2.8,2.79,2.8,2.82,2.84,2.85,2.82,2.83,2.86,2.87,2.89,2.88,2.87,2.89,2.9,2.92,2.94,2.91,2.92,2.94,2.95,2.97,2.97,2.95,2.97,2.98,2.99,3,2.97,2.98,3,3.01,3.03,3.02,3.01,3.03,3.04,3.06,3.07,3.04,3.04,3.06,3.08,3.1,3.08,3.07,3.09,3.1,3.12,3.13,3.11,3.12,3.15,3.15,3.17,3.15,3.13,3.15,3.17,3.18,3.19,3.16,3.16,3.19,3.2,3.22,3.2,3.19,3.2,3.21,3.23,3.24,3.21,3.21,3.23,3.24,3.27,3.25,3.23,3.25,3.26,3.27,3.28,3.26,3.26,3.28,3.29,3.31,3.3,3.29,3.3,3.31,3.32,3.33,3.31,3.31,3.32,3.34,3.36,3.34,3.32,3.34,3.35,3.37,3.37,3.34,3.35,3.37,3.38,3.4,3.38,3.37,3.38,3.38,3.4,3.41,3.38,3.39,3.41,3.41,3.43,3.41,3.39,3.41,3.42,3.44,3.45,3.42,3.42,3.44,3.44,3.46,3.45,3.43,3.44,3.46,3.47,3.48,3.45,3.45,3.47,3.48,3.49,3.48,3.47,3.48,3.49,3.5,3.51,3.48,3.48,3.49,3.51,3.52,3.49,3.47,3.49,3.49,3.51,3.51,3.47,3.48,3.49,3.49,3.52,3.5,3.47,3.49,3.49,3.5,3.51,3.48,3.48,3.5,3.51,3.52,3.5,3.49,3.5,3.51,3.52,3.52,3.49,3.5,3.5,3.51,3.53,3.51,3.5,3.52,3.52,3.54,3.54,3.5,3.54
0,0.03,0.13,0.26,0.39,0.52,0.59,0.68,0.8,0.9,1.02,1.09,1.13,1.23,1.31,1.39,1.47,1.5,1.54,1.62,1.69,1.75,1.79,1.81,1.87,1.92,1.98,2.03,2.04,2.07,2.13,2.17,2.22,2.25,2.25,2.3,2.34,2.39,2.43,2.42,2.45,2.49,2.53,2.57,2.59,2.59,2.63,2.67,2.71,2.74,2.73,2.75,2.79,2.82,2.86,2.87,2.86,2.89,2.92,2.95,2.99,2.98,2.98,3.02,3.06,3.09,3.09,3.08,3.1,3.13,3.17,3.2,3.18,3.19,3.22,3.25,3.28,3.28,3.26,3.29,3.31,3.34,3.37,3.35,3.36,3.39,3.41,3.44,3.44,3.42,3.45,3.47,3.5,3.53,3.51,3.51,3.54,3.56,3.59,3.59,3.56,3.58,3.61,3.63,3.66,3.64,3.63,3.66,3.68,3.7,3.7,3.68,3.7,3.72,3.75,3.77,3.74,3.74,3.78,3.8,3.81,3.82,3.79,3.81,3.84,3.86,3.87,3.85,3.85,3.87,3.89,3.91,3.91,3.89,3.91,3.93,3.94,3.97,3.94,3.94,3.97,3.98,4.01,4.01,3.98,4,4.02,4.05,4.06,4.03,4.03,4.05,4.07,4.1,4.09,4.06,4.08,4.11,4.12,4.14,4.12,4.11,4.14,4.15,4.18,4.17,4.14,4.16,4.18,4.2,4.22,4.2,4.19,4.21,4.23,4.25,4.24,4.21,4.23,4.25,4.27,4.28,4.25,4.25,4.28,4.29,4.31,4.31,4.28,4.3,4.31,4.34,4.35,4.32,4.32,4.34,4.35,4.37,4.37,4.34,4.35,4.37,4.39,4.41,4.37,4.37,4.39,4.4,4.43,4.43,4.4,4.42,4.43,4.44,4.46,4.43,4.43,4.45,4.47,4.49,4.48,4.45,4.46,4.47,4.5,4.51,4.48,4.48,4.5,4.52,4.54,4.53,4.5,4.51,4.53,4.55,4.57,4.53,4.52,4.55,4.57,4.58,4.57,4.55,4.56,4.57,4.59,4.61,4.58,4.57,4.6,4.6,4.63,4.62,4.59,4.61,4.62,4.63,4.64,4.6,4.59,4.6,4.61,4.63,4.61,4.59,4.6,4.61,4.62,4.63,4.59,4.59,4.61,4.62,4.64,4.62,4.59,4.61,4.62,4.64,4.65,4.61,4.6,4.62,4.64,4.65,4.64,4.61,4.62,4.64,4.65,4.67,4.63,4.63,4.65,4.66,4.67,4.66,4.63,4.64,4.66,4.67
0,0.08,0.19,0.29,0.4,0.48,0.54,0.63,0.73,0.81,0.89,0.93,0.99,1.07,1.13,1.2,1.23,1.26,1.32,1.38,1.44,1.49,1.49,1.53,1.59,1.64,1.68,1.7,1.71,1.75,1.8,1.85,1.87,1.87,1.9,1.93,1.97,2.01,2.02,2.03,2.06,2.09,2.13,2.16,2.14,2.17,2.21,2.23,2.27,2.27,2.26,2.3,2.33,2.36,2.38,2.37,2.39,2.41,2.44,2.47,2.47,2.47,2.5,2.53,2.55,2.57,2.55,2.57,2.6,2.63,2.66,2.66,2.64,2.67,2.7,2.72,2.73,2.72,2.73,2.75,2.78,2.8,2.79,2.78,2.81,2.83,2.85,2.86,2.84,2.86,2.88,2.9,2.93,2.92,2.91,2.93,2.95,2.97,2.98,2.96,2.97,2.99,3.01,3.03,3.02,3.01,3.04,3.05,3.08,3.09,3.06,3.07,3.09,3.12,3.15,3.13,3.11,3.14,3.15,3.17,3.18,3.15,3.16,3.19,3.2,3.22,3.21,3.19,3.22,3.24,3.25,3.26,3.24,3.25,3.27,3.28,3.31,3.29,3.28,3.3,3.31,3.33,3.34,3.31,3.31,3.33,3.35,3.37,3.35,3.34,3.36,3.38,3.39,3.4,3.38,3.38,3.41,3.42,3.45,3.43,3.41,3.43,3.44,3.46,3.47,3.44,3.45,3.47,3.48,3.51,3.49,3.47,3.49,3.5,3.52,3.53,3.5,3.51,3.53,3.54,3.56,3.54,3.53,3.55,3.57,3.58,3.58,3.55,3.56,3.58,3.59,3.61,3.59,3.58,3.6,3.61,3.63,3.63,3.6,3.61,3.63,3.64,3.66,3.64,3.63,3.64,3.66,3.68,3.68,3.65,3.65,3.67,3.68,3.7,3.68,3.67,3.68,3.7,3.72,3.72,3.7,3.7,3.71,3.73,3.75,3.73,3.72,3.73,3.74,3.76,3.77,3.73,3.74,3.75,3.76,3.78,3.76,3.75,3.77,3.77,3.79,3.8,3.77,3.77,3.79,3.8,3.82,3.8,3.79,3.8,3.82,3.84,3.84,3.81,3.81,3.82,3.83,3.84,3.82,3.8,3.82,3.83,3.83,3.83,3.8,3.8,3.82,3.83,3.84,3.82,3.8,3.82,3.82,3.84,3.84,3.81,3.81,3.83,3.84,3.85,3.83,3.81,3.83,3.84,3.85,3.85,3.82,3.82,3.84,3.85,3.87,3.85,3.83,3.85,3.86,3.87,3.88,3.85,3.85,3.86,3.87,3.88
0,0.04,0.13,0.24,0.34,0.44,0.5,0.58,0.68,0.76,0.86,0.91,0.95,1.02,1.09,1.16,1.22,1.23,1.28,1.35,1.4,1.46,1.48,1.5,1.55,1.6,1.65,1.69,1.69,1.72,1.76,1.81,1.85,1.86,1.87,1.91,1.95,1.99,2.02,2.01,2.04,2.07,2.1,2.14,2.14,2.15,2.18,2.21,2.25,2.28,2.26,2.28,2.31,2.33,2.36,2.37,2.36,2.39,2.42,2.45,2.48,2.46,2.47,2.5,2.53,2.56,2.56,2.55,2.58,2.61,2.64,2.65,2.63,2.65,2.68,2.69,2.72,2.72,2.71,2.74,2.76,2.78,2.79,2.78,2.78,2.81,2.83,2.86,2.85,2.84,2.86,2.88,2.9,2.92,2.9,2.91,2.93,2.94,2.98,2.97,2.95,2.97,2.99,3.01,3.03,3,3.01,3.04,3.05,3.08,3.06,3.05,3.08,3.1,3.12,3.13,3.1,3.11,3.13,3.15,3.18,3.17,3.15,3.17,3.18,3.21,3.22,3.2,3.19,3.21,3.23,3.26,3.24,3.23,3.25,3.26,3.28,3.29,3.26,3.27,3.29,3.31,3.33,3.31,3.3,3.32,3.34,3.36,3.36,3.34,3.35,3.36,3.38,3.4,3.39,3.37,3.39,3.4,3.42,3.43,3.4,3.41,3.43,3.44,3.46,3.44,3.43,3.45,3.46,3.47,3.49,3.46,3.46,3.49,3.5,3.52,3.51,3.49,3.51,3.52,3.54,3.56,3.53,3.53,3.55,3.56,3.58,3.56,3.54,3.56,3.58,3.59,3.6,3.57,3.58,3.59,3.6,3.63,3.61,3.59,3.61,3.62,3.64,3.64,3.62,3.62,3.64,3.65,3.67,3.65,3.63,3.66,3.67,3.67,3.68,3.65,3.66,3.68,3.69,3.71,3.69,3.67,3.7,3.71,3.72,3.73,3.7,3.7,3.72,3.73,3.74,3.73,3.72,3.73,3.75,3.76,3.77,3.74,3.74,3.76,3.77,3.79,3.77,3.75,3.77,3.78,3.8,3.8,3.77,3.77,3.79,3.81,3.81,3.8,3.78,3.8,3.81,3.82,3.82,3.79,3.79,3.8,3.81,3.82,3.8,3.78,3.8,3.8,3.82,3.82,3.79,3.79,3.8,3.81,3.82,3.81,3.79,3.8,3.82,3.83,3.83,3.8,3.8,3.82,3.83,3.85,3.83,3.81,3.83,3.83,3.85,3.85,3.82,3.82,3.83,3.84,3.85,3.84,3.82,3.83,3.85,3.85
0,0.04,0.16,0.27,0.39,0.5,0.57,0.66,0.77,0.87,0.96,1.02,1.07,1.15,1.23,1.3,1.38,1.4,1.45,1.51,1.57,1.63,1.67,1.68,1.74,1.8,1.85,1.9,1.9,1.93,1.98,2.02,2.08,2.09,2.1,2.14,2.19,2.23,2.26,2.26,2.29,2.33,2.36,2.41,2.41,2.41,2.45,2.48,2.52,2.54,2.53,2.55,2.59,2.62,2.66,2.67,2.66,2.7,2.73,2.77,2.79,2.77,2.79,2.82,2.84,2.88,2.88,2.86,2.9,2.93,2.96,2.97,2.95,2.96,3,3.02,3.05,3.05,3.04,3.06,3.09,3.12,3.14,3.11,3.12,3.16,3.19,3.22,3.21,3.19,3.22,3.24,3.26,3.28,3.26,3.26,3.3,3.32,3.34,3.34,3.32,3.35,3.37,3.39,3.41,3.37,3.37,3.41,3.43,3.45,3.45,3.43,3.45,3.48,3.49,3.51,3.48,3.49,3.52,3.54,3.57,3.55,3.54,3.56,3.59,3.61,3.62,3.59,3.59,3.62,3.63,3.65,3.65,3.63,3.66,3.68,3.69,3.71,3.68,3.68,3.7,3.72,3.75,3.73,3.71,3.73,3.75,3.77,3.78,3.75,3.75,3.78,3.79,3.82,3.81,3.78,3.81,3.82,3.84,3.86,3.83,3.83,3.85,3.87,3.89,3.88,3.86,3.87,3.9,3.91,3.92,3.9,3.89,3.92,3.93,3.95,3.94,3.91,3.94,3.96,3.97,3.99,3.96,3.95,3.98,3.99,4.02,4.01,3.98,4,4.01,4.04,4.05,4.02,4.02,4.05,4.06,4.08,4.07,4.04,4.06,4.07,4.1,4.11,4.08,4.08,4.1,4.12,4.14,4.13,4.1,4.11,4.13,4.15,4.17,4.13,4.13,4.15,4.17,4.19,4.18,4.15,4.17,4.18,4.2,4.21,4.18,4.18,4.2,4.21,4.24,4.22,4.19,4.21,4.23,4.24,4.25,4.23,4.22,4.24,4.25,4.28,4.26,4.24,4.26,4.27,4.29,4.3,4.26,4.27,4.28,4.3,4.32,4.3,4.28,4.29,4.3,4.31,4.32,4.28,4.28,4.3,4.3,4.32,4.3,4.27,4.29,4.3,4.31,4.32,4.28,4.28,4.31,4.32,4.33,4.31,4.29,4.3,4.31,4.33,4.34,4.3,4.3,4.32,4.32,4.34,4.32,4.29,4.32,4.33,4.34,4.35,4.31,4.32,4.33,4.35,4.37,4.35,4.32,4.34,4.35,4.37
0,0.04,0.16,0.29,0.43,0.57,0.64,0.75,0.88,0.98,1.09,1.17,1.22,1.3,1.39,1.47,1.55,1.58,1.62,1.69,1.76,1.83,1.87,1.89,1.95,2,2.06,2.12,2.12,2.14,2.21,2.25,2.31,2.34,2.34,2.38,2.43,2.48,2.52,2.52,2.53,2.58,2.62,2.67,2.68,2.68,2.71,2.75,2.79,2.83,2.81,2.82,2.86,2.89,2.94,2.95,2.94,2.97,3,3.05,3.08,3.06,3.07,3.1,3.14,3.17,3.18,3.16,3.18,3.22,3.24,3.28,3.25,3.25,3.29,3.32,3.35,3.36,3.34,3.36,3.39,3.42,3.45,3.43,3.43,3.47,3.49,3.52,3.52,3.5,3.52,3.54,3.57,3.59,3.57,3.57,3.6,3.62,3.66,3.65,3.63,3.65,3.67,3.7,3.72,3.7,3.7,3.72,3.75,3.77,3.77,3.74,3.76,3.79,3.81,3.84,3.81,3.8,3.84,3.85,3.88,3.88,3.85,3.87,3.89,3.92,3.95,3.91,3.91,3.94,3.96,3.99,3.99,3.95,3.97,4,4.02,4.04,4.01,4.01,4.03,4.05,4.07,4.07,4.04,4.05,4.08,4.1,4.13,4.09,4.09,4.12,4.13,4.16,4.16,4.12,4.14,4.16,4.18,4.21,4.18,4.16,4.19,4.2,4.23,4.22,4.2,4.21,4.23,4.26,4.28,4.24,4.24,4.27,4.28,4.3,4.29,4.26,4.27,4.3,4.32,4.34,4.31,4.29,4.33,4.34,4.37,4.37,4.33,4.35,4.37,4.38,4.4,4.37,4.36,4.39,4.41,4.43,4.42,4.39,4.41,4.43,4.45,4.46,4.43,4.42,4.44,4.45,4.48,4.47,4.44,4.45,4.47,4.49,4.51,4.48,4.47,4.49,4.51,4.53,4.53,4.5,4.5,4.53,4.55,4.56,4.53,4.52,4.54,4.56,4.58,4.57,4.54,4.55,4.57,4.59,4.61,4.57,4.56,4.59,4.6,4.62,4.61,4.58,4.59,4.61,4.63,4.65,4.61,4.6,4.62,4.64,4.66,4.65,4.62,4.63,4.65,4.66,4.67,4.63,4.61,4.64,4.64,4.66,4.65,4.61,4.62,4.64,4.65,4.67,4.62,4.61,4.64,4.64,4.67,4.66,4.62,4.64,4.65,4.66,4.68,4.64,4.63,4.65,4.66,4.68,4.67,4.64,4.65,4.66,4.67,4.69,4.65,4.64,4.66,4.67,4.7,4.68,4.65,4.67,4.68,4.7
0,0.08,0.19,0.31,0.42,0.5,0.58,0.68,0.79,0.89,0.96,1,1.07,1.15,1.22,1.3,1.33,1.37,1.43,1.49,1.56,1.59,1.61,1.66,1.71,1.76,1.82,1.84,1.86,1.91,1.96,2,2.03,2.03,2.06,2.11,2.15,2.18,2.19,2.21,2.25,2.28,2.33,2.35,2.34,2.37,2.41,2.44,2.48,2.48,2.48,2.52,2.55,2.58,2.6,2.6,2.62,2.65,2.68,2.71,2.7,2.71,2.74,2.77,2.8,2.82,2.81,2.82,2.85,2.87,2.9,2.89,2.89,2.91,2.94,2.97,2.98,2.97,2.99,3.02,3.04,3.06,3.05,3.04,3.07,3.09,3.12,3.13,3.11,3.14,3.16,3.18,3.2,3.19,3.18,3.22,3.24,3.26,3.27,3.25,3.27,3.29,3.31,3.34,3.32,3.32,3.34,3.36,3.38,3.39,3.37,3.38,3.41,3.43,3.45,3.43,3.42,3.45,3.46,3.48,3.49,3.47,3.48,3.51,3.53,3.55,3.53,3.53,3.55,3.57,3.59,3.6,3.58,3.59,3.61,3.62,3.65,3.64,3.63,3.65,3.67,3.68,3.69,3.67,3.67,3.7,3.72,3.73,3.71,3.71,3.73,3.75,3.77,3.77,3.75,3.76,3.78,3.8,3.81,3.79,3.79,3.81,3.82,3.84,3.85,3.82,3.83,3.85,3.87,3.89,3.87,3.86,3.88,3.89,3.91,3.91,3.88,3.89,3.92,3.93,3.95,3.93,3.92,3.94,3.95,3.97,3.98,3.96,3.96,3.97,3.99,4,3.99,3.97,3.99,4.01,4.03,4.03,4.01,4.01,4.03,4.05,4.07,4.05,4.04,4.06,4.07,4.09,4.09,4.05,4.06,4.09,4.11,4.12,4.1,4.08,4.11,4.12,4.14,4.15,4.12,4.13,4.14,4.16,4.18,4.16,4.14,4.16,4.17,4.2,4.2,4.17,4.18,4.19,4.21,4.23,4.2,4.19,4.21,4.22,4.24,4.25,4.22,4.22,4.23,4.24,4.27,4.25,4.23,4.25,4.26,4.28,4.29,4.25,4.26,4.28,4.29,4.29,4.27,4.25,4.27,4.27,4.28,4.29,4.26,4.27,4.28,4.29,4.3,4.28,4.26,4.29,4.29,4.3,4.3,4.27,4.28,4.29,4.3,4.32,4.3,4.28,4.3,4.31,4.32,4.32,4.29,4.3,4.31,4.33,4.34,4.32,4.31,4.32,4.33,4.35,4.34,4.32,4.32,4.34,4.35,4.35
0,0.07,0.18,0.3,0.42,0.52,0.6,0.71,0.81,0.91,0.99,1.04,1.11,1.2,1.27,1.35,1.41,1.44,1.51,1.57,1.63,1.69,1.71,1.75,1.81,1.87,1.93,1.96,1.97,2.02,2.07,2.11,2.17,2.17,2.19,2.25,2.29,2.33,2.35,2.35,2.39,2.44,2.47,2.5,2.51,2.53,2.56,2.59,2.63,2.64,2.64,2.68,2.72,2.75,2.78,2.77,2.79,2.82,2.85,2.89,2.9,2.89,2.92,2.95,2.98,3.01,3,3,3.04,3.07,3.1,3.11,3.1,3.12,3.15,3.18,3.21,3.2,3.2,3.23,3.26,3.29,3.29,3.28,3.3,3.32,3.35,3.37,3.35,3.35,3.39,3.41,3.43,3.43,3.43,3.45,3.47,3.49,3.52,3.5,3.5,3.53,3.54,3.57,3.57,3.55,3.57,3.6,3.63,3.65,3.63,3.62,3.65,3.67,3.7,3.7,3.68,3.7,3.72,3.73,3.75,3.74,3.74,3.76,3.78,3.81,3.8,3.79,3.8,3.82,3.85,3.86,3.84,3.84,3.86,3.88,3.9,3.9,3.88,3.9,3.92,3.94,3.96,3.93,3.93,3.95,3.96,4,3.99,3.97,3.99,4.01,4.02,4.05,4.02,4.01,4.04,4.06,4.09,4.08,4.05,4.07,4.09,4.1,4.12,4.1,4.09,4.11,4.13,4.15,4.15,4.13,4.14,4.16,4.18,4.2,4.17,4.17,4.18,4.19,4.22,4.21,4.19,4.21,4.22,4.24,4.25,4.23,4.23,4.25,4.27,4.28,4.28,4.26,4.27,4.29,4.31,4.32,4.3,4.29,4.32,4.33,4.35,4.34,4.32,4.34,4.35,4.37,4.38,4.35,4.35,4.37,4.39,4.4,4.39,4.37,4.38,4.4,4.42,4.43,4.41,4.4,4.42,4.44,4.45,4.44,4.42,4.44,4.45,4.47,4.49,4.46,4.45,4.47,4.49,4.51,4.5,4.48,4.5,4.51,4.52,4.54,4.51,4.5,4.53,4.54,4.57,4.55,4.53,4.54,4.56,4.58,4.59,4.56,4.55,4.57,4.58,4.6,4.58,4.55,4.57,4.58,4.58,4.6,4.57,4.55,4.58,4.58,4.6,4.59,4.57,4.58,4.58,4.6,4.61,4.58,4.57,4.59,4.59,4.61,4.61,4.58,4.6,4.61,4.62,4.63,4.6,4.6,4.61,4.62,4.64,4.63,4.6,4.61,4.63,4.64,4.65,4.63,4.62,4.64,4.65,4.65
0,0.06,0.18,0.31,0.46,0.58,0.64,0.75,0.87,0.97,1.08,1.13,1.19,1.28,1.35,1.44,1.51,1.52,1.59,1.67,1.73,1.79,1.82,1.84,1.9,1.96,2.02,2.07,2.07,2.1,2.16,2.21,2.27,2.27,2.28,2.33,2.37,2.42,2.45,2.44,2.47,2.52,2.56,2.6,2.6,2.61,2.65,2.69,2.73,2.75,2.74,2.76,2.8,2.84,2.88,2.87,2.87,2.91,2.94,2.98,3,2.98,3,3.04,3.07,3.1,3.09,3.09,3.13,3.15,3.18,3.2,3.18,3.2,3.23,3.26,3.28,3.27,3.26,3.3,3.33,3.36,3.38,3.35,3.36,3.39,3.42,3.45,3.44,3.43,3.46,3.48,3.51,3.52,3.5,3.51,3.54,3.56,3.59,3.57,3.56,3.59,3.62,3.64,3.65,3.62,3.63,3.66,3.69,3.71,3.69,3.69,3.71,3.73,3.76,3.76,3.74,3.75,3.78,3.8,3.83,3.8,3.8,3.83,3.84,3.88,3.88,3.85,3.86,3.88,3.9,3.92,3.91,3.89,3.92,3.94,3.96,3.97,3.94,3.95,3.97,3.99,4.02,3.99,3.98,4.01,4.02,4.05,4.05,4.02,4.03,4.06,4.07,4.1,4.07,4.06,4.08,4.1,4.12,4.13,4.09,4.1,4.13,4.14,4.17,4.14,4.13,4.15,4.17,4.19,4.2,4.17,4.17,4.2,4.22,4.24,4.22,4.2,4.22,4.25,4.27,4.28,4.24,4.25,4.27,4.29,4.32,4.29,4.27,4.3,4.31,4.33,4.34,4.3,4.31,4.34,4.35,4.37,4.34,4.33,4.36,4.38,4.39,4.4,4.37,4.37,4.4,4.41,4.43,4.41,4.39,4.41,4.43,4.45,4.45,4.42,4.42,4.44,4.47,4.49,4.47,4.44,4.47,4.49,4.5,4.5,4.48,4.48,4.5,4.52,4.54,4.51,4.5,4.52,4.53,4.55,4.56,4.53,4.53,4.55,4.57,4.58,4.56,4.54,4.57,4.59,4.6,4.6,4.57,4.58,4.6,4.62,4.63,4.6,4.59,4.62,4.62,4.63,4.63,4.59,4.59,4.61,4.63,4.64,4.6,4.58,4.61,4.62,4.63,4.63,4.6,4.59,4.62,4.63,4.64,4.61,4.6,4.61,4.62,4.65,4.65,4.61,4.62,4.64,4.64,4.67,4.64,4.61,4.63,4.65,4.66,4.67,4.63,4.63,4.66,4.67,4.69,4.66,4.64,4.66,4.67,4.69
0,0.03,0.05,0.05,0.06,0.09,0.1,0.11,0.12,0.12,0.13,0.15,0.16,0.16,0.16,0.17,0.18,0.18,0.19,0.2,0.19,0.19,0.21,0.21,0.21,0.22,0.22,0.22,0.22,0.23,0.23,0.22,0.23,0.24,0.24,0.24,0.24,0.25,0.25,0.25,0.26,0.27,0.26,0.26,0.27,0.27,0.27,0.26,0.27,0.27,0.28,0.29,0.28,0.28,0.28,0.29,0.29,0.29,0.29,0.29,0.29,0.3,0.29,0.29,0.29,0.29,0.29,0.3,0.3,0.29,0.3,0.3,0.3,0.31,0.31,0.3,0.31,0.32,0.32,0.31,0.31,0.31,0.32,0.31,0.32,0.32,0.31,0.31,0.32,0.32,0.32,0.32,0.32,0.32,0.32,0.33,0.33,0.32,0.32,0.32,0.32,0.33,0.33,0.32,0.33,0.33,0.34,0.34,0.32,0.33,0.33,0.33,0.33,0.33,0.32,0.32,0.33,0.33,0.33,0.32,0.33,0.32,0.33,0.34,0.33,0.33,0.34,0.33,0.34,0.34,0.34,0.34,0.34,0.34,0.34,0.34,0.34,0.34,0.34,0.34,0.34,0.33,0.33,0.34,0.35,0.35,0.34,0.33,0.34,0.35,0.35,0.34,0.34,0.35,0.34,0.34,0.35,0.34,0.33,0.34,0.35,0.35,0.35,0.35,0.34,0.35,0.35,0.35,0.35,0.34,0.34,0.35,0.35,0.35,0.34,0.35,0.35,0.34,0.35,0.35,0.34,0.35,0.35,0.35,0.35,0.34,0.34,0.35,0.34,0.35,0.35,0.35,0.34,0.35,0.36,0.35,0.35,0.35,0.36,0.36,0.35,0.35,0.35,0.35,0.35,0.36,0.35,0.34,0.35,0.35,0.35,0.35,0.35,0.35,0.35,0.35,0.34,0.35,0.34,0.34,0.34,0.35,0.36,0.36,0.35,0.35,0.35,0.36,0.35,0.34,0.35,0.35,0.36,0.35,0.35,0.34,0.35,0.34,0.35,0.36,0.34,0.34,0.35,0.36,0.36,0.36,0.35,0.35,0.34,0.35,0.35,0.35,0.35,0.35,0.36,0.35,0.35,0.35,0.35,0.35,0.35,0.35,0.35,0.34,0.34,0.34,0.35,0.34,0.34,0.35,0.34,0.34,0.34,0.34,0.34,0.34,0.34,0.34,0.34,0.33,0.33,0.34,0.33,0.34,0.34,0.34,0.34,0.34,0.34,0.34,0.33,0.34,0.34,0.34,0.33,0.34,0.34,0.33,0.34,0.34,0.33,0.36
0,0.02,0.04,0.06,0.07,0.08,0.1,0.11,0.13,0.13,0.13,0.15,0.15,0.16,0.17,0.17,0.18,0.19,0.19,0.2,0.2,0.19,0.21,0.21,0.21,0.22,0.21,0.22,0.23,0.23,0.24,0.24,0.24,0.25,0.25,0.26,0.26,0.26,0.26,0.26,0.27,0.27,0.27,0.27,0.28,0.27,0.28,0.28,0.28,0.28,0.29,0.29,0.3,0.29,0.29,0.3,0.3,0.29,0.3,0.3,0.3,0.3,0.31,0.31,0.3,0.3,0.31,0.31,0.31,0.32,0.32,0.32,0.32,0.32,0.33,0.33,0.32,0.33,0.34,0.33,0.33,0.33,0.33,0.34,0.34,0.34,0.33,0.34,0.34,0.34,0.34,0.34,0.34,0.34,0.34,0.35,0.35,0.35,0.34,0.35,0.35,0.35,0.35,0.35,0.35,0.35,0.35,0.36,0.36,0.35,0.35,0.36,0.36,0.36,0.35,0.35,0.36,0.36,0.37,0.36,0.36,0.36,0.36,0.36,0.37,0.36,0.36,0.36,0.37,0.37,0.37,0.36,0.37,0.38,0.37,0.37,0.37,0.37,0.37,0.37,0.38,0.38,0.37,0.37,0.38,0.38,0.38,0.37,0.37,0.38,0.38,0.39,0.38,0.38,0.38,0.38,0.38,0.39,0.39,0.39,0.38,0.39,0.39,0.39,0.37,0.38,0.39,0.39,0.39,0.37,0.38,0.4,0.39,0.39,0.39,0.39,0.39,0.39,0.39,0.4,0.39,0.39,0.39,0.4,0.4,0.39,0.39,0.4,0.4,0.4,0.4,0.4,0.4,0.4,0.4,0.4,0.4,0.39,0.4,0.4,0.4,0.4,0.4,0.4,0.4,0.4,0.4,0.4,0.4,0.4,0.4,0.41,0.4,0.4,0.4,0.41,0.41,0.4,0.4,0.4,0.41,0.4,0.4,0.41,0.4,0.4,0.41,0.41,0.42,0.41,0.4,0.41,0.42,0.42,0.42,0.41,0.41,0.42,0.42,0.42,0.41,0.41,0.42,0.42,0.41,0.41,0.41,0.41,0.41,0.41,0.41,0.41,0.41,0.42,0.42,0.41,0.41,0.42,0.42,0.41,0.41,0.42,0.42,0.41,0.41,0.4,0.41,0.42,0.41,0.4,0.41,0.42,0.42,0.41,0.41,0.41,0.42,0.42,0.41,0.41,0.4,0.41,0.42,0.42,0.41,0.4,0.4,0.41,0.42,0.42,0.41,0.41,0.41,0.41,0.41,0.41,0.4,0.41,0.41,0.41,0.41,0.42
0,0.03,0.06,0.08,0.11,0.13,0.15,0.18,0.2,0.22,0.23,0.24,0.26,0.27,0.29,0.3,0.3,0.31,0.33,0.34,0.35,0.36,0.36,0.37,0.37,0.39,0.4,0.4,0.4,0.42,0.42,0.43,0.43,0.44,0.44,0.45,0.46,0.47,0.46,0.47,0.48,0.49,0.49,0.49,0.49,0.51,0.51,0.51,0.52,0.52,0.52,0.53,0.53,0.53,0.54,0.54,0.55,0.55,0.56,0.57,0.56,0.57,0.58,0.58,0.58,0.58,0.58,0.58,0.58,0.59,0.6,0.59,0.6,0.61,0.61,0.62,0.62,0.61,0.61,0.62,0.63,0.62,0.62,0.62,0.62,0.64,0.64,0.64,0.64,0.64,0.64,0.65,0.66,0.65,0.65,0.65,0.66,0.66,0.65,0.66,0.66,0.67,0.67,0.68,0.67,0.66,0.67,0.68,0.68,0.68,0.68,0.68,0.69,0.7,0.7,0.68,0.69,0.69,0.7,0.7,0.7,0.7,0.7,0.7,0.71,0.71,0.69,0.7,0.71,0.71,0.72,0.72,0.71,0.71,0.72,0.72,0.73,0.72,0.71,0.72,0.73,0.73,0.72,0.71,0.73,0.73,0.74,0.75,0.73,0.73,0.73,0.74,0.75,0.74,0.73,0.75,0.75,0.75,0.75,0.75,0.75,0.75,0.75,0.76,0.75,0.74,0.75,0.76,0.76,0.76,0.76,0.76,0.75,0.76,0.77,0.76,0.76,0.77,0.77,0.76,0.76,0.76,0.76,0.77,0.78,0.79,0.78,0.77,0.77,0.77,0.78,0.78,0.77,0.78,0.79,0.78,0.78,0.78,0.78,0.78,0.79,0.79,0.8,0.79,0.78,0.79,0.79,0.8,0.79,0.79,0.8,0.8,0.79,0.8,0.8,0.79,0.8,0.8,0.81,0.8,0.79,0.8,0.81,0.8,0.81,0.81,0.8,0.81,0.81,0.81,0.8,0.8,0.81,0.82,0.82,0.81,0.81,0.81,0.81,0.82,0.82,0.82,0.81,0.81,0.82,0.82,0.82,0.81,0.82,0.83,0.83,0.82,0.83,0.82,0.82,0.83,0.83,0.83,0.81,0.82,0.82,0.83,0.83,0.82,0.81,0.82,0.82,0.82,0.82,0.82,0.81,0.82,0.83,0.82,0.82,0.81,0.82,0.83,0.83,0.83,0.82,0.82,0.83,0.82,0.83,0.83,0.82,0.82,0.82,0.83,0.83,0.82,0.82,0.83,0.82,0.83,0.83,0.83,0.83,0.83,0.84,0.84
0,0.03,0.05,0.08,0.1,0.11,0.13,0.16,0.18,0.19,0.2,0.21,0.23,0.24,0.26,0.27,0.27,0.28,0.3,0.3,0.32,0.32,0.32,0.33,0.34,0.35,0.36,0.36,0.36,0.37,0.37,0.39,0.39,0.39,0.4,0.41,0.42,0.42,0.42,0.43,0.43,0.44,0.45,0.45,0.45,0.45,0.46,0.47,0.48,0.47,0.47,0.48,0.48,0.48,0.48,0.48,0.49,0.5,0.5,0.51,0.51,0.5,0.51,0.51,0.52,0.53,0.52,0.53,0.53,0.54,0.55,0.54,0.53,0.54,0.55,0.55,0.55,0.55,0.56,0.56,0.57,0.57,0.57,0.57,0.58,0.58,0.58,0.58,0.57,0.58,0.59,0.59,0.59,0.59,0.58,0.59,0.6,0.6,0.6,0.6,0.6,0.6,0.61,0.62,0.6,0.61,0.62,0.61,0.62,0.62,0.61,0.62,0.63,0.64,0.63,0.62,0.62,0.62,0.63,0.64,0.64,0.63,0.64,0.65,0.64,0.65,0.64,0.64,0.65,0.65,0.65,0.65,0.64,0.64,0.65,0.65,0.65,0.64,0.65,0.66,0.66,0.66,0.66,0.66,0.65,0.66,0.66,0.66,0.66,0.66,0.67,0.67,0.68,0.67,0.66,0.67,0.68,0.68,0.68,0.68,0.67,0.68,0.68,0.69,0.68,0.67,0.68,0.69,0.69,0.69,0.69,0.69,0.69,0.7,0.7,0.69,0.68,0.69,0.7,0.7,0.7,0.69,0.69,0.7,0.71,0.71,0.7,0.7,0.7,0.7,0.71,0.72,0.71,0.7,0.7,0.71,0.72,0.71,0.7,0.71,0.71,0.71,0.71,0.71,0.71,0.71,0.72,0.72,0.72,0.72,0.72,0.72,0.72,0.73,0.72,0.72,0.73,0.73,0.73,0.72,0.72,0.73,0.73,0.74,0.73,0.72,0.73,0.72,0.72,0.74,0.73,0.72,0.73,0.74,0.74,0.75,0.73,0.72,0.73,0.74,0.74,0.74,0.74,0.74,0.74,0.75,0.75,0.74,0.75,0.75,0.75,0.75,0.75,0.74,0.74,0.75,0.75,0.75,0.73,0.74,0.75,0.75,0.75,0.75,0.74,0.74,0.75,0.75,0.75,0.74,0.74,0.75,0.74,0.75,0.75,0.73,0.74,0.74,0.75,0.75,0.74,0.74,0.75,0.75,0.75,0.76,0.75,0.75,0.74,0.75,0.75,0.74,0.75,0.75,0.75,0.75,0.75,0.74,0.75,0.75,0.75,0.76
0,0.02,0.05,0.08,0.11,0.13,0.15,0.18,0.2,0.22,0.24,0.25,0.26,0.28,0.3,0.32,0.33,0.34,0.35,0.36,0.38,0.4,0.39,0.4,0.4,0.42,0.43,0.43,0.43,0.45,0.46,0.47,0.48,0.48,0.48,0.49,0.51,0.52,0.51,0.51,0.52,0.53,0.54,0.54,0.54,0.55,0.56,0.57,0.58,0.58,0.58,0.59,0.6,0.6,0.6,0.6,0.6,0.61,0.62,0.62,0.61,0.62,0.63,0.63,0.64,0.65,0.64,0.64,0.65,0.65,0.65,0.65,0.66,0.66,0.66,0.67,0.68,0.67,0.67,0.69,0.69,0.69,0.69,0.69,0.7,0.7,0.71,0.71,0.7,0.7,0.71,0.72,0.72,0.71,0.71,0.73,0.73,0.73,0.74,0.73,0.73,0.74,0.74,0.74,0.75,0.74,0.74,0.75,0.76,0.76,0.75,0.75,0.76,0.76,0.77,0.77,0.76,0.77,0.77,0.78,0.78,0.77,0.77,0.78,0.78,0.77,0.78,0.78,0.79,0.79,0.79,0.8,0.79,0.79,0.79,0.8,0.81,0.8,0.79,0.8,0.81,0.81,0.81,0.81,0.81,0.81,0.82,0.83,0.82,0.81,0.82,0.82,0.82,0.83,0.83,0.83,0.83,0.84,0.84,0.84,0.83,0.84,0.84,0.84,0.84,0.82,0.83,0.84,0.85,0.86,0.85,0.84,0.84,0.85,0.86,0.86,0.85,0.85,0.86,0.86,0.87,0.86,0.85,0.86,0.86,0.86,0.87,0.86,0.86,0.87,0.88,0.88,0.88,0.87,0.87,0.88,0.88,0.88,0.87,0.87,0.88,0.88,0.88,0.88,0.87,0.87,0.88,0.89,0.89,0.88,0.88,0.9,0.9,0.9,0.89,0.88,0.88,0.89,0.9,0.9,0.89,0.89,0.89,0.89,0.89,0.9,0.9,0.9,0.9,0.9,0.91,0.9,0.89,0.91,0.91,0.91,0.9,0.9,0.9,0.9,0.91,0.92,0.9,0.9,0.9,0.91,0.92,0.91,0.91,0.91,0.92,0.92,0.92,0.91,0.92,0.92,0.92,0.92,0.92,0.92,0.92,0.92,0.92,0.92,0.92,0.92,0.92,0.92,0.92,0.91,0.91,0.92,0.92,0.92,0.92,0.92,0.92,0.92,0.92,0.92,0.92,0.92,0.92,0.93,0.92,0.93,0.92,0.92,0.92,0.92,0.92,0.92,0.92,0.92,0.92,0.93,0.94,0.92,0.92,0.93,0.93,0.94
0,0.01,0.04,0.07,0.11,0.14,0.15,0.18,0.21,0.23,0.25,0.27,0.28,0.3,0.33,0.34,0.35,0.36,0.37,0.39,0.41,0.42,0.42,0.43,0.45,0.46,0.46,0.48,0.48,0.49,0.5,0.51,0.53,0.54,0.53,0.54,0.55,0.57,0.58,0.57,0.58,0.59,0.6,0.61,0.61,0.61,0.62,0.62,0.64,0.64,0.64,0.64,0.65,0.66,0.66,0.67,0.67,0.67,0.68,0.69,0.7,0.69,0.69,0.71,0.71,0.71,0.72,0.71,0.72,0.73,0.74,0.74,0.74,0.74,0.75,0.75,0.76,0.75,0.75,0.76,0.77,0.77,0.77,0.78,0.78,0.79,0.79,0.79,0.79,0.79,0.8,0.81,0.81,0.82,0.8,0.81,0.82,0.83,0.83,0.83,0.83,0.84,0.83,0.84,0.85,0.84,0.84,0.85,0.85,0.86,0.85,0.85,0.85,0.86,0.87,0.87,0.86,0.87,0.88,0.88,0.88,0.87,0.87,0.88,0.88,0.89,0.89,0.89,0.89,0.89,0.9,0.9,0.9,0.89,0.89,0.9,0.91,0.9,0.9,0.91,0.91,0.91,0.92,0.92,0.91,0.92,0.93,0.93,0.93,0.93,0.93,0.94,0.94,0.94,0.93,0.93,0.93,0.93,0.94,0.95,0.94,0.94,0.95,0.95,0.96,0.95,0.94,0.94,0.94,0.95,0.95,0.94,0.95,0.96,0.96,0.97,0.96,0.96,0.97,0.98,0.98,0.98,0.97,0.97,0.97,0.97,0.98,0.98,0.97,0.98,0.98,0.98,0.98,0.98,0.98,0.99,0.99,0.99,0.99,0.98,1,1,1,1,0.99,1,1,1.01,1.02,1.01,1,1.01,1.01,1.02,1.01,1.01,1.01,1.02,1.02,1.02,1.01,1.02,1.03,1.03,1.03,1.04,1.02,1.02,1.03,1.03,1.04,1.03,1.03,1.03,1.03,1.04,1.04,1.03,1.03,1.04,1.05,1.05,1.04,1.03,1.05,1.05,1.05,1.05,1.04,1.04,1.05,1.05,1.06,1.06,1.05,1.05,1.05,1.06,1.05,1.04,1.05,1.06,1.06,1.06,1.05,1.05,1.05,1.05,1.06,1.05,1.04,1.05,1.04,1.05,1.06,1.06,1.04,1.04,1.05,1.06,1.07,1.06,1.05,1.05,1.06,1.06,1.06,1.06,1.06,1.06,1.06,1.07,1.05,1.05,1.06,1.07,1.07,1.06,1.06,1.07,1.07,1.07
0,0.03,0.07,0.12,0.16,0.19,0.23,0.26,0.29,0.33,0.37,0.38,0.4,0.43,0.46,0.48,0.49,0.49,0.51,0.54,0.57,0.59,0.59,0.6,0.62,0.64,0.66,0.67,0.67,0.68,0.7,0.72,0.73,0.73,0.74,0.76,0.77,0.79,0.79,0.79,0.79,0.81,0.83,0.83,0.83,0.84,0.86,0.86,0.88,0.88,0.88,0.89,0.9,0.91,0.92,0.92,0.91,0.93,0.94,0.95,0.95,0.95,0.96,0.97,0.97,0.98,0.98,0.98,0.99,0.99,1.01,1.02,1.01,1.01,1.03,1.04,1.05,1.04,1.04,1.05,1.06,1.07,1.07,1.06,1.07,1.09,1.1,1.1,1.09,1.09,1.1,1.11,1.12,1.12,1.1,1.12,1.12,1.13,1.14,1.13,1.12,1.14,1.14,1.15,1.15,1.15,1.15,1.16,1.17,1.18,1.17,1.17,1.18,1.18,1.19,1.19,1.18,1.19,1.19,1.2,1.21,1.2,1.19,1.2,1.21,1.21,1.22,1.21,1.21,1.22,1.23,1.24,1.23,1.22,1.24,1.24,1.25,1.26,1.24,1.25,1.25,1.26,1.27,1.25,1.25,1.27,1.27,1.27,1.27,1.27,1.27,1.27,1.28,1.29,1.28,1.27,1.29,1.29,1.29,1.29,1.29,1.29,1.29,1.31,1.32,1.3,1.3,1.31,1.32,1.32,1.31,1.31,1.32,1.32,1.33,1.34,1.32,1.32,1.33,1.34,1.34,1.34,1.33,1.33,1.33,1.34,1.35,1.34,1.34,1.35,1.35,1.35,1.35,1.34,1.35,1.35,1.36,1.37,1.36,1.36,1.37,1.37,1.38,1.37,1.37,1.37,1.38,1.38,1.39,1.38,1.37,1.38,1.39,1.39,1.39,1.38,1.38,1.39,1.39,1.4,1.39,1.39,1.4,1.41,1.41,1.4,1.39,1.4,1.41,1.41,1.42,1.41,1.4,1.41,1.42,1.42,1.41,1.41,1.42,1.42,1.43,1.44,1.43,1.42,1.42,1.43,1.44,1.43,1.42,1.44,1.44,1.44,1.45,1.44,1.43,1.44,1.44,1.45,1.44,1.43,1.44,1.44,1.44,1.43,1.43,1.43,1.43,1.44,1.45,1.44,1.42,1.43,1.44,1.44,1.45,1.44,1.43,1.43,1.45,1.45,1.44,1.43,1.44,1.45,1.44,1.45,1.44,1.44,1.44,1.45,1.46,1.45,1.44,1.45,1.46,1.46,1.46,1.45,1.45,1.46,1.46,1.46
0,0.01,0.07,0.16,0.25,0.33,0.38,0.43,0.51,0.57,0.64,0.7,0.73,0.77,0.83,0.88,0.93,0.94,0.97,1.02,1.06,1.09,1.13,1.13,1.17,1.2,1.24,1.27,1.28,1.3,1.32,1.35,1.39,1.41,1.41,1.43,1.46,1.49,1.52,1.51,1.53,1.56,1.57,1.6,1.61,1.61,1.63,1.65,1.68,1.71,1.7,1.71,1.73,1.75,1.78,1.79,1.77,1.8,1.82,1.83,1.86,1.85,1.85,1.88,1.89,1.92,1.92,1.91,1.92,1.94,1.96,1.98,1.97,1.97,1.99,2,2.02,2.03,2.02,2.02,2.05,2.07,2.09,2.08,2.08,2.1,2.12,2.14,2.14,2.13,2.13,2.16,2.17,2.18,2.17,2.17,2.19,2.2,2.22,2.22,2.21,2.22,2.23,2.25,2.27,2.25,2.25,2.26,2.28,2.3,2.3,2.28,2.29,2.31,2.32,2.33,2.31,2.31,2.34,2.35,2.37,2.37,2.35,2.36,2.37,2.38,2.4,2.38,2.38,2.41,2.41,2.43,2.43,2.41,2.42,2.44,2.45,2.46,2.45,2.45,2.47,2.47,2.48,2.49,2.46,2.47,2.49,2.5,2.51,2.5,2.49,2.51,2.53,2.54,2.54,2.52,2.53,2.55,2.56,2.57,2.55,2.54,2.56,2.58,2.6,2.59,2.57,2.58,2.59,2.6,2.61,2.6,2.59,2.61,2.62,2.63,2.63,2.62,2.63,2.64,2.65,2.66,2.64,2.64,2.65,2.66,2.67,2.67,2.65,2.66,2.67,2.68,2.69,2.68,2.67,2.69,2.7,2.71,2.71,2.69,2.7,2.71,2.72,2.73,2.71,2.7,2.71,2.73,2.74,2.75,2.72,2.73,2.74,2.75,2.77,2.75,2.74,2.75,2.76,2.77,2.77,2.76,2.76,2.77,2.79,2.79,2.78,2.77,2.79,2.8,2.81,2.81,2.79,2.79,2.81,2.81,2.82,2.81,2.8,2.81,2.83,2.84,2.84,2.82,2.82,2.84,2.84,2.85,2.84,2.83,2.84,2.85,2.86,2.86,2.84,2.85,2.85,2.86,2.87,2.85,2.84,2.85,2.85,2.86,2.86,2.84,2.85,2.86,2.86,2.87,2.85,2.84,2.85,2.86,2.87,2.87,2.85,2.85,2.87,2.87,2.88,2.87,2.86,2.87,2.88,2.89,2.88,2.86,2.86,2.87,2.88,2.89,2.88,2.87,2.89,2.89,2.9,2.9,2.88,2.89,2.89,2.9
0,0.01,0.08,0.18,0.27,0.37,0.42,0.49,0.58,0.65,0.72,0.78,0.81,0.86,0.93,0.98,1.04,1.06,1.08,1.13,1.18,1.23,1.25,1.27,1.3,1.34,1.38,1.42,1.44,1.45,1.49,1.52,1.56,1.58,1.58,1.6,1.63,1.67,1.7,1.7,1.71,1.74,1.76,1.8,1.81,1.8,1.83,1.86,1.88,1.92,1.91,1.91,1.94,1.96,1.99,2,1.99,2.01,2.03,2.06,2.08,2.08,2.08,2.1,2.12,2.14,2.16,2.15,2.16,2.18,2.21,2.22,2.22,2.21,2.23,2.25,2.27,2.28,2.27,2.28,2.31,2.33,2.35,2.34,2.33,2.36,2.38,2.39,2.4,2.38,2.4,2.42,2.44,2.45,2.44,2.43,2.45,2.47,2.49,2.5,2.47,2.48,2.5,2.52,2.54,2.52,2.52,2.54,2.55,2.57,2.57,2.56,2.56,2.58,2.6,2.61,2.6,2.59,2.61,2.62,2.64,2.65,2.63,2.64,2.66,2.67,2.69,2.67,2.66,2.68,2.69,2.72,2.72,2.69,2.7,2.72,2.73,2.75,2.74,2.73,2.75,2.76,2.77,2.78,2.76,2.76,2.79,2.8,2.81,2.8,2.79,2.81,2.82,2.83,2.84,2.82,2.82,2.84,2.85,2.87,2.86,2.84,2.87,2.88,2.89,2.89,2.87,2.87,2.89,2.9,2.92,2.9,2.89,2.91,2.92,2.93,2.94,2.92,2.92,2.94,2.95,2.97,2.95,2.94,2.95,2.96,2.98,2.98,2.96,2.96,2.98,2.99,3.01,2.99,2.98,2.99,3.01,3.02,3.02,3,3,3.02,3.04,3.05,3.03,3.02,3.04,3.05,3.06,3.06,3.04,3.05,3.05,3.07,3.09,3.07,3.06,3.07,3.08,3.1,3.1,3.08,3.08,3.09,3.1,3.12,3.1,3.09,3.1,3.11,3.13,3.13,3.11,3.11,3.13,3.14,3.15,3.14,3.12,3.15,3.15,3.17,3.17,3.14,3.14,3.16,3.17,3.18,3.17,3.15,3.17,3.19,3.2,3.2,3.18,3.18,3.19,3.2,3.21,3.18,3.17,3.18,3.19,3.2,3.2,3.18,3.18,3.19,3.19,3.21,3.19,3.17,3.19,3.19,3.21,3.21,3.17,3.18,3.2,3.21,3.22,3.2,3.18,3.19,3.2,3.22,3.22,3.19,3.19,3.21,3.23,3.24,3.22,3.2,3.21,3.22,3.24,3.24,3.21,3.22,3.23,3.24
0,0.05,0.14,0.25,0.35,0.43,0.48,0.57,0.65,0.73,0.8,0.85,0.9,0.96,1.02,1.08,1.13,1.15,1.2,1.25,1.29,1.35,1.37,1.39,1.44,1.48,1.52,1.55,1.56,1.59,1.63,1.67,1.7,1.7,1.72,1.76,1.79,1.83,1.86,1.85,1.87,1.91,1.94,1.97,1.97,1.98,2.01,2.04,2.08,2.09,2.07,2.09,2.12,2.14,2.18,2.17,2.18,2.2,2.23,2.26,2.27,2.26,2.28,2.31,2.33,2.35,2.34,2.34,2.37,2.39,2.41,2.42,2.41,2.42,2.45,2.46,2.49,2.48,2.48,2.5,2.51,2.54,2.55,2.53,2.55,2.57,2.58,2.6,2.59,2.59,2.61,2.63,2.66,2.67,2.65,2.65,2.68,2.7,2.72,2.7,2.7,2.72,2.73,2.76,2.77,2.74,2.76,2.77,2.79,2.81,2.8,2.79,2.82,2.84,2.85,2.86,2.84,2.84,2.86,2.88,2.89,2.88,2.87,2.89,2.91,2.93,2.94,2.91,2.92,2.95,2.95,2.97,2.96,2.95,2.97,2.98,3,3,2.98,2.99,3.01,3.03,3.04,3.03,3.02,3.04,3.05,3.07,3.08,3.05,3.06,3.08,3.09,3.11,3.1,3.08,3.1,3.11,3.13,3.14,3.11,3.12,3.13,3.15,3.17,3.16,3.14,3.16,3.18,3.19,3.2,3.18,3.18,3.2,3.22,3.23,3.21,3.2,3.21,3.22,3.24,3.25,3.23,3.23,3.25,3.26,3.28,3.26,3.25,3.26,3.27,3.29,3.29,3.27,3.28,3.3,3.31,3.32,3.3,3.29,3.3,3.32,3.34,3.34,3.32,3.32,3.34,3.35,3.37,3.35,3.34,3.35,3.37,3.38,3.39,3.36,3.36,3.38,3.39,3.4,3.39,3.38,3.39,3.4,3.42,3.42,3.39,3.4,3.42,3.42,3.44,3.42,3.41,3.42,3.44,3.46,3.46,3.43,3.43,3.46,3.47,3.48,3.46,3.45,3.46,3.47,3.49,3.49,3.47,3.47,3.48,3.5,3.51,3.49,3.48,3.49,3.5,3.51,3.5,3.48,3.48,3.49,3.49,3.51,3.49,3.47,3.49,3.5,3.51,3.51,3.48,3.48,3.49,3.5,3.52,3.49,3.48,3.5,3.51,3.51,3.51,3.49,3.49,3.5,3.52,3.52,3.51,3.5,3.51,3.52,3.53,3.53,3.5,3.52,3.53,3.54,3.55,3.53,3.51,3.53,3.53,3.55
0,0.01,0.06,0.15,0.25,0.34,0.4,0.46,0.55,0.61,0.69,0.76,0.79,0.83,0.9,0.95,0.99,1.03,1.04,1.09,1.14,1.18,1.22,1.23,1.26,1.3,1.34,1.38,1.4,1.4,1.44,1.47,1.5,1.54,1.53,1.54,1.58,1.61,1.64,1.65,1.65,1.68,1.71,1.74,1.77,1.76,1.77,1.8,1.83,1.86,1.86,1.85,1.88,1.9,1.93,1.95,1.93,1.94,1.97,1.99,2.02,2.02,2.01,2.04,2.06,2.08,2.1,2.08,2.09,2.12,2.13,2.15,2.16,2.14,2.17,2.19,2.2,2.22,2.21,2.21,2.24,2.25,2.27,2.27,2.26,2.27,2.29,2.32,2.33,2.31,2.32,2.33,2.35,2.38,2.37,2.35,2.36,2.38,2.4,2.41,2.4,2.4,2.42,2.43,2.45,2.45,2.43,2.45,2.47,2.48,2.49,2.47,2.47,2.5,2.51,2.53,2.52,2.51,2.52,2.53,2.55,2.57,2.55,2.55,2.56,2.59,2.61,2.59,2.58,2.59,2.61,2.63,2.63,2.61,2.6,2.63,2.64,2.66,2.66,2.63,2.65,2.66,2.68,2.69,2.67,2.66,2.69,2.7,2.72,2.7,2.69,2.71,2.72,2.74,2.74,2.72,2.72,2.74,2.75,2.77,2.76,2.74,2.76,2.77,2.78,2.8,2.77,2.77,2.79,2.8,2.82,2.81,2.79,2.8,2.81,2.83,2.84,2.82,2.81,2.83,2.84,2.86,2.85,2.83,2.84,2.86,2.87,2.88,2.86,2.85,2.87,2.88,2.9,2.89,2.87,2.89,2.9,2.91,2.92,2.9,2.9,2.91,2.92,2.93,2.93,2.91,2.92,2.93,2.95,2.96,2.93,2.93,2.95,2.96,2.97,2.96,2.95,2.96,2.97,2.98,3,2.97,2.97,2.98,2.99,3.01,3,2.97,2.99,3,3.02,3.03,3,3,3.02,3.02,3.05,3.04,3.01,3.03,3.04,3.05,3.06,3.04,3.03,3.05,3.05,3.07,3.06,3.04,3.05,3.07,3.07,3.09,3.06,3.06,3.08,3.08,3.09,3.08,3.05,3.06,3.08,3.09,3.09,3.06,3.06,3.08,3.08,3.09,3.08,3.06,3.07,3.08,3.09,3.09,3.06,3.06,3.08,3.09,3.1,3.08,3.06,3.08,3.08,3.09,3.11,3.07,3.06,3.09,3.1,3.11,3.09,3.08,3.1,3.1,3.12,3.12,3.09,3.09,3.11,3.12
0,0.04,0.11,0.2,0.3,0.4,0.46,0.52,0.6,0.69,0.75,0.8,0.84,0.9,0.96,1.02,1.07,1.09,1.12,1.18,1.22,1.27,1.31,1.32,1.36,1.4,1.43,1.48,1.48,1.5,1.54,1.57,1.62,1.63,1.63,1.66,1.7,1.73,1.77,1.77,1.78,1.81,1.84,1.87,1.88,1.88,1.9,1.93,1.96,1.98,1.98,1.98,2.01,2.04,2.07,2.08,2.06,2.09,2.11,2.14,2.16,2.15,2.16,2.19,2.21,2.24,2.24,2.23,2.25,2.27,2.29,2.31,2.3,2.3,2.33,2.34,2.36,2.36,2.35,2.37,2.39,2.41,2.42,2.41,2.41,2.43,2.45,2.47,2.47,2.46,2.48,2.49,2.51,2.53,2.51,2.51,2.54,2.55,2.58,2.57,2.56,2.57,2.59,2.6,2.62,2.61,2.61,2.62,2.64,2.66,2.65,2.64,2.66,2.67,2.7,2.71,2.69,2.69,2.7,2.72,2.73,2.74,2.72,2.74,2.75,2.76,2.78,2.76,2.76,2.78,2.79,2.81,2.81,2.8,2.8,2.81,2.83,2.85,2.83,2.83,2.85,2.86,2.88,2.87,2.86,2.87,2.89,2.91,2.92,2.9,2.89,2.91,2.92,2.93,2.93,2.91,2.92,2.94,2.95,2.97,2.95,2.95,2.96,2.97,2.99,2.99,2.97,2.98,2.99,3.01,3.02,3,3,3.01,3.03,3.05,3.04,3.02,3.03,3.05,3.06,3.08,3.06,3.05,3.07,3.08,3.1,3.1,3.07,3.08,3.1,3.11,3.13,3.1,3.1,3.11,3.12,3.14,3.13,3.11,3.12,3.13,3.15,3.16,3.14,3.13,3.16,3.17,3.18,3.18,3.16,3.16,3.18,3.19,3.2,3.18,3.18,3.19,3.2,3.22,3.2,3.19,3.2,3.22,3.22,3.24,3.22,3.21,3.22,3.24,3.25,3.24,3.22,3.24,3.25,3.25,3.27,3.25,3.24,3.26,3.27,3.29,3.28,3.25,3.27,3.28,3.29,3.3,3.28,3.28,3.29,3.3,3.31,3.3,3.28,3.3,3.31,3.31,3.32,3.29,3.28,3.29,3.3,3.32,3.3,3.28,3.29,3.3,3.3,3.31,3.29,3.29,3.3,3.31,3.32,3.3,3.29,3.3,3.31,3.32,3.32,3.3,3.3,3.31,3.32,3.33,3.32,3.3,3.31,3.32,3.33,3.34,3.32,3.32,3.32,3.33,3.35,3.34,3.31,3.33,3.34,3.35
0,0.03,0.11,0.2,0.31,0.41,0.46,0.53,0.62,0.7,0.79,0.83,0.88,0.93,1,1.06,1.12,1.14,1.17,1.23,1.28,1.33,1.36,1.37,1.41,1.46,1.5,1.54,1.54,1.57,1.61,1.64,1.69,1.7,1.7,1.74,1.78,1.81,1.84,1.84,1.86,1.89,1.92,1.95,1.96,1.96,1.98,2.01,2.05,2.07,2.07,2.08,2.1,2.13,2.16,2.17,2.16,2.18,2.21,2.24,2.25,2.25,2.26,2.27,2.3,2.33,2.34,2.33,2.34,2.37,2.38,2.4,2.4,2.4,2.42,2.44,2.46,2.46,2.46,2.48,2.49,2.52,2.53,2.52,2.52,2.55,2.57,2.59,2.59,2.58,2.59,2.61,2.64,2.66,2.64,2.64,2.66,2.67,2.69,2.69,2.68,2.69,2.71,2.73,2.75,2.73,2.73,2.76,2.77,2.79,2.78,2.77,2.78,2.8,2.82,2.83,2.81,2.81,2.83,2.85,2.87,2.87,2.84,2.86,2.88,2.9,2.91,2.89,2.89,2.91,2.92,2.94,2.94,2.92,2.94,2.95,2.97,2.98,2.97,2.96,2.98,3,3.01,3.01,2.99,3,3.02,3.04,3.05,3.03,3.03,3.05,3.06,3.08,3.08,3.06,3.07,3.08,3.1,3.12,3.09,3.09,3.1,3.11,3.14,3.14,3.11,3.12,3.14,3.15,3.16,3.15,3.14,3.16,3.17,3.19,3.18,3.16,3.17,3.19,3.21,3.21,3.19,3.19,3.2,3.21,3.24,3.23,3.21,3.22,3.23,3.24,3.26,3.24,3.23,3.24,3.25,3.27,3.27,3.25,3.26,3.28,3.29,3.29,3.28,3.28,3.29,3.29,3.32,3.31,3.29,3.3,3.32,3.33,3.34,3.32,3.31,3.32,3.34,3.35,3.35,3.33,3.34,3.35,3.36,3.38,3.35,3.34,3.37,3.38,3.39,3.38,3.36,3.37,3.38,3.4,3.41,3.38,3.38,3.4,3.4,3.41,3.41,3.4,3.41,3.42,3.43,3.44,3.42,3.41,3.43,3.43,3.45,3.45,3.43,3.44,3.44,3.45,3.46,3.43,3.42,3.44,3.44,3.45,3.45,3.42,3.43,3.44,3.45,3.45,3.44,3.43,3.44,3.45,3.46,3.45,3.42,3.43,3.44,3.46,3.47,3.45,3.44,3.46,3.46,3.48,3.47,3.44,3.45,3.47,3.48,3.49,3.46,3.45,3.46,3.48,3.49,3.48,3.46,3.47,3.49,3.49
0,0.04,0.13,0.25,0.36,0.46,0.52,0.61,0.71,0.79,0.88,0.92,0.97,1.05,1.11,1.18,1.24,1.26,1.29,1.36,1.41,1.47,1.49,1.5,1.55,1.6,1.65,1.69,1.7,1.73,1.77,1.81,1.85,1.87,1.87,1.91,1.94,1.98,2.02,2.01,2.04,2.07,2.11,2.14,2.14,2.14,2.17,2.21,2.24,2.26,2.25,2.27,2.3,2.32,2.35,2.35,2.34,2.38,2.4,2.42,2.45,2.43,2.44,2.48,2.5,2.53,2.53,2.52,2.55,2.57,2.59,2.62,2.59,2.61,2.63,2.65,2.68,2.68,2.66,2.69,2.71,2.74,2.75,2.73,2.74,2.77,2.79,2.81,2.81,2.79,2.82,2.83,2.85,2.87,2.85,2.86,2.89,2.9,2.93,2.92,2.9,2.93,2.94,2.97,2.98,2.95,2.96,2.99,3,3.03,3.02,3,3.02,3.04,3.06,3.08,3.06,3.06,3.08,3.09,3.12,3.11,3.08,3.11,3.13,3.15,3.16,3.13,3.13,3.15,3.17,3.2,3.18,3.17,3.19,3.2,3.21,3.23,3.21,3.21,3.22,3.25,3.27,3.25,3.24,3.25,3.27,3.29,3.29,3.27,3.27,3.29,3.3,3.33,3.31,3.29,3.32,3.33,3.35,3.36,3.33,3.33,3.35,3.36,3.38,3.37,3.35,3.36,3.38,3.39,3.41,3.38,3.38,3.41,3.43,3.45,3.44,3.41,3.43,3.45,3.45,3.46,3.44,3.45,3.47,3.47,3.49,3.48,3.45,3.47,3.49,3.5,3.51,3.48,3.49,3.51,3.51,3.54,3.53,3.51,3.53,3.54,3.55,3.56,3.54,3.53,3.55,3.57,3.58,3.57,3.56,3.57,3.58,3.59,3.6,3.57,3.57,3.59,3.6,3.62,3.6,3.58,3.61,3.62,3.63,3.64,3.61,3.61,3.63,3.64,3.66,3.64,3.62,3.64,3.65,3.67,3.68,3.65,3.64,3.66,3.67,3.69,3.68,3.65,3.67,3.69,3.7,3.7,3.68,3.68,3.7,3.71,3.72,3.71,3.69,3.7,3.71,3.72,3.72,3.69,3.69,3.7,3.71,3.73,3.71,3.69,3.7,3.71,3.72,3.72,3.69,3.69,3.71,3.72,3.74,3.71,3.69,3.7,3.71,3.73,3.73,3.7,3.7,3.72,3.73,3.74,3.72,3.7,3.72,3.72,3.74,3.75,3.71,3.71,3.73,3.74,3.76,3.74,3.72,3.74,3.75,3.76
0,0.03,0.13,0.24,0.35,0.44,0.51,0.59,0.68,0.76,0.85,0.9,0.94,1,1.08,1.14,1.19,1.22,1.26,1.32,1.37,1.42,1.45,1.46,1.51,1.56,1.6,1.64,1.65,1.68,1.73,1.76,1.8,1.82,1.82,1.86,1.9,1.92,1.95,1.95,1.97,2.01,2.04,2.08,2.08,2.09,2.12,2.15,2.18,2.21,2.2,2.21,2.24,2.26,2.29,2.3,2.29,2.31,2.34,2.37,2.39,2.38,2.39,2.41,2.44,2.47,2.47,2.45,2.48,2.5,2.53,2.55,2.53,2.53,2.58,2.6,2.62,2.62,2.61,2.63,2.65,2.67,2.69,2.67,2.68,2.71,2.73,2.75,2.75,2.73,2.75,2.78,2.79,2.82,2.79,2.8,2.82,2.83,2.86,2.86,2.84,2.86,2.87,2.9,2.92,2.89,2.9,2.92,2.93,2.95,2.95,2.94,2.95,2.98,3,3.02,3,2.99,3.01,3.04,3.05,3.05,3.04,3.05,3.07,3.09,3.1,3.08,3.08,3.1,3.11,3.14,3.13,3.11,3.12,3.14,3.16,3.17,3.15,3.15,3.17,3.18,3.21,3.2,3.18,3.19,3.21,3.23,3.23,3.22,3.22,3.24,3.24,3.27,3.26,3.24,3.25,3.27,3.29,3.3,3.28,3.27,3.29,3.31,3.32,3.31,3.29,3.31,3.32,3.34,3.36,3.33,3.33,3.35,3.36,3.38,3.37,3.35,3.36,3.38,3.4,3.4,3.38,3.38,3.41,3.42,3.43,3.42,3.4,3.42,3.43,3.44,3.45,3.43,3.43,3.46,3.47,3.49,3.48,3.45,3.46,3.48,3.49,3.51,3.48,3.47,3.5,3.52,3.53,3.52,3.5,3.5,3.52,3.54,3.55,3.53,3.52,3.53,3.55,3.58,3.56,3.54,3.56,3.57,3.57,3.59,3.56,3.56,3.58,3.59,3.6,3.59,3.57,3.59,3.61,3.62,3.63,3.61,3.6,3.62,3.63,3.65,3.64,3.62,3.62,3.64,3.65,3.66,3.64,3.64,3.65,3.66,3.68,3.67,3.64,3.66,3.67,3.68,3.69,3.65,3.65,3.66,3.66,3.68,3.67,3.64,3.66,3.67,3.68,3.69,3.66,3.65,3.67,3.68,3.7,3.68,3.66,3.67,3.67,3.69,3.69,3.67,3.66,3.68,3.69,3.7,3.69,3.67,3.68,3.69,3.71,3.71,3.68,3.68,3.69,3.7,3.72,3.7,3.68,3.7,3.7,3.72
0,0.06,0.14,0.22,0.3,0.35,0.4,0.46,0.53,0.59,0.64,0.65,0.7,0.75,0.79,0.84,0.86,0.88,0.91,0.96,1,1.03,1.03,1.06,1.09,1.12,1.16,1.17,1.17,1.2,1.23,1.26,1.29,1.29,1.3,1.32,1.35,1.38,1.37,1.38,1.41,1.42,1.45,1.47,1.46,1.48,1.5,1.51,1.54,1.54,1.53,1.56,1.58,1.6,1.62,1.61,1.61,1.63,1.66,1.67,1.68,1.67,1.68,1.71,1.73,1.73,1.72,1.73,1.75,1.77,1.79,1.78,1.78,1.79,1.81,1.83,1.83,1.82,1.83,1.85,1.86,1.88,1.87,1.86,1.88,1.89,1.91,1.92,1.91,1.91,1.93,1.94,1.96,1.94,1.94,1.95,1.96,1.99,2,1.97,1.98,1.99,2,2.03,2.02,2.01,2.03,2.04,2.05,2.06,2.04,2.04,2.06,2.07,2.08,2.08,2.06,2.08,2.1,2.11,2.12,2.1,2.1,2.12,2.13,2.14,2.13,2.12,2.14,2.15,2.16,2.17,2.15,2.15,2.17,2.18,2.2,2.18,2.17,2.19,2.19,2.21,2.21,2.19,2.19,2.21,2.22,2.23,2.22,2.21,2.23,2.24,2.24,2.25,2.23,2.24,2.25,2.26,2.28,2.26,2.25,2.27,2.27,2.28,2.29,2.27,2.27,2.29,2.3,2.3,2.29,2.28,2.29,2.3,2.31,2.32,2.3,2.3,2.32,2.32,2.34,2.33,2.32,2.33,2.34,2.35,2.35,2.33,2.33,2.35,2.36,2.36,2.35,2.34,2.36,2.37,2.38,2.38,2.36,2.37,2.38,2.38,2.4,2.39,2.37,2.38,2.39,2.4,2.41,2.39,2.38,2.4,2.41,2.42,2.41,2.4,2.41,2.42,2.43,2.43,2.41,2.42,2.42,2.43,2.45,2.43,2.42,2.43,2.44,2.45,2.45,2.43,2.44,2.45,2.46,2.47,2.45,2.44,2.46,2.46,2.47,2.48,2.45,2.45,2.47,2.48,2.49,2.47,2.46,2.47,2.47,2.49,2.5,2.48,2.47,2.48,2.49,2.49,2.47,2.46,2.48,2.48,2.49,2.49,2.46,2.46,2.48,2.49,2.5,2.48,2.47,2.48,2.49,2.5,2.49,2.47,2.47,2.49,2.49,2.49,2.48,2.47,2.47,2.48,2.5,2.5,2.48,2.47,2.49,2.5,2.51,2.49,2.48,2.49,2.5,2.51,2.5,2.48,2.49,2.49,2.5,2.51
0,0.04,0.14,0.24,0.34,0.43,0.49,0.57,0.65,0.72,0.81,0.85,0.88,0.95,1.01,1.08,1.12,1.14,1.19,1.24,1.29,1.34,1.36,1.39,1.43,1.47,1.52,1.55,1.55,1.58,1.62,1.65,1.69,1.7,1.71,1.75,1.78,1.82,1.85,1.84,1.87,1.9,1.93,1.96,1.96,1.96,2,2.02,2.05,2.07,2.07,2.08,2.11,2.13,2.15,2.15,2.15,2.18,2.21,2.23,2.26,2.24,2.26,2.28,2.3,2.33,2.32,2.32,2.35,2.37,2.4,2.4,2.39,2.41,2.43,2.45,2.47,2.46,2.45,2.48,2.49,2.52,2.53,2.52,2.52,2.55,2.56,2.58,2.57,2.57,2.59,2.61,2.62,2.63,2.62,2.63,2.64,2.66,2.69,2.67,2.67,2.69,2.7,2.73,2.74,2.72,2.73,2.75,2.77,2.78,2.77,2.76,2.77,2.8,2.82,2.82,2.81,2.82,2.83,2.85,2.87,2.85,2.85,2.86,2.88,2.9,2.9,2.88,2.89,2.91,2.92,2.94,2.93,2.92,2.93,2.95,2.97,2.96,2.95,2.96,2.98,2.99,3.02,3,2.98,3,3.02,3.03,3.04,3.01,3.02,3.05,3.06,3.07,3.06,3.04,3.05,3.07,3.09,3.09,3.07,3.08,3.09,3.11,3.13,3.11,3.1,3.12,3.14,3.16,3.15,3.14,3.14,3.16,3.17,3.19,3.18,3.17,3.18,3.19,3.21,3.21,3.18,3.19,3.21,3.22,3.24,3.22,3.21,3.22,3.23,3.25,3.26,3.23,3.24,3.25,3.26,3.28,3.26,3.25,3.26,3.28,3.29,3.3,3.27,3.28,3.3,3.31,3.32,3.31,3.29,3.3,3.32,3.33,3.33,3.3,3.31,3.33,3.34,3.35,3.34,3.33,3.34,3.35,3.37,3.37,3.34,3.35,3.36,3.37,3.38,3.37,3.36,3.37,3.38,3.4,3.41,3.38,3.38,3.4,3.42,3.43,3.41,3.39,3.41,3.42,3.43,3.44,3.41,3.42,3.43,3.43,3.44,3.43,3.43,3.44,3.44,3.46,3.45,3.42,3.42,3.44,3.45,3.46,3.43,3.42,3.44,3.45,3.46,3.45,3.42,3.43,3.44,3.46,3.47,3.44,3.43,3.44,3.45,3.45,3.46,3.44,3.44,3.46,3.46,3.47,3.45,3.43,3.45,3.47,3.47,3.47,3.45,3.45,3.46,3.46,3.48,3.46,3.46,3.47,3.47,3.48
0,0.06,0.17,0.29,0.42,0.5,0.56,0.67,0.77,0.85,0.93,0.98,1.04,1.12,1.19,1.27,1.31,1.34,1.4,1.45,1.51,1.57,1.59,1.61,1.68,1.73,1.77,1.81,1.82,1.85,1.9,1.95,1.99,1.99,2.02,2.06,2.1,2.14,2.16,2.16,2.2,2.23,2.26,2.3,2.29,2.31,2.34,2.37,2.41,2.42,2.41,2.44,2.48,2.51,2.53,2.52,2.53,2.57,2.6,2.63,2.64,2.63,2.66,2.68,2.7,2.73,2.72,2.73,2.76,2.78,2.81,2.82,2.81,2.83,2.85,2.88,2.9,2.88,2.89,2.92,2.94,2.97,2.97,2.96,2.98,3,3.03,3.05,3.04,3.04,3.06,3.08,3.11,3.11,3.09,3.11,3.14,3.16,3.17,3.16,3.16,3.18,3.19,3.22,3.22,3.2,3.22,3.25,3.27,3.29,3.27,3.26,3.29,3.3,3.33,3.33,3.31,3.33,3.34,3.35,3.38,3.36,3.35,3.38,3.39,3.42,3.43,3.41,3.42,3.42,3.44,3.47,3.45,3.45,3.47,3.49,3.51,3.51,3.49,3.49,3.51,3.54,3.56,3.54,3.53,3.55,3.56,3.59,3.59,3.56,3.58,3.6,3.61,3.63,3.61,3.61,3.63,3.63,3.66,3.66,3.63,3.64,3.66,3.68,3.69,3.67,3.67,3.69,3.71,3.72,3.71,3.69,3.71,3.73,3.74,3.76,3.74,3.72,3.75,3.76,3.78,3.78,3.76,3.77,3.78,3.8,3.82,3.79,3.78,3.81,3.81,3.83,3.83,3.81,3.81,3.83,3.85,3.87,3.84,3.83,3.86,3.87,3.89,3.89,3.86,3.87,3.88,3.9,3.92,3.89,3.89,3.91,3.92,3.94,3.94,3.91,3.93,3.94,3.95,3.97,3.94,3.93,3.95,3.96,3.98,3.97,3.95,3.96,3.98,3.99,4,3.98,3.98,3.99,4.01,4.02,4.02,3.99,4.01,4.02,4.03,4.05,4.02,4.01,4.03,4.04,4.06,4.05,4.03,4.04,4.05,4.07,4.08,4.06,4.06,4.07,4.08,4.09,4.07,4.05,4.06,4.06,4.07,4.09,4.06,4.04,4.06,4.07,4.09,4.08,4.05,4.06,4.07,4.09,4.09,4.06,4.06,4.08,4.08,4.1,4.09,4.06,4.07,4.08,4.1,4.11,4.08,4.07,4.09,4.1,4.12,4.11,4.08,4.09,4.11,4.11,4.13,4.1,4.09,4.11,4.11,4.13
0,0.01,0.09,0.22,0.32,0.44,0.5,0.58,0.69,0.77,0.86,0.92,0.96,1.03,1.11,1.18,1.25,1.28,1.31,1.36,1.42,1.49,1.53,1.54,1.58,1.64,1.68,1.73,1.74,1.75,1.81,1.84,1.89,1.92,1.92,1.95,2,2.03,2.08,2.08,2.08,2.12,2.15,2.19,2.21,2.2,2.23,2.26,2.29,2.32,2.31,2.32,2.36,2.38,2.42,2.44,2.43,2.44,2.48,2.5,2.53,2.52,2.53,2.56,2.58,2.61,2.62,2.6,2.63,2.66,2.68,2.71,2.7,2.69,2.72,2.75,2.77,2.78,2.76,2.78,2.8,2.82,2.86,2.84,2.83,2.86,2.89,2.91,2.93,2.91,2.92,2.95,2.96,2.98,2.97,2.97,2.99,3,3.03,3.04,3.02,3.03,3.06,3.07,3.09,3.08,3.07,3.09,3.1,3.13,3.14,3.12,3.12,3.15,3.16,3.19,3.17,3.16,3.18,3.2,3.22,3.22,3.21,3.22,3.23,3.25,3.28,3.26,3.25,3.27,3.28,3.3,3.31,3.28,3.29,3.32,3.33,3.36,3.34,3.32,3.35,3.37,3.38,3.39,3.37,3.38,3.4,3.41,3.44,3.41,3.39,3.42,3.44,3.45,3.46,3.43,3.44,3.46,3.48,3.5,3.48,3.47,3.48,3.5,3.52,3.52,3.5,3.5,3.52,3.54,3.55,3.53,3.52,3.54,3.56,3.57,3.58,3.56,3.57,3.58,3.6,3.62,3.59,3.58,3.59,3.6,3.63,3.64,3.61,3.62,3.64,3.65,3.66,3.65,3.63,3.65,3.67,3.68,3.68,3.66,3.67,3.68,3.7,3.71,3.69,3.68,3.7,3.71,3.72,3.73,3.71,3.71,3.73,3.75,3.76,3.73,3.73,3.74,3.75,3.78,3.78,3.75,3.76,3.78,3.79,3.81,3.78,3.78,3.8,3.81,3.83,3.83,3.79,3.79,3.82,3.83,3.84,3.82,3.8,3.82,3.84,3.86,3.85,3.83,3.83,3.85,3.86,3.89,3.86,3.86,3.87,3.88,3.9,3.9,3.87,3.87,3.88,3.89,3.9,3.88,3.87,3.88,3.89,3.9,3.89,3.87,3.87,3.88,3.89,3.9,3.88,3.86,3.89,3.89,3.9,3.91,3.88,3.87,3.89,3.91,3.92,3.89,3.88,3.9,3.9,3.92,3.92,3.89,3.89,3.91,3.92,3.93,3.91,3.9,3.91,3.92,3.93,3.93,3.91,3.91,3.93,3.93
0,0.01,0.01,0.02,0.03,0.04,0.04,0.05,0.05,0.06,0.06,0.07,0.08,0.08,0.08,0.08,0.09,0.1,0.09,0.09,0.1,0.11,0.11,0.11,0.11,0.11,0.12,0.12,0.12,0.11,0.12,0.13,0.13,0.13,0.13,0.13,0.13,0.13,0.14,0.15,0.14,0.14,0.15,0.16,0.16,0.15,0.14,0.15,0.15,0.16,0.15,0.15,0.16,0.16,0.16,0.16,0.15,0.16,0.17,0.16,0.16,0.16,0.16,0.17,0.17,0.17,0.17,0.16,0.16,0.17,0.17,0.16,0.16,0.17,0.17,0.17,0.17,0.16,0.17,0.17,0.18,0.17,0.17,0.18,0.18,0.18,0.18,0.17,0.17,0.17,0.18,0.18,0.18,0.18,0.17,0.18,0.18,0.18,0.17,0.18,0.18,0.18,0.18,0.18,0.17,0.18,0.19,0.19,0.18,0.18,0.18,0.18,0.18,0.18,0.18,0.18,0.19,0.18,0.18,0.18,0.18,0.18,0.18,0.18,0.19,0.19,0.19,0.18,0.18,0.19,0.19,0.19,0.19,0.18,0.18,0.19,0.19,0.19,0.18,0.17,0.18,0.19,0.19,0.19,0.18,0.17,0.18,0.19,0.19,0.18,0.17,0.18,0.18,0.19,0.19,0.18,0.18,0.19,0.19,0.19,0.18,0.18,0.18,0.19,0.18,0.18,0.18,0.19,0.19,0.19,0.18,0.19,0.18,0.19,0.18,0.18,0.18,0.18,0.18,0.18,0.18,0.18,0.18,0.18,0.18,0.18,0.18,0.18,0.18,0.19,0.19,0.19,0.19,0.18,0.17,0.18,0.18,0.18,0.18,0.18,0.18,0.18,0.19,0.19,0.18,0.17,0.18,0.18,0.18,0.18,0.18,0.18,0.17,0.17,0.18,0.18,0.18,0.17,0.17,0.18,0.19,0.18,0.18,0.17,0.18,0.19,0.19,0.18,0.17,0.17,0.17,0.18,0.18,0.17,0.17,0.17,0.17,0.18,0.18,0.18,0.18,0.18,0.18,0.18,0.18,0.18,0.17,0.17,0.17,0.17,0.18,0.17,0.17,0.17,0.17,0.17,0.17,0.16,0.17,0.17,0.17,0.17,0.16,0.16,0.17,0.17,0.17,0.17,0.17,0.16,0.17,0.17,0.17,0.16,0.16,0.17,0.17,0.17,0.17,0.16,0.16,0.16,0.16,0.16,0.16,0.16,0.15,0.15,0.16,0.16,0.16,0.16,0.16,0.15,0.15,0.16,0.16,0.15,0.15,0.16,0.16,0.19
0,0.01,0.03,0.05,0.06,0.07,0.08,0.09,0.1,0.11,0.11,0.11,0.13,0.14,0.15,0.15,0.15,0.16,0.17,0.17,0.18,0.19,0.18,0.19,0.2,0.21,0.21,0.21,0.21,0.22,0.22,0.23,0.23,0.23,0.24,0.24,0.25,0.25,0.25,0.25,0.25,0.26,0.26,0.26,0.26,0.27,0.27,0.28,0.28,0.27,0.28,0.28,0.28,0.29,0.29,0.29,0.29,0.29,0.3,0.3,0.3,0.3,0.31,0.31,0.31,0.31,0.31,0.31,0.32,0.32,0.33,0.33,0.32,0.33,0.33,0.33,0.33,0.33,0.33,0.34,0.34,0.34,0.33,0.34,0.34,0.34,0.34,0.34,0.34,0.34,0.35,0.35,0.36,0.36,0.35,0.35,0.36,0.36,0.35,0.35,0.36,0.36,0.36,0.36,0.36,0.36,0.37,0.36,0.37,0.37,0.37,0.37,0.37,0.37,0.37,0.37,0.38,0.37,0.38,0.38,0.38,0.38,0.38,0.39,0.39,0.39,0.38,0.39,0.4,0.39,0.39,0.39,0.39,0.39,0.4,0.4,0.39,0.39,0.4,0.4,0.4,0.4,0.4,0.4,0.41,0.4,0.41,0.41,0.41,0.42,0.41,0.41,0.42,0.42,0.41,0.42,0.42,0.42,0.42,0.42,0.42,0.42,0.42,0.43,0.42,0.41,0.42,0.43,0.42,0.42,0.42,0.43,0.43,0.43,0.42,0.42,0.42,0.42,0.43,0.43,0.44,0.43,0.43,0.43,0.44,0.43,0.43,0.43,0.43,0.43,0.43,0.43,0.43,0.43,0.44,0.44,0.44,0.43,0.43,0.44,0.44,0.44,0.44,0.43,0.44,0.44,0.44,0.45,0.45,0.44,0.43,0.44,0.45,0.45,0.44,0.44,0.44,0.45,0.45,0.44,0.45,0.45,0.45,0.45,0.45,0.45,0.45,0.45,0.46,0.46,0.45,0.45,0.46,0.46,0.46,0.46,0.45,0.45,0.45,0.45,0.46,0.45,0.45,0.45,0.46,0.46,0.46,0.45,0.46,0.47,0.46,0.46,0.46,0.46,0.46,0.46,0.47,0.46,0.45,0.45,0.46,0.47,0.46,0.46,0.46,0.46,0.46,0.46,0.46,0.46,0.45,0.45,0.46,0.46,0.46,0.45,0.46,0.46,0.46,0.46,0.45,0.46,0.46,0.46,0.46,0.46,0.46,0.45,0.46,0.46,0.46,0.46,0.46,0.46,0.46,0.46,0.46,0.46,0.46,0.46,0.46,0.47
0,0.01,0.02,0.03,0.04,0.06,0.06,0.06,0.07,0.08,0.09,0.1,0.09,0.1,0.11,0.12,0.12,0.12,0.12,0.13,0.13,0.14,0.13,0.13,0.14,0.14,0.15,0.16,0.15,0.15,0.16,0.16,0.17,0.16,0.16,0.17,0.17,0.17,0.17,0.17,0.18,0.18,0.18,0.19,0.18,0.19,0.19,0.19,0.19,0.2,0.19,0.2,0.2,0.2,0.2,0.19,0.19,0.2,0.2,0.21,0.2,0.2,0.2,0.21,0.21,0.21,0.22,0.21,0.21,0.22,0.22,0.23,0.22,0.22,0.22,0.22,0.23,0.23,0.22,0.23,0.23,0.24,0.23,0.23,0.23,0.24,0.25,0.24,0.24,0.24,0.24,0.24,0.24,0.25,0.24,0.24,0.25,0.25,0.25,0.25,0.24,0.25,0.25,0.25,0.25,0.24,0.25,0.25,0.26,0.26,0.25,0.25,0.25,0.26,0.26,0.26,0.25,0.25,0.26,0.26,0.26,0.26,0.26,0.26,0.26,0.26,0.26,0.26,0.26,0.26,0.27,0.27,0.26,0.26,0.26,0.26,0.27,0.27,0.27,0.27,0.27,0.28,0.27,0.27,0.27,0.27,0.27,0.27,0.28,0.27,0.27,0.27,0.27,0.28,0.27,0.27,0.28,0.28,0.28,0.28,0.28,0.28,0.28,0.28,0.28,0.28,0.27,0.28,0.28,0.28,0.29,0.28,0.28,0.29,0.29,0.29,0.28,0.28,0.28,0.28,0.29,0.29,0.28,0.28,0.28,0.29,0.29,0.28,0.29,0.29,0.29,0.29,0.29,0.29,0.29,0.29,0.29,0.29,0.29,0.28,0.29,0.29,0.29,0.29,0.28,0.29,0.3,0.3,0.3,0.29,0.29,0.29,0.3,0.3,0.29,0.29,0.29,0.29,0.3,0.3,0.29,0.29,0.29,0.29,0.29,0.3,0.29,0.29,0.3,0.3,0.3,0.3,0.29,0.3,0.3,0.3,0.3,0.3,0.3,0.3,0.3,0.3,0.3,0.3,0.3,0.31,0.3,0.31,0.3,0.3,0.3,0.31,0.31,0.31,0.3,0.31,0.31,0.31,0.31,0.31,0.31,0.31,0.31,0.31,0.3,0.3,0.3,0.3,0.31,0.3,0.3,0.3,0.31,0.31,0.31,0.3,0.3,0.3,0.31,0.31,0.31,0.3,0.3,0.31,0.3,0.31,0.3,0.3,0.31,0.31,0.31,0.3,0.3,0.3,0.31,0.31,0.31,0.31,0.3,0.31,0.31,0.31
0,0.01,0.05,0.08,0.1,0.13,0.14,0.15,0.18,0.2,0.22,0.22,0.22,0.24,0.25,0.27,0.28,0.28,0.28,0.29,0.3,0.31,0.31,0.31,0.32,0.33,0.34,0.35,0.34,0.34,0.36,0.36,0.37,0.37,0.37,0.38,0.38,0.39,0.39,0.38,0.39,0.4,0.4,0.41,0.41,0.4,0.41,0.41,0.42,0.43,0.42,0.42,0.43,0.44,0.44,0.44,0.43,0.44,0.44,0.45,0.45,0.44,0.45,0.46,0.46,0.47,0.47,0.46,0.46,0.47,0.48,0.48,0.47,0.47,0.48,0.48,0.49,0.48,0.48,0.49,0.49,0.5,0.5,0.48,0.49,0.5,0.5,0.5,0.5,0.5,0.5,0.51,0.52,0.52,0.5,0.51,0.52,0.51,0.52,0.52,0.51,0.52,0.53,0.52,0.53,0.52,0.52,0.52,0.53,0.54,0.54,0.52,0.53,0.54,0.54,0.54,0.53,0.53,0.54,0.54,0.55,0.55,0.54,0.54,0.55,0.56,0.56,0.54,0.55,0.56,0.56,0.56,0.56,0.55,0.55,0.56,0.56,0.57,0.56,0.55,0.56,0.57,0.57,0.57,0.56,0.56,0.56,0.58,0.57,0.56,0.57,0.58,0.58,0.58,0.58,0.57,0.57,0.59,0.59,0.59,0.59,0.58,0.58,0.59,0.59,0.59,0.58,0.59,0.59,0.6,0.6,0.58,0.58,0.6,0.6,0.6,0.59,0.58,0.59,0.6,0.61,0.6,0.6,0.59,0.6,0.61,0.62,0.6,0.6,0.61,0.6,0.62,0.61,0.6,0.61,0.61,0.62,0.62,0.62,0.6,0.61,0.62,0.62,0.63,0.61,0.61,0.62,0.62,0.63,0.62,0.61,0.62,0.63,0.63,0.63,0.61,0.61,0.62,0.63,0.63,0.63,0.61,0.62,0.63,0.63,0.63,0.62,0.62,0.63,0.64,0.64,0.63,0.63,0.63,0.64,0.64,0.64,0.63,0.63,0.63,0.64,0.65,0.64,0.62,0.63,0.64,0.64,0.65,0.63,0.63,0.64,0.64,0.65,0.64,0.64,0.65,0.64,0.65,0.65,0.63,0.63,0.64,0.64,0.65,0.65,0.63,0.63,0.64,0.64,0.64,0.64,0.63,0.64,0.64,0.65,0.63,0.63,0.64,0.64,0.64,0.65,0.63,0.64,0.64,0.64,0.64,0.64,0.63,0.64,0.65,0.65,0.65,0.64,0.64,0.64,0.65,0.65,0.64,0.63,0.64,0.64,0.65
0,0.02,0.03,0.04,0.04,0.06,0.07,0.08,0.09,0.09,0.09,0.1,0.11,0.11,0.11,0.11,0.12,0.13,0.13,0.13,0.13,0.13,0.14,0.14,0.15,0.15,0.15,0.15,0.15,0.15,0.15,0.16,0.16,0.16,0.17,0.17,0.16,0.16,0.16,0.17,0.17,0.17,0.17,0.16,0.17,0.18,0.18,0.18,0.17,0.18,0.19,0.19,0.19,0.18,0.19,0.19,0.19,0.19,0.19,0.19,0.19,0.2,0.2,0.19,0.19,0.19,0.2,0.2,0.21,0.2,0.19,0.2,0.2,0.21,0.21,0.2,0.2,0.21,0.21,0.21,0.21,0.21,0.21,0.21,0.22,0.21,0.21,0.21,0.21,0.21,0.22,0.22,0.21,0.22,0.21,0.22,0.22,0.22,0.22,0.22,0.22,0.22,0.22,0.22,0.22,0.23,0.23,0.23,0.22,0.22,0.22,0.22,0.23,0.22,0.22,0.22,0.22,0.23,0.23,0.22,0.23,0.23,0.23,0.23,0.23,0.22,0.23,0.24,0.24,0.24,0.23,0.23,0.23,0.24,0.24,0.24,0.24,0.24,0.24,0.24,0.24,0.23,0.24,0.24,0.24,0.24,0.24,0.23,0.24,0.25,0.24,0.24,0.24,0.24,0.24,0.24,0.24,0.24,0.24,0.24,0.25,0.25,0.25,0.24,0.24,0.25,0.25,0.25,0.25,0.25,0.24,0.25,0.25,0.25,0.24,0.25,0.25,0.25,0.25,0.25,0.24,0.25,0.25,0.25,0.26,0.25,0.25,0.25,0.25,0.25,0.25,0.25,0.25,0.25,0.26,0.26,0.25,0.24,0.25,0.25,0.25,0.25,0.25,0.25,0.25,0.26,0.26,0.25,0.25,0.25,0.25,0.26,0.26,0.25,0.26,0.26,0.26,0.26,0.26,0.25,0.25,0.26,0.26,0.25,0.26,0.26,0.26,0.26,0.26,0.26,0.26,0.26,0.26,0.27,0.27,0.26,0.26,0.27,0.26,0.26,0.26,0.26,0.26,0.26,0.27,0.26,0.26,0.26,0.26,0.27,0.27,0.26,0.26,0.26,0.27,0.26,0.26,0.26,0.26,0.26,0.26,0.26,0.25,0.26,0.26,0.26,0.26,0.26,0.26,0.26,0.26,0.26,0.26,0.26,0.26,0.26,0.26,0.27,0.26,0.26,0.27,0.26,0.27,0.27,0.26,0.26,0.26,0.26,0.27,0.26,0.26,0.26,0.25,0.26,0.26,0.26,0.26,0.26,0.26,0.27,0.26,0.27
0,0.01,0.02,0.02,0.04,0.04,0.04,0.05,0.06,0.06,0.07,0.06,0.07,0.07,0.08,0.08,0.08,0.08,0.08,0.09,0.08,0.09,0.08,0.08,0.09,0.09,0.09,0.09,0.09,0.09,0.09,0.1,0.1,0.09,0.1,0.1,0.1,0.1,0.1,0.1,0.1,0.1,0.1,0.1,0.1,0.1,0.11,0.11,0.11,0.11,0.11,0.11,0.11,0.11,0.11,0.11,0.11,0.12,0.12,0.12,0.12,0.11,0.12,0.12,0.12,0.12,0.12,0.11,0.12,0.12,0.11,0.11,0.11,0.11,0.12,0.12,0.12,0.12,0.11,0.12,0.11,0.12,0.12,0.12,0.12,0.12,0.12,0.12,0.12,0.12,0.12,0.12,0.12,0.13,0.12,0.12,0.13,0.13,0.13,0.12,0.12,0.13,0.12,0.13,0.13,0.12,0.13,0.13,0.13,0.13,0.12,0.12,0.12,0.13,0.13,0.12,0.13,0.13,0.13,0.13,0.12,0.13,0.13,0.13,0.13,0.13,0.13,0.13,0.13,0.13,0.13,0.13,0.13,0.13,0.13,0.13,0.13,0.13,0.13,0.13,0.13,0.13,0.13,0.14,0.13,0.14,0.14,0.13,0.14,0.14,0.13,0.14,0.13,0.13,0.14,0.13,0.14,0.14,0.13,0.14,0.14,0.14,0.14,0.14,0.14,0.14,0.13,0.14,0.13,0.14,0.13,0.13,0.14,0.13,0.14,0.14,0.13,0.14,0.13,0.14,0.14,0.14,0.14,0.14,0.14,0.15,0.14,0.14,0.13,0.14,0.14,0.14,0.14,0.14,0.14,0.14,0.15,0.15,0.14,0.14,0.14,0.14,0.14,0.14,0.14,0.14,0.14,0.15,0.14,0.14,0.14,0.14,0.15,0.14,0.15,0.14,0.14,0.14,0.14,0.15,0.14,0.15,0.14,0.15,0.15,0.15,0.14,0.15,0.15,0.15,0.15,0.15,0.14,0.15,0.14,0.15,0.14,0.15,0.14,0.14,0.15,0.15,0.14,0.14,0.14,0.15,0.14,0.15,0.15,0.14,0.15,0.14,0.15,0.15,0.14,0.15,0.14,0.15,0.15,0.14,0.15,0.15,0.15,0.15,0.15,0.15,0.15,0.15,0.15,0.15,0.15,0.14,0.15,0.15,0.15,0.15,0.14,0.15,0.15,0.15,0.15,0.14,0.15,0.15,0.15,0.15,0.14,0.15,0.15,0.15,0.15,0.15,0.15,0.15,0.15,0.15,0.15,0.15,0.14,0.14,0.15,0.15
0,0.02,0.03,0.04,0.04,0.04,0.05,0.05,0.06,0.06,0.06,0.06,0.06,0.06,0.06,0.07,0.07,0.07,0.08,0.08,0.08,0.08,0.08,0.08,0.08,0.09,0.09,0.08,0.09,0.09,0.09,0.09,0.09,0.08,0.09,0.09,0.09,0.09,0.09,0.09,0.09,0.09,0.1,0.09,0.1,0.1,0.09,0.09,0.1,0.09,0.09,0.09,0.1,0.1,0.1,0.1,0.1,0.1,0.1,0.1,0.1,0.1,0.1,0.11,0.1,0.11,0.1,0.1,0.11,0.11,0.1,0.1,0.1,0.11,0.11,0.11,0.11,0.11,0.11,0.11,0.11,0.1,0.1,0.11,0.11,0.11,0.11,0.11,0.11,0.11,0.12,0.11,0.11,0.11,0.11,0.11,0.12,0.11,0.11,0.11,0.11,0.11,0.11,0.12,0.12,0.12,0.12,0.12,0.12,0.11,0.11,0.12,0.11,0.11,0.12,0.11,0.12,0.12,0.12,0.12,0.11,0.12,0.12,0.12,0.12,0.11,0.12,0.12,0.12,0.12,0.12,0.12,0.12,0.12,0.12,0.12,0.12,0.12,0.12,0.12,0.12,0.12,0.12,0.12,0.12,0.12,0.12,0.13,0.12,0.12,0.12,0.12,0.13,0.12,0.12,0.12,0.12,0.13,0.13,0.13,0.13,0.12,0.13,0.13,0.13,0.13,0.12,0.13,0.13,0.13,0.12,0.12,0.13,0.12,0.13,0.12,0.12,0.12,0.12,0.12,0.13,0.12,0.12,0.13,0.13,0.13,0.13,0.13,0.13,0.13,0.13,0.13,0.12,0.13,0.13,0.13,0.13,0.13,0.13,0.13,0.13,0.13,0.13,0.13,0.13,0.13,0.13,0.13,0.13,0.12,0.13,0.13,0.13,0.13,0.13,0.14,0.14,0.14,0.14,0.13,0.13,0.14,0.14,0.14,0.13,0.13,0.13,0.13,0.14,0.13,0.14,0.13,0.13,0.14,0.13,0.14,0.13,0.13,0.14,0.14,0.14,0.13,0.14,0.14,0.14,0.14,0.14,0.13,0.14,0.13,0.14,0.14,0.13,0.14,0.13,0.14,0.13,0.13,0.13,0.13,0.14,0.14,0.14,0.14,0.13,0.14,0.14,0.14,0.14,0.13,0.14,0.14,0.14,0.14,0.13,0.14,0.14,0.13,0.14,0.13,0.14,0.14,0.14,0.14,0.14,0.14,0.14,0.14,0.14,0.14,0.14,0.14,0.14,0.14,0.14,0.14,0.14,0.14,0.14,0.14,0.14,0.14
0,0.01,0.02,0.03,0.04,0.05,0.05,0.06,0.06,0.07,0.07,0.07,0.08,0.08,0.08,0.09,0.08,0.09,0.09,0.09,0.1,0.1,0.09,0.1,0.1,0.1,0.11,0.1,0.11,0.11,0.11,0.12,0.11,0.11,0.11,0.12,0.13,0.12,0.12,0.12,0.12,0.12,0.13,0.13,0.12,0.13,0.13,0.13,0.14,0.14,0.13,0.14,0.14,0.14,0.14,0.14,0.14,0.14,0.14,0.14,0.14,0.14,0.14,0.14,0.14,0.15,0.15,0.14,0.15,0.15,0.15,0.15,0.15,0.15,0.15,0.15,0.15,0.15,0.15,0.15,0.15,0.15,0.15,0.16,0.16,0.16,0.16,0.16,0.16,0.15,0.16,0.16,0.16,0.16,0.16,0.16,0.16,0.16,0.16,0.16,0.16,0.17,0.16,0.17,0.17,0.16,0.16,0.17,0.17,0.17,0.16,0.16,0.17,0.17,0.16,0.17,0.16,0.16,0.17,0.17,0.17,0.16,0.17,0.17,0.17,0.18,0.18,0.17,0.17,0.18,0.17,0.18,0.17,0.17,0.18,0.17,0.18,0.17,0.17,0.18,0.17,0.17,0.18,0.17,0.17,0.18,0.18,0.18,0.18,0.18,0.18,0.18,0.18,0.18,0.18,0.18,0.18,0.18,0.19,0.18,0.18,0.18,0.18,0.18,0.18,0.18,0.17,0.18,0.18,0.18,0.18,0.18,0.18,0.18,0.18,0.18,0.18,0.18,0.18,0.19,0.19,0.18,0.18,0.19,0.19,0.19,0.18,0.18,0.18,0.18,0.19,0.19,0.19,0.18,0.18,0.19,0.19,0.19,0.18,0.19,0.19,0.18,0.19,0.18,0.18,0.19,0.19,0.19,0.19,0.18,0.19,0.19,0.19,0.19,0.19,0.19,0.19,0.18,0.19,0.19,0.18,0.19,0.19,0.19,0.19,0.19,0.19,0.19,0.19,0.19,0.2,0.19,0.19,0.2,0.19,0.2,0.19,0.19,0.19,0.2,0.2,0.2,0.2,0.19,0.19,0.2,0.2,0.19,0.19,0.19,0.2,0.2,0.2,0.19,0.2,0.2,0.2,0.2,0.2,0.19,0.2,0.19,0.19,0.2,0.2,0.19,0.2,0.19,0.19,0.19,0.19,0.2,0.2,0.2,0.19,0.19,0.2,0.19,0.2,0.2,0.2,0.2,0.2,0.2,0.2,0.2,0.19,0.19,0.2,0.2,0.2,0.2,0.19,0.2,0.2,0.19,0.2,0.19,0.19,0.2,0.2,0.2
0,0.03,0.05,0.07,0.09,0.09,0.1,0.11,0.13,0.14,0.15,0.15,0.16,0.17,0.18,0.18,0.18,0.18,0.19,0.2,0.21,0.21,0.21,0.21,0.21,0.22,0.22,0.22,0.22,0.23,0.23,0.23,0.23,0.23,0.23,0.24,0.25,0.25,0.25,0.25,0.25,0.26,0.26,0.26,0.25,0.25,0.26,0.26,0.27,0.26,0.26,0.26,0.27,0.27,0.27,0.27,0.27,0.27,0.27,0.28,0.28,0.27,0.27,0.27,0.28,0.28,0.27,0.28,0.28,0.28,0.28,0.29,0.28,0.28,0.29,0.3,0.3,0.29,0.29,0.3,0.3,0.3,0.3,0.29,0.29,0.3,0.3,0.3,0.29,0.29,0.29,0.3,0.3,0.3,0.29,0.29,0.3,0.3,0.31,0.3,0.3,0.31,0.31,0.32,0.31,0.3,0.31,0.31,0.3,0.32,0.31,0.31,0.31,0.32,0.32,0.31,0.3,0.31,0.31,0.32,0.32,0.31,0.31,0.31,0.32,0.32,0.31,0.31,0.32,0.32,0.33,0.33,0.32,0.32,0.32,0.32,0.33,0.32,0.31,0.32,0.33,0.33,0.33,0.32,0.32,0.32,0.32,0.33,0.32,0.32,0.33,0.33,0.33,0.33,0.33,0.33,0.33,0.33,0.34,0.33,0.32,0.32,0.33,0.33,0.33,0.33,0.33,0.34,0.33,0.34,0.34,0.33,0.33,0.34,0.33,0.33,0.33,0.33,0.33,0.34,0.34,0.34,0.33,0.33,0.34,0.34,0.34,0.33,0.33,0.34,0.33,0.35,0.35,0.34,0.34,0.34,0.35,0.34,0.33,0.33,0.34,0.34,0.35,0.33,0.33,0.34,0.35,0.34,0.35,0.34,0.34,0.34,0.35,0.35,0.35,0.34,0.34,0.35,0.35,0.35,0.35,0.35,0.34,0.35,0.35,0.35,0.35,0.34,0.35,0.35,0.35,0.34,0.34,0.35,0.35,0.35,0.35,0.35,0.34,0.35,0.36,0.36,0.34,0.35,0.35,0.35,0.35,0.35,0.35,0.34,0.35,0.36,0.36,0.35,0.34,0.35,0.36,0.36,0.35,0.34,0.35,0.36,0.36,0.35,0.35,0.35,0.34,0.35,0.36,0.35,0.35,0.34,0.34,0.35,0.35,0.34,0.34,0.35,0.35,0.35,0.35,0.34,0.34,0.34,0.35,0.35,0.34,0.34,0.35,0.35,0.35,0.35,0.35,0.35,0.34,0.35,0.36,0.35,0.34,0.34,0.35,0.36
0,0.01,0.01,0.02,0.02,0.02,0.03,0.03,0.03,0.04,0.04,0.04,0.04,0.05,0.05,0.04,0.05,0.05,0.05,0.06,0.06,0.06,0.06,0.06,0.06,0.06,0.06,0.06,0.06,0.07,0.07,0.07,0.07,0.07,0.07,0.07,0.08,0.07,0.08,0.07,0.07,0.08,0.08,0.07,0.08,0.08,0.08,0.09,0.09,0.08,0.08,0.08,0.09,0.09,0.08,0.08,0.08,0.09,0.09,0.09,0.09,0.09,0.09,0.09,0.09,0.09,0.09,0.09,0.09,0.09,0.09,0.09,0.09,0.09,0.1,0.09,0.09,0.09,0.09,0.09,0.1,0.1,0.09,0.09,0.09,0.09,0.1,0.09,0.09,0.09,0.09,0.1,0.1,0.1,0.1,0.1,0.1,0.1,0.09,0.09,0.1,0.1,0.1,0.1,0.09,0.1,0.1,0.1,0.1,0.1,0.1,0.1,0.11,0.1,0.11,0.1,0.1,0.11,0.1,0.11,0.11,0.1,0.11,0.11,0.1,0.1,0.1,0.1,0.1,0.1,0.1,0.1,0.1,0.1,0.11,0.11,0.11,0.11,0.11,0.1,0.11,0.11,0.1,0.1,0.1,0.11,0.11,0.11,0.1,0.1,0.1,0.1,0.11,0.11,0.1,0.11,0.11,0.11,0.11,0.11,0.1,0.11,0.11,0.11,0.11,0.11,0.11,0.11,0.11,0.11,0.11,0.11,0.11,0.12,0.11,0.11,0.12,0.12,0.11,0.11,0.12,0.11,0.11,0.12,0.11,0.12,0.11,0.11,0.12,0.11,0.11,0.12,0.11,0.11,0.12,0.12,0.12,0.11,0.12,0.12,0.12,0.11,0.12,0.11,0.11,0.12,0.12,0.12,0.12,0.11,0.11,0.11,0.11,0.11,0.11,0.12,0.12,0.12,0.12,0.12,0.11,0.12,0.12,0.12,0.12,0.11,0.12,0.12,0.12,0.12,0.11,0.12,0.12,0.11,0.12,0.12,0.11,0.11,0.12,0.11,0.12,0.11,0.12,0.12,0.11,0.12,0.12,0.11,0.12,0.12,0.11,0.12,0.12,0.12,0.12,0.12,0.12,0.12,0.12,0.11,0.11,0.12,0.11,0.12,0.11,0.12,0.12,0.12,0.12,0.12,0.12,0.12,0.12,0.12,0.12,0.12,0.12,0.12,0.12,0.12,0.12,0.12,0.12,0.12,0.12,0.12,0.12,0.12,0.12,0.12,0.12,0.11,0.12,0.12,0.12,0.12,0.11,0.12,0.12,0.11,0.12,0.12
0,0.01,0.02,0.03,0.04,0.04,0.05,0.06,0.06,0.06,0.07,0.06,0.07,0.07,0.07,0.08,0.08,0.08,0.09,0.09,0.09,0.09,0.09,0.09,0.1,0.1,0.1,0.1,0.1,0.1,0.11,0.11,0.1,0.1,0.1,0.11,0.12,0.11,0.11,0.11,0.11,0.11,0.12,0.12,0.11,0.11,0.11,0.12,0.12,0.11,0.12,0.12,0.12,0.12,0.12,0.12,0.12,0.12,0.13,0.12,0.12,0.12,0.12,0.13,0.13,0.13,0.12,0.12,0.13,0.13,0.13,0.13,0.13,0.13,0.13,0.13,0.13,0.13,0.12,0.13,0.13,0.14,0.13,0.13,0.13,0.14,0.14,0.14,0.14,0.14,0.14,0.14,0.14,0.14,0.14,0.14,0.14,0.14,0.13,0.14,0.13,0.14,0.14,0.14,0.14,0.14,0.14,0.14,0.14,0.14,0.14,0.14,0.13,0.14,0.14,0.14,0.15,0.14,0.15,0.15,0.14,0.14,0.14,0.14,0.15,0.15,0.15,0.14,0.14,0.14,0.15,0.14,0.14,0.14,0.15,0.14,0.15,0.15,0.15,0.15,0.15,0.15,0.15,0.15,0.15,0.15,0.15,0.15,0.15,0.15,0.15,0.15,0.15,0.15,0.15,0.15,0.15,0.16,0.16,0.16,0.15,0.15,0.16,0.16,0.16,0.15,0.15,0.16,0.16,0.15,0.15,0.15,0.15,0.15,0.16,0.16,0.15,0.15,0.15,0.15,0.16,0.16,0.16,0.16,0.16,0.16,0.16,0.15,0.15,0.16,0.15,0.16,0.16,0.15,0.16,0.16,0.16,0.16,0.16,0.16,0.16,0.16,0.16,0.16,0.16,0.16,0.16,0.16,0.15,0.15,0.16,0.16,0.16,0.16,0.15,0.16,0.16,0.16,0.16,0.16,0.15,0.16,0.16,0.16,0.16,0.16,0.16,0.15,0.16,0.16,0.16,0.16,0.16,0.16,0.16,0.16,0.16,0.16,0.16,0.16,0.16,0.16,0.16,0.16,0.16,0.17,0.17,0.16,0.16,0.16,0.17,0.17,0.16,0.16,0.16,0.16,0.16,0.16,0.16,0.15,0.16,0.16,0.16,0.17,0.16,0.16,0.16,0.17,0.16,0.17,0.16,0.16,0.17,0.17,0.16,0.16,0.16,0.16,0.16,0.16,0.16,0.16,0.17,0.17,0.17,0.16,0.16,0.16,0.16,0.17,0.17,0.16,0.16,0.17,0.16,0.17,0.16,0.16,0.16,0.16,0.16,0.17
0,0.01,0.03,0.04,0.04,0.05,0.06,0.06,0.07,0.07,0.08,0.08,0.09,0.1,0.09,0.1,0.1,0.11,0.12,0.12,0.12,0.12,0.13,0.14,0.14,0.13,0.14,0.14,0.14,0.14,0.15,0.15,0.16,0.16,0.15,0.16,0.17,0.16,0.17,0.17,0.17,0.17,0.17,0.18,0.18,0.18,0.18,0.19,0.19,0.19,0.19,0.19,0.2,0.19,0.19,0.19,0.2,0.21,0.2,0.19,0.2,0.21,0.21,0.21,0.21,0.21,0.22,0.22,0.22,0.21,0.21,0.22,0.22,0.22,0.22,0.23,0.22,0.22,0.23,0.23,0.23,0.22,0.22,0.22,0.23,0.24,0.23,0.22,0.23,0.23,0.24,0.23,0.23,0.23,0.24,0.24,0.24,0.23,0.23,0.24,0.24,0.24,0.24,0.24,0.24,0.25,0.25,0.24,0.24,0.24,0.25,0.25,0.25,0.24,0.25,0.25,0.25,0.25,0.25,0.25,0.26,0.26,0.25,0.25,0.25,0.26,0.26,0.25,0.26,0.26,0.26,0.26,0.26,0.27,0.27,0.27,0.26,0.26,0.27,0.27,0.27,0.27,0.26,0.26,0.27,0.27,0.27,0.27,0.27,0.27,0.27,0.27,0.27,0.27,0.28,0.27,0.27,0.27,0.28,0.27,0.27,0.28,0.28,0.28,0.27,0.27,0.28,0.29,0.28,0.27,0.28,0.29,0.29,0.28,0.28,0.28,0.28,0.28,0.28,0.28,0.28,0.29,0.29,0.28,0.28,0.29,0.29,0.29,0.29,0.28,0.28,0.29,0.29,0.29,0.29,0.29,0.29,0.29,0.29,0.29,0.29,0.3,0.29,0.29,0.29,0.28,0.29,0.29,0.29,0.29,0.29,0.3,0.3,0.3,0.29,0.29,0.29,0.3,0.3,0.29,0.3,0.3,0.31,0.3,0.29,0.3,0.31,0.31,0.3,0.3,0.3,0.31,0.31,0.3,0.3,0.3,0.31,0.31,0.3,0.3,0.31,0.31,0.31,0.3,0.31,0.31,0.3,0.31,0.31,0.3,0.3,0.3,0.3,0.3,0.3,0.3,0.3,0.3,0.3,0.3,0.29,0.31,0.31,0.31,0.3,0.3,0.31,0.32,0.31,0.3,0.3,0.31,0.31,0.3,0.29,0.29,0.31,0.32,0.31,0.3,0.29,0.3,0.31,0.31,0.31,0.31,0.31,0.31,0.3,0.31,0.31,0.3,0.3,0.31,0.32,0.32,0.3,0.31,0.32,0.31,0.31,0.32
0,0.02,0.03,0.04,0.05,0.06,0.06,0.08,0.09,0.1,0.11,0.12,0.12,0.13,0.14,0.15,0.15,0.16,0.16,0.17,0.18,0.19,0.19,0.19,0.21,0.21,0.21,0.21,0.21,0.21,0.22,0.22,0.23,0.22,0.23,0.24,0.24,0.24,0.24,0.25,0.25,0.25,0.26,0.26,0.26,0.26,0.27,0.27,0.27,0.27,0.27,0.28,0.28,0.28,0.28,0.28,0.28,0.28,0.28,0.29,0.3,0.29,0.29,0.3,0.3,0.3,0.3,0.31,0.31,0.31,0.31,0.32,0.32,0.32,0.32,0.32,0.32,0.33,0.33,0.32,0.32,0.33,0.34,0.33,0.33,0.33,0.34,0.34,0.33,0.33,0.34,0.35,0.35,0.34,0.34,0.35,0.35,0.35,0.35,0.35,0.35,0.36,0.36,0.36,0.36,0.36,0.36,0.36,0.36,0.37,0.37,0.37,0.36,0.37,0.37,0.38,0.37,0.37,0.37,0.37,0.38,0.37,0.37,0.38,0.38,0.38,0.38,0.37,0.38,0.38,0.39,0.39,0.38,0.38,0.39,0.39,0.39,0.39,0.39,0.38,0.39,0.39,0.4,0.39,0.39,0.4,0.4,0.4,0.4,0.4,0.4,0.4,0.4,0.41,0.4,0.39,0.4,0.4,0.4,0.4,0.4,0.4,0.41,0.41,0.41,0.41,0.41,0.41,0.41,0.42,0.42,0.41,0.41,0.42,0.43,0.42,0.42,0.42,0.42,0.42,0.42,0.42,0.42,0.42,0.42,0.42,0.42,0.42,0.42,0.42,0.42,0.43,0.43,0.42,0.43,0.43,0.42,0.43,0.43,0.43,0.43,0.43,0.44,0.44,0.43,0.43,0.43,0.43,0.43,0.43,0.43,0.44,0.44,0.45,0.44,0.43,0.43,0.43,0.44,0.44,0.44,0.44,0.44,0.44,0.45,0.44,0.44,0.44,0.44,0.44,0.45,0.44,0.44,0.45,0.45,0.45,0.45,0.45,0.45,0.44,0.44,0.45,0.45,0.44,0.45,0.46,0.46,0.45,0.45,0.46,0.45,0.45,0.46,0.46,0.45,0.45,0.45,0.46,0.46,0.46,0.46,0.46,0.46,0.45,0.46,0.46,0.46,0.46,0.47,0.46,0.45,0.46,0.46,0.46,0.46,0.46,0.46,0.46,0.46,0.46,0.46,0.46,0.46,0.47,0.46,0.45,0.46,0.45,0.45,0.46,0.46,0.46,0.46,0.46,0.46,0.46,0.47,0.46,0.46,0.46,0.47,0.47
0,0.02,0.05,0.07,0.09,0.1,0.12,0.14,0.16,0.18,0.2,0.2,0.21,0.24,0.25,0.25,0.26,0.27,0.28,0.29,0.29,0.3,0.31,0.32,0.33,0.33,0.34,0.35,0.35,0.36,0.37,0.38,0.37,0.38,0.39,0.39,0.39,0.4,0.4,0.41,0.42,0.42,0.43,0.43,0.43,0.44,0.45,0.46,0.46,0.46,0.46,0.47,0.47,0.48,0.48,0.48,0.48,0.49,0.5,0.51,0.5,0.51,0.52,0.52,0.52,0.52,0.52,0.52,0.53,0.53,0.55,0.54,0.53,0.55,0.55,0.55,0.55,0.55,0.56,0.56,0.57,0.57,0.57,0.56,0.57,0.58,0.58,0.58,0.57,0.58,0.59,0.59,0.59,0.58,0.58,0.59,0.6,0.6,0.6,0.59,0.6,0.61,0.62,0.62,0.62,0.62,0.62,0.62,0.62,0.62,0.62,0.63,0.63,0.63,0.63,0.63,0.62,0.63,0.64,0.64,0.64,0.64,0.65,0.65,0.65,0.65,0.64,0.65,0.65,0.66,0.67,0.66,0.66,0.66,0.66,0.66,0.66,0.67,0.67,0.68,0.68,0.68,0.68,0.68,0.68,0.68,0.69,0.7,0.69,0.69,0.7,0.7,0.7,0.7,0.7,0.71,0.71,0.7,0.71,0.71,0.7,0.7,0.7,0.7,0.71,0.72,0.71,0.71,0.71,0.72,0.72,0.72,0.71,0.72,0.72,0.73,0.73,0.73,0.72,0.72,0.74,0.73,0.72,0.74,0.74,0.74,0.74,0.73,0.74,0.74,0.74,0.74,0.74,0.74,0.74,0.75,0.75,0.75,0.74,0.75,0.75,0.74,0.75,0.75,0.75,0.75,0.75,0.76,0.77,0.75,0.75,0.76,0.76,0.77,0.76,0.76,0.77,0.77,0.77,0.76,0.76,0.77,0.77,0.77,0.78,0.77,0.77,0.77,0.77,0.78,0.79,0.78,0.77,0.77,0.78,0.79,0.78,0.77,0.78,0.78,0.79,0.8,0.78,0.78,0.79,0.8,0.79,0.78,0.79,0.8,0.8,0.8,0.79,0.78,0.79,0.8,0.8,0.8,0.79,0.8,0.8,0.8,0.81,0.81,0.8,0.79,0.8,0.81,0.81,0.8,0.79,0.79,0.79,0.8,0.81,0.79,0.79,0.8,0.81,0.81,0.79,0.79,0.8,0.8,0.81,0.81,0.8,0.8,0.81,0.81,0.8,0.8,0.8,0.8,0.8,0.8,0.81,0.81,0.8,0.81,0.82,0.82
0,0.01,0.04,0.07,0.1,0.12,0.14,0.16,0.19,0.21,0.23,0.23,0.24,0.25,0.28,0.3,0.3,0.31,0.33,0.34,0.36,0.37,0.36,0.38,0.39,0.4,0.41,0.42,0.41,0.43,0.44,0.45,0.46,0.46,0.46,0.46,0.46,0.48,0.5,0.49,0.49,0.5,0.52,0.53,0.54,0.53,0.54,0.55,0.56,0.56,0.55,0.56,0.57,0.58,0.6,0.6,0.6,0.6,0.61,0.61,0.62,0.62,0.62,0.63,0.63,0.64,0.64,0.65,0.64,0.64,0.65,0.66,0.66,0.66,0.67,0.68,0.69,0.68,0.68,0.68,0.7,0.71,0.71,0.7,0.71,0.71,0.71,0.71,0.71,0.72,0.73,0.72,0.73,0.73,0.73,0.74,0.74,0.75,0.76,0.75,0.74,0.74,0.75,0.77,0.77,0.75,0.76,0.77,0.78,0.78,0.77,0.77,0.77,0.78,0.79,0.79,0.78,0.78,0.79,0.8,0.8,0.8,0.8,0.81,0.81,0.81,0.82,0.81,0.81,0.81,0.82,0.83,0.82,0.82,0.83,0.83,0.84,0.84,0.83,0.83,0.84,0.85,0.84,0.84,0.84,0.84,0.85,0.85,0.86,0.85,0.85,0.85,0.86,0.87,0.86,0.85,0.86,0.87,0.87,0.87,0.87,0.87,0.88,0.88,0.88,0.87,0.87,0.88,0.89,0.89,0.89,0.88,0.89,0.9,0.89,0.9,0.9,0.89,0.9,0.9,0.9,0.9,0.89,0.9,0.9,0.91,0.92,0.9,0.9,0.91,0.92,0.92,0.92,0.91,0.92,0.93,0.92,0.92,0.91,0.92,0.92,0.92,0.93,0.93,0.93,0.93,0.93,0.94,0.94,0.93,0.93,0.94,0.95,0.95,0.94,0.94,0.95,0.94,0.95,0.96,0.94,0.94,0.95,0.96,0.96,0.96,0.96,0.96,0.96,0.96,0.97,0.97,0.96,0.97,0.98,0.99,0.98,0.97,0.97,0.97,0.98,0.99,0.98,0.98,0.98,0.98,0.99,0.99,0.98,0.99,0.99,0.99,1,0.99,0.99,0.99,1,1,0.99,0.98,0.99,1,1,1,1,1,1,1,1,0.99,0.99,1,1,1,1.01,1,1,1,1,1,1.01,0.99,1,1.01,1.01,1.01,1,1,1,1.01,1.02,1.02,1.01,1.01,1.02,1.02,1.01,1.01,1.01,1.02,1.01,1.02
0,0.01,0.03,0.06,0.08,0.09,0.11,0.12,0.13,0.14,0.16,0.17,0.17,0.18,0.19,0.21,0.21,0.21,0.23,0.24,0.25,0.25,0.26,0.27,0.28,0.28,0.29,0.29,0.29,0.3,0.31,0.31,0.32,0.32,0.33,0.34,0.34,0.35,0.35,0.34,0.35,0.36,0.37,0.37,0.37,0.38,0.38,0.38,0.39,0.39,0.39,0.39,0.4,0.4,0.41,0.41,0.4,0.41,0.41,0.43,0.43,0.42,0.43,0.44,0.44,0.44,0.45,0.45,0.45,0.45,0.46,0.46,0.46,0.46,0.46,0.47,0.48,0.47,0.47,0.48,0.48,0.48,0.48,0.48,0.5,0.49,0.49,0.5,0.49,0.49,0.5,0.52,0.52,0.51,0.5,0.51,0.51,0.51,0.51,0.51,0.52,0.53,0.52,0.53,0.52,0.53,0.54,0.54,0.54,0.54,0.54,0.55,0.55,0.55,0.55,0.55,0.54,0.55,0.55,0.56,0.56,0.56,0.56,0.56,0.56,0.57,0.57,0.57,0.57,0.57,0.58,0.58,0.57,0.57,0.58,0.58,0.59,0.59,0.58,0.59,0.59,0.59,0.59,0.59,0.6,0.6,0.6,0.61,0.61,0.6,0.6,0.6,0.61,0.61,0.61,0.6,0.6,0.61,0.61,0.61,0.61,0.61,0.61,0.61,0.62,0.62,0.62,0.62,0.62,0.62,0.63,0.62,0.62,0.62,0.63,0.63,0.63,0.64,0.63,0.63,0.63,0.63,0.63,0.63,0.63,0.64,0.65,0.64,0.64,0.64,0.65,0.66,0.65,0.65,0.65,0.65,0.65,0.65,0.66,0.66,0.65,0.65,0.66,0.66,0.65,0.65,0.65,0.66,0.66,0.65,0.65,0.66,0.68,0.67,0.66,0.66,0.67,0.68,0.68,0.68,0.67,0.67,0.68,0.69,0.68,0.67,0.67,0.68,0.68,0.68,0.68,0.68,0.68,0.69,0.69,0.69,0.69,0.68,0.69,0.69,0.69,0.69,0.68,0.69,0.69,0.69,0.69,0.68,0.68,0.7,0.71,0.7,0.69,0.69,0.69,0.69,0.69,0.69,0.69,0.69,0.7,0.69,0.7,0.7,0.69,0.7,0.7,0.7,0.7,0.7,0.7,0.7,0.69,0.7,0.7,0.7,0.69,0.69,0.7,0.71,0.7,0.69,0.69,0.69,0.7,0.71,0.7,0.7,0.7,0.71,0.72,0.71,0.7,0.7,0.71,0.71,0.71,0.7,0.71,0.71,0.71,0.72
0,0.02,0.06,0.09,0.14,0.16,0.17,0.2,0.24,0.26,0.28,0.3,0.32,0.35,0.37,0.39,0.41,0.41,0.42,0.45,0.48,0.5,0.49,0.51,0.53,0.54,0.56,0.57,0.57,0.59,0.6,0.61,0.62,0.63,0.64,0.65,0.66,0.67,0.69,0.69,0.69,0.7,0.71,0.73,0.73,0.74,0.75,0.75,0.77,0.78,0.78,0.78,0.79,0.8,0.81,0.81,0.82,0.82,0.82,0.84,0.85,0.84,0.85,0.86,0.87,0.88,0.87,0.87,0.89,0.9,0.91,0.91,0.91,0.9,0.91,0.93,0.94,0.94,0.93,0.94,0.95,0.97,0.97,0.97,0.97,0.98,0.98,1,0.99,0.99,1,1.01,1.01,1.02,1.01,1.01,1.02,1.02,1.03,1.03,1.02,1.03,1.05,1.05,1.05,1.05,1.05,1.06,1.06,1.07,1.07,1.06,1.08,1.08,1.08,1.08,1.08,1.08,1.09,1.09,1.11,1.11,1.1,1.1,1.12,1.12,1.12,1.11,1.12,1.13,1.13,1.14,1.13,1.13,1.13,1.14,1.15,1.15,1.14,1.14,1.15,1.15,1.16,1.16,1.15,1.16,1.17,1.18,1.18,1.17,1.17,1.18,1.18,1.19,1.19,1.18,1.19,1.19,1.2,1.2,1.19,1.19,1.2,1.2,1.21,1.21,1.2,1.21,1.22,1.22,1.22,1.21,1.22,1.22,1.22,1.23,1.23,1.23,1.23,1.24,1.25,1.24,1.24,1.24,1.25,1.25,1.25,1.26,1.25,1.25,1.26,1.27,1.26,1.25,1.26,1.27,1.26,1.27,1.27,1.27,1.27,1.28,1.29,1.29,1.28,1.27,1.28,1.28,1.29,1.29,1.28,1.28,1.29,1.3,1.31,1.29,1.3,1.31,1.3,1.3,1.3,1.3,1.3,1.31,1.32,1.33,1.31,1.31,1.32,1.31,1.33,1.32,1.31,1.32,1.32,1.33,1.33,1.32,1.32,1.32,1.33,1.35,1.33,1.33,1.34,1.34,1.35,1.35,1.33,1.33,1.34,1.35,1.35,1.35,1.34,1.35,1.36,1.35,1.36,1.35,1.34,1.35,1.35,1.35,1.35,1.35,1.36,1.35,1.36,1.36,1.35,1.34,1.35,1.36,1.36,1.35,1.35,1.36,1.36,1.36,1.36,1.35,1.36,1.36,1.37,1.37,1.36,1.36,1.37,1.38,1.37,1.37,1.36,1.37,1.38,1.37,1.38,1.38,1.37,1.37,1.38,1.38
0,0.02,0.05,0.09,0.11,0.11,0.13,0.16,0.19,0.21,0.22,0.23,0.25,0.27,0.3,0.31,0.3,0.32,0.33,0.35,0.37,0.36,0.37,0.39,0.41,0.42,0.42,0.42,0.42,0.44,0.46,0.47,0.47,0.47,0.49,0.5,0.5,0.51,0.51,0.52,0.53,0.55,0.56,0.55,0.56,0.57,0.58,0.58,0.58,0.58,0.58,0.6,0.61,0.61,0.6,0.61,0.62,0.63,0.63,0.63,0.63,0.64,0.66,0.67,0.66,0.65,0.66,0.67,0.68,0.69,0.69,0.68,0.68,0.69,0.7,0.71,0.71,0.71,0.72,0.72,0.73,0.74,0.73,0.72,0.74,0.74,0.75,0.74,0.74,0.75,0.76,0.76,0.75,0.75,0.76,0.77,0.77,0.78,0.78,0.77,0.77,0.78,0.78,0.79,0.78,0.79,0.79,0.8,0.8,0.8,0.8,0.81,0.81,0.81,0.81,0.81,0.81,0.82,0.82,0.84,0.84,0.82,0.83,0.85,0.85,0.85,0.84,0.84,0.85,0.86,0.87,0.86,0.85,0.86,0.87,0.87,0.87,0.87,0.87,0.88,0.88,0.89,0.88,0.88,0.88,0.88,0.89,0.89,0.88,0.89,0.9,0.9,0.9,0.9,0.9,0.91,0.91,0.92,0.92,0.91,0.9,0.91,0.92,0.92,0.91,0.91,0.92,0.92,0.93,0.93,0.92,0.92,0.93,0.93,0.94,0.93,0.93,0.94,0.95,0.95,0.94,0.93,0.94,0.94,0.94,0.95,0.94,0.94,0.94,0.95,0.96,0.96,0.95,0.95,0.96,0.97,0.96,0.95,0.96,0.96,0.96,0.97,0.96,0.96,0.96,0.96,0.97,0.98,0.97,0.96,0.97,0.98,0.98,0.98,0.97,0.98,0.99,0.98,0.99,0.98,0.98,0.99,0.99,1,0.99,0.98,0.99,0.99,0.99,1,1,0.99,1,1.01,1.01,1.01,1,1.01,1.01,1.01,1.02,1.01,1,1.01,1.01,1.02,1.01,1,1.01,1.02,1.02,1.02,1.02,1.02,1.01,1.02,1.03,1.02,1.01,1.02,1.02,1.02,1.03,1.02,1.01,1.02,1.02,1.03,1.02,1.01,1.01,1.02,1.02,1.02,1.02,1.01,1.01,1.02,1.03,1.03,1.02,1.03,1.04,1.03,1.03,1.03,1.02,1.03,1.03,1.04,1.03,1.02,1.02,1.03,1.03,1.04,1.04,1.03,1.03,1.03,1.04,1.04
0,0.02,0.04,0.08,0.1,0.1,0.12,0.15,0.17,0.19,0.19,0.2,0.22,0.24,0.25,0.26,0.26,0.27,0.29,0.3,0.31,0.31,0.32,0.33,0.34,0.35,0.37,0.37,0.37,0.38,0.39,0.4,0.4,0.4,0.42,0.42,0.43,0.44,0.44,0.44,0.44,0.46,0.48,0.47,0.47,0.48,0.48,0.49,0.49,0.5,0.5,0.51,0.52,0.52,0.52,0.52,0.53,0.54,0.56,0.56,0.56,0.55,0.55,0.57,0.58,0.58,0.57,0.58,0.59,0.59,0.59,0.59,0.6,0.61,0.61,0.61,0.62,0.62,0.62,0.62,0.63,0.63,0.63,0.63,0.63,0.63,0.64,0.65,0.64,0.64,0.65,0.65,0.66,0.65,0.66,0.66,0.66,0.67,0.67,0.67,0.68,0.68,0.68,0.68,0.68,0.69,0.69,0.69,0.69,0.7,0.7,0.7,0.7,0.71,0.72,0.71,0.71,0.72,0.72,0.72,0.72,0.72,0.72,0.73,0.74,0.73,0.73,0.72,0.73,0.74,0.74,0.74,0.74,0.74,0.74,0.75,0.76,0.75,0.75,0.76,0.76,0.76,0.76,0.76,0.76,0.77,0.77,0.76,0.76,0.76,0.77,0.77,0.78,0.77,0.77,0.78,0.78,0.78,0.78,0.78,0.78,0.79,0.79,0.79,0.78,0.79,0.8,0.8,0.8,0.8,0.8,0.8,0.8,0.8,0.81,0.81,0.8,0.81,0.81,0.81,0.81,0.81,0.81,0.81,0.81,0.82,0.82,0.81,0.82,0.82,0.83,0.82,0.82,0.82,0.83,0.83,0.83,0.83,0.83,0.83,0.83,0.84,0.84,0.84,0.84,0.84,0.84,0.85,0.85,0.84,0.85,0.86,0.85,0.85,0.85,0.85,0.85,0.85,0.86,0.86,0.85,0.85,0.86,0.86,0.86,0.86,0.86,0.86,0.87,0.87,0.87,0.86,0.87,0.87,0.87,0.87,0.87,0.87,0.87,0.87,0.88,0.88,0.87,0.87,0.88,0.88,0.89,0.88,0.87,0.88,0.89,0.89,0.89,0.89,0.89,0.89,0.89,0.88,0.88,0.88,0.89,0.89,0.89,0.89,0.88,0.88,0.89,0.9,0.89,0.89,0.89,0.89,0.89,0.9,0.9,0.89,0.89,0.89,0.89,0.89,0.89,0.89,0.9,0.89,0.89,0.9,0.89,0.89,0.9,0.9,0.9,0.89,0.89,0.9,0.9,0.9,0.9,0.9,0.9,0.9,0.91,0.91
0,0.01,0.04,0.05,0.08,0.11,0.13,0.16,0.18,0.21,0.23,0.25,0.26,0.29,0.31,0.33,0.35,0.36,0.36,0.38,0.4,0.42,0.42,0.43,0.44,0.46,0.48,0.5,0.5,0.5,0.51,0.54,0.55,0.56,0.55,0.56,0.58,0.6,0.61,0.61,0.61,0.63,0.64,0.65,0.65,0.65,0.66,0.67,0.68,0.68,0.69,0.69,0.7,0.71,0.71,0.73,0.73,0.73,0.74,0.74,0.76,0.76,0.76,0.77,0.78,0.79,0.79,0.79,0.8,0.8,0.8,0.81,0.81,0.81,0.82,0.82,0.82,0.83,0.84,0.83,0.84,0.85,0.86,0.86,0.86,0.87,0.87,0.89,0.9,0.88,0.88,0.89,0.91,0.91,0.92,0.91,0.91,0.91,0.93,0.94,0.93,0.93,0.94,0.95,0.95,0.95,0.95,0.96,0.96,0.96,0.97,0.97,0.97,0.97,0.97,0.99,0.99,0.98,0.99,0.99,0.99,0.99,0.99,1,1,1.01,1.02,1.01,1.01,1.02,1.03,1.03,1.03,1.03,1.03,1.03,1.04,1.05,1.05,1.04,1.04,1.05,1.05,1.05,1.05,1.06,1.06,1.06,1.07,1.07,1.06,1.06,1.07,1.08,1.07,1.07,1.08,1.08,1.08,1.09,1.09,1.08,1.09,1.1,1.1,1.1,1.09,1.1,1.1,1.1,1.11,1.11,1.1,1.11,1.12,1.12,1.12,1.12,1.12,1.13,1.12,1.13,1.13,1.13,1.13,1.14,1.15,1.14,1.13,1.14,1.15,1.15,1.15,1.15,1.14,1.15,1.16,1.17,1.16,1.15,1.16,1.16,1.16,1.17,1.17,1.16,1.16,1.17,1.18,1.18,1.17,1.17,1.18,1.18,1.18,1.19,1.18,1.18,1.18,1.2,1.2,1.18,1.19,1.2,1.2,1.2,1.2,1.2,1.19,1.2,1.21,1.21,1.2,1.2,1.21,1.21,1.21,1.21,1.21,1.21,1.22,1.22,1.22,1.21,1.22,1.22,1.23,1.22,1.23,1.22,1.22,1.22,1.24,1.24,1.22,1.22,1.24,1.24,1.23,1.24,1.23,1.23,1.23,1.24,1.24,1.23,1.23,1.24,1.24,1.24,1.24,1.24,1.24,1.24,1.24,1.25,1.23,1.23,1.24,1.25,1.24,1.24,1.24,1.25,1.25,1.25,1.26,1.25,1.25,1.25,1.26,1.26,1.25,1.25,1.25,1.25,1.25,1.26,1.26,1.25,1.26,1.26
0,0.03,0.07,0.12,0.17,0.2,0.22,0.26,0.3,0.34,0.37,0.38,0.42,0.45,0.48,0.5,0.51,0.53,0.56,0.59,0.62,0.62,0.62,0.64,0.66,0.69,0.71,0.71,0.72,0.74,0.76,0.79,0.81,0.8,0.81,0.83,0.85,0.87,0.86,0.87,0.89,0.91,0.91,0.92,0.92,0.94,0.95,0.96,0.98,0.98,0.99,1,1.01,1.02,1.04,1.03,1.03,1.05,1.06,1.08,1.07,1.07,1.09,1.1,1.1,1.12,1.11,1.12,1.13,1.14,1.16,1.15,1.15,1.17,1.18,1.18,1.18,1.18,1.19,1.21,1.21,1.22,1.22,1.22,1.23,1.23,1.24,1.25,1.24,1.24,1.25,1.26,1.28,1.28,1.27,1.28,1.29,1.3,1.31,1.3,1.3,1.32,1.33,1.33,1.33,1.33,1.34,1.35,1.36,1.37,1.36,1.37,1.38,1.38,1.39,1.39,1.38,1.39,1.4,1.41,1.41,1.4,1.4,1.41,1.42,1.43,1.43,1.42,1.43,1.44,1.45,1.45,1.44,1.44,1.45,1.46,1.47,1.46,1.45,1.47,1.48,1.48,1.49,1.48,1.49,1.49,1.49,1.5,1.5,1.49,1.51,1.51,1.51,1.52,1.51,1.51,1.53,1.54,1.54,1.54,1.54,1.55,1.55,1.55,1.55,1.55,1.55,1.57,1.57,1.57,1.56,1.57,1.58,1.58,1.58,1.57,1.56,1.57,1.59,1.59,1.6,1.6,1.59,1.59,1.6,1.61,1.62,1.61,1.6,1.61,1.62,1.63,1.61,1.61,1.62,1.63,1.63,1.64,1.62,1.63,1.65,1.65,1.65,1.64,1.64,1.66,1.66,1.67,1.66,1.64,1.66,1.67,1.68,1.68,1.66,1.66,1.67,1.67,1.69,1.7,1.68,1.68,1.68,1.69,1.7,1.7,1.69,1.69,1.69,1.7,1.7,1.69,1.7,1.71,1.71,1.71,1.71,1.71,1.72,1.72,1.72,1.73,1.73,1.73,1.73,1.73,1.75,1.75,1.74,1.73,1.74,1.75,1.76,1.75,1.74,1.75,1.76,1.77,1.75,1.74,1.74,1.75,1.76,1.77,1.75,1.74,1.75,1.76,1.77,1.76,1.75,1.76,1.77,1.78,1.77,1.75,1.76,1.77,1.78,1.78,1.76,1.76,1.77,1.78,1.78,1.78,1.77,1.78,1.78,1.78,1.79,1.78,1.77,1.78,1.79,1.79,1.79,1.78,1.79,1.79,1.79,1.79
0,0.01,0.01,0.02,0.03,0.03,0.03,0.04,0.04,0.03,0.04,0.05,0.06,0.05,0.05,0.06,0.06,0.06,0.06,0.06,0.07,0.07,0.07,0.07,0.07,0.07,0.08,0.07,0.07,0.08,0.08,0.09,0.08,0.08,0.09,0.09,0.09,0.09,0.08,0.09,0.09,0.1,0.09,0.09,0.09,0.09,0.1,0.1,0.1,0.1,0.1,0.1,0.1,0.1,0.1,0.1,0.1,0.1,0.1,0.11,0.11,0.1,0.1,0.11,0.11,0.11,0.1,0.11,0.11,0.12,0.12,0.11,0.1,0.11,0.12,0.11,0.11,0.11,0.11,0.12,0.12,0.11,0.11,0.11,0.12,0.12,0.12,0.12,0.12,0.12,0.12,0.12,0.12,0.12,0.12,0.12,0.12,0.12,0.12,0.12,0.12,0.12,0.12,0.13,0.13,0.12,0.12,0.13,0.13,0.13,0.12,0.13,0.13,0.13,0.13,0.12,0.12,0.13,0.14,0.13,0.13,0.12,0.13,0.13,0.13,0.13,0.13,0.13,0.13,0.13,0.13,0.13,0.13,0.13,0.14,0.13,0.13,0.13,0.13,0.14,0.14,0.13,0.13,0.13,0.13,0.13,0.14,0.13,0.13,0.13,0.13,0.14,0.13,0.13,0.13,0.13,0.13,0.13,0.13,0.13,0.13,0.14,0.14,0.14,0.13,0.13,0.13,0.13,0.14,0.14,0.13,0.13,0.13,0.14,0.14,0.14,0.13,0.13,0.13,0.14,0.15,0.14,0.14,0.14,0.14,0.14,0.14,0.13,0.13,0.14,0.14,0.15,0.14,0.13,0.13,0.14,0.14,0.14,0.13,0.14,0.14,0.14,0.15,0.14,0.14,0.14,0.14,0.15,0.15,0.14,0.14,0.14,0.14,0.15,0.14,0.13,0.13,0.14,0.15,0.14,0.14,0.13,0.14,0.14,0.15,0.15,0.14,0.13,0.14,0.14,0.14,0.14,0.14,0.14,0.14,0.15,0.15,0.15,0.14,0.14,0.14,0.15,0.14,0.14,0.14,0.15,0.15,0.15,0.14,0.15,0.15,0.15,0.15,0.14,0.14,0.14,0.14,0.14,0.14,0.14,0.14,0.15,0.15,0.14,0.14,0.14,0.14,0.14,0.15,0.14,0.13,0.14,0.14,0.14,0.15,0.14,0.14,0.15,0.15,0.15,0.14,0.14,0.14,0.14,0.14,0.14,0.14,0.14,0.14,0.15,0.14,0.13,0.14,0.14,0.14,0.14,0.13,0.13,0.14,0.14,0.14,0.15
0,0.01,0.07,0.15,0.24,0.33,0.39,0.45,0.53,0.61,0.65,0.71,0.76,0.81,0.88,0.94,1,1.04,1.06,1.12,1.17,1.21,1.25,1.26,1.3,1.34,1.38,1.43,1.45,1.47,1.51,1.54,1.56,1.6,1.61,1.62,1.66,1.69,1.73,1.74,1.75,1.78,1.8,1.84,1.87,1.87,1.9,1.92,1.94,1.98,1.98,1.98,2.02,2.04,2.06,2.08,2.08,2.09,2.11,2.12,2.15,2.17,2.16,2.17,2.2,2.22,2.25,2.24,2.25,2.28,2.3,2.32,2.32,2.33,2.34,2.37,2.39,2.41,2.4,2.41,2.42,2.45,2.48,2.48,2.47,2.48,2.5,2.52,2.54,2.53,2.53,2.55,2.56,2.58,2.58,2.59,2.6,2.62,2.63,2.65,2.63,2.63,2.65,2.68,2.71,2.7,2.69,2.72,2.73,2.74,2.75,2.73,2.74,2.76,2.79,2.81,2.8,2.8,2.82,2.82,2.84,2.86,2.83,2.83,2.85,2.86,2.88,2.88,2.87,2.88,2.88,2.91,2.92,2.9,2.91,2.93,2.94,2.96,2.95,2.95,2.95,2.96,2.98,2.99,2.98,2.98,3,3.02,3.03,3.02,3.01,3.03,3.04,3.07,3.07,3.05,3.05,3.07,3.08,3.1,3.09,3.08,3.09,3.1,3.11,3.13,3.11,3.11,3.13,3.14,3.15,3.14,3.13,3.14,3.16,3.18,3.19,3.17,3.18,3.19,3.2,3.22,3.2,3.19,3.19,3.21,3.22,3.24,3.23,3.23,3.25,3.25,3.27,3.26,3.25,3.27,3.27,3.28,3.3,3.28,3.28,3.3,3.31,3.33,3.31,3.3,3.31,3.32,3.33,3.35,3.33,3.32,3.34,3.35,3.37,3.36,3.35,3.36,3.36,3.38,3.38,3.36,3.37,3.38,3.4,3.41,3.41,3.39,3.4,3.41,3.42,3.43,3.41,3.41,3.43,3.44,3.45,3.44,3.43,3.44,3.46,3.47,3.47,3.45,3.46,3.47,3.48,3.49,3.49,3.47,3.48,3.5,3.51,3.52,3.5,3.5,3.51,3.52,3.53,3.51,3.49,3.5,3.51,3.52,3.52,3.5,3.5,3.51,3.52,3.53,3.52,3.5,3.51,3.52,3.52,3.53,3.51,3.51,3.52,3.53,3.54,3.53,3.51,3.52,3.53,3.55,3.55,3.52,3.53,3.54,3.55,3.56,3.56,3.54,3.54,3.55,3.56,3.57,3.55,3.55,3.56,3.57
0,0.1,0.2,0.3,0.38,0.45,0.54,0.64,0.72,0.8,0.84,0.89,0.97,1.03,1.1,1.15,1.18,1.24,1.27,1.32,1.38,1.41,1.43,1.48,1.52,1.58,1.62,1.62,1.66,1.7,1.75,1.79,1.79,1.82,1.86,1.9,1.93,1.95,1.95,1.99,2.01,2.05,2.09,2.1,2.1,2.13,2.15,2.19,2.22,2.22,2.25,2.28,2.3,2.33,2.32,2.33,2.37,2.4,2.44,2.45,2.44,2.47,2.48,2.51,2.54,2.53,2.52,2.54,2.56,2.59,2.61,2.61,2.63,2.66,2.68,2.69,2.68,2.69,2.72,2.73,2.75,2.75,2.74,2.77,2.78,2.81,2.84,2.82,2.81,2.83,2.85,2.88,2.89,2.88,2.9,2.92,2.94,2.96,2.94,2.94,2.96,2.98,3,3.01,3,3.02,3.03,3.05,3.08,3.06,3.06,3.08,3.09,3.11,3.12,3.11,3.12,3.14,3.16,3.17,3.16,3.16,3.18,3.2,3.22,3.21,3.2,3.21,3.23,3.24,3.26,3.25,3.24,3.26,3.28,3.3,3.31,3.29,3.29,3.32,3.34,3.36,3.34,3.33,3.35,3.37,3.39,3.39,3.37,3.38,3.4,3.41,3.43,3.42,3.41,3.42,3.44,3.46,3.46,3.44,3.45,3.47,3.48,3.49,3.48,3.47,3.49,3.51,3.53,3.52,3.5,3.51,3.52,3.54,3.56,3.55,3.54,3.55,3.56,3.58,3.59,3.57,3.58,3.59,3.61,3.62,3.6,3.6,3.61,3.62,3.64,3.63,3.62,3.62,3.63,3.64,3.66,3.65,3.64,3.65,3.66,3.68,3.68,3.66,3.67,3.68,3.7,3.71,3.69,3.69,3.71,3.72,3.73,3.72,3.71,3.71,3.73,3.75,3.77,3.76,3.74,3.75,3.76,3.78,3.79,3.77,3.77,3.78,3.8,3.82,3.8,3.79,3.8,3.81,3.83,3.82,3.8,3.8,3.81,3.82,3.84,3.82,3.81,3.83,3.84,3.86,3.87,3.85,3.86,3.87,3.87,3.88,3.86,3.85,3.87,3.88,3.9,3.88,3.87,3.87,3.89,3.89,3.9,3.88,3.86,3.88,3.88,3.89,3.89,3.87,3.88,3.89,3.9,3.92,3.89,3.88,3.89,3.9,3.91,3.89,3.87,3.88,3.89,3.91,3.93,3.91,3.89,3.9,3.91,3.93,3.93,3.91,3.92,3.93,3.95,3.96,3.92,3.91,3.92,3.93,3.94,3.96
0,0.04,0.13,0.23,0.33,0.42,0.49,0.58,0.67,0.76,0.85,0.89,0.95,1.03,1.06,1.13,1.2,1.22,1.27,1.34,1.39,1.45,1.48,1.51,1.56,1.6,1.66,1.69,1.7,1.74,1.79,1.83,1.88,1.89,1.92,1.96,1.98,2.01,2.05,2.05,2.07,2.12,2.15,2.18,2.19,2.21,2.24,2.27,2.3,2.32,2.33,2.35,2.39,2.41,2.44,2.43,2.44,2.47,2.49,2.52,2.55,2.54,2.55,2.58,2.6,2.63,2.64,2.63,2.66,2.68,2.71,2.73,2.72,2.74,2.76,2.78,2.81,2.81,2.8,2.83,2.84,2.87,2.89,2.88,2.89,2.91,2.93,2.96,2.96,2.96,2.98,3,3.02,3.03,3.02,3.03,3.06,3.08,3.09,3.08,3.09,3.11,3.12,3.14,3.16,3.14,3.14,3.17,3.18,3.21,3.21,3.2,3.21,3.23,3.26,3.27,3.25,3.26,3.28,3.3,3.32,3.31,3.31,3.33,3.34,3.36,3.37,3.36,3.36,3.38,3.4,3.42,3.41,3.4,3.41,3.43,3.45,3.46,3.44,3.45,3.47,3.49,3.51,3.49,3.49,3.51,3.51,3.53,3.54,3.53,3.53,3.54,3.56,3.58,3.57,3.56,3.58,3.59,3.61,3.61,3.59,3.6,3.62,3.63,3.65,3.63,3.62,3.63,3.64,3.65,3.67,3.65,3.65,3.67,3.68,3.7,3.7,3.68,3.7,3.71,3.73,3.74,3.72,3.72,3.74,3.75,3.77,3.76,3.76,3.77,3.77,3.79,3.81,3.79,3.79,3.8,3.8,3.82,3.81,3.8,3.82,3.83,3.84,3.85,3.82,3.83,3.85,3.86,3.87,3.85,3.85,3.87,3.87,3.89,3.9,3.88,3.87,3.89,3.9,3.93,3.92,3.91,3.92,3.94,3.95,3.95,3.92,3.92,3.93,3.94,3.96,3.95,3.94,3.95,3.96,3.97,3.98,3.96,3.96,3.98,4,4.02,4,3.99,4,4.01,4.02,4.03,4.01,4.02,4.03,4.03,4.05,4.02,4.02,4.04,4.04,4.06,4.07,4.04,4.04,4.05,4.05,4.06,4.03,4.02,4.04,4.04,4.06,4.06,4.04,4.05,4.06,4.07,4.07,4.04,4.04,4.06,4.06,4.08,4.09,4.07,4.05,4.06,4.07,4.08,4.07,4.05,4.07,4.08,4.09,4.09,4.07,4.08,4.09,4.11,4.12,4.1,4.09,4.11,4.1,4.12
0,0.02,0.06,0.1,0.13,0.15,0.19,0.22,0.26,0.28,0.3,0.33,0.36,0.38,0.4,0.42,0.44,0.45,0.47,0.5,0.52,0.52,0.53,0.54,0.56,0.58,0.6,0.6,0.62,0.64,0.65,0.66,0.67,0.67,0.68,0.7,0.72,0.72,0.72,0.73,0.75,0.75,0.76,0.76,0.77,0.78,0.79,0.81,0.82,0.81,0.82,0.83,0.84,0.86,0.86,0.85,0.86,0.87,0.88,0.89,0.88,0.89,0.91,0.91,0.91,0.91,0.92,0.93,0.93,0.94,0.95,0.94,0.94,0.95,0.96,0.97,0.97,0.97,0.98,1,1.01,1,1,1.01,1.01,1.02,1.03,1.03,1.02,1.04,1.04,1.05,1.05,1.04,1.05,1.06,1.07,1.07,1.06,1.06,1.08,1.08,1.09,1.09,1.09,1.1,1.1,1.1,1.11,1.1,1.11,1.12,1.12,1.12,1.12,1.12,1.12,1.12,1.14,1.14,1.14,1.14,1.14,1.14,1.15,1.15,1.14,1.15,1.15,1.17,1.17,1.17,1.16,1.16,1.17,1.17,1.18,1.18,1.19,1.19,1.18,1.19,1.19,1.19,1.19,1.2,1.21,1.21,1.21,1.21,1.21,1.21,1.21,1.21,1.21,1.22,1.22,1.22,1.23,1.22,1.22,1.23,1.23,1.24,1.24,1.24,1.25,1.25,1.25,1.26,1.25,1.24,1.25,1.26,1.26,1.25,1.24,1.25,1.26,1.26,1.26,1.26,1.26,1.27,1.27,1.28,1.28,1.27,1.28,1.28,1.28,1.29,1.28,1.28,1.29,1.3,1.3,1.29,1.28,1.29,1.3,1.31,1.31,1.29,1.29,1.3,1.31,1.31,1.3,1.3,1.3,1.31,1.32,1.31,1.3,1.3,1.31,1.31,1.32,1.32,1.32,1.32,1.33,1.32,1.32,1.32,1.32,1.33,1.34,1.34,1.33,1.32,1.33,1.33,1.35,1.34,1.33,1.33,1.34,1.34,1.35,1.35,1.34,1.34,1.34,1.34,1.35,1.34,1.35,1.35,1.35,1.36,1.36,1.35,1.35,1.35,1.35,1.35,1.35,1.35,1.35,1.35,1.35,1.34,1.34,1.35,1.35,1.36,1.35,1.34,1.34,1.35,1.36,1.36,1.35,1.34,1.35,1.35,1.35,1.36,1.35,1.36,1.35,1.35,1.36,1.36,1.35,1.35,1.35,1.36,1.37,1.36,1.35,1.36,1.36,1.37,1.36,1.35,1.36,1.36,1.37,1.37
0,0.01,0.05,0.11,0.18,0.26,0.31,0.36,0.42,0.48,0.54,0.59,0.63,0.68,0.74,0.79,0.82,0.85,0.88,0.92,0.95,0.97,1.01,1.03,1.05,1.08,1.12,1.16,1.17,1.18,1.22,1.25,1.28,1.31,1.32,1.34,1.36,1.38,1.42,1.42,1.44,1.47,1.49,1.5,1.52,1.52,1.53,1.55,1.58,1.61,1.61,1.61,1.63,1.65,1.67,1.68,1.69,1.7,1.73,1.75,1.77,1.77,1.77,1.79,1.81,1.82,1.82,1.82,1.82,1.85,1.87,1.89,1.89,1.9,1.91,1.92,1.94,1.94,1.94,1.96,1.98,1.99,2,1.99,1.99,2.01,2.03,2.04,2.05,2.04,2.06,2.07,2.08,2.09,2.08,2.08,2.09,2.11,2.13,2.14,2.13,2.15,2.16,2.18,2.2,2.19,2.19,2.21,2.22,2.24,2.24,2.23,2.23,2.24,2.25,2.26,2.25,2.24,2.26,2.28,2.3,2.3,2.29,2.31,2.32,2.33,2.35,2.32,2.32,2.33,2.35,2.35,2.37,2.35,2.36,2.38,2.39,2.4,2.39,2.38,2.4,2.41,2.43,2.43,2.41,2.41,2.42,2.43,2.45,2.44,2.44,2.46,2.47,2.47,2.48,2.46,2.46,2.47,2.49,2.5,2.51,2.5,2.52,2.53,2.54,2.54,2.53,2.54,2.55,2.56,2.57,2.55,2.55,2.57,2.58,2.58,2.59,2.58,2.59,2.6,2.61,2.62,2.61,2.61,2.61,2.63,2.64,2.63,2.62,2.63,2.63,2.65,2.66,2.64,2.64,2.65,2.66,2.66,2.67,2.66,2.66,2.67,2.67,2.69,2.68,2.67,2.68,2.69,2.7,2.71,2.69,2.7,2.71,2.72,2.73,2.71,2.71,2.72,2.73,2.74,2.74,2.73,2.74,2.75,2.75,2.77,2.76,2.74,2.75,2.76,2.77,2.77,2.75,2.76,2.77,2.78,2.79,2.77,2.77,2.78,2.79,2.79,2.79,2.78,2.79,2.8,2.8,2.81,2.81,2.8,2.81,2.82,2.83,2.82,2.81,2.82,2.83,2.83,2.83,2.82,2.81,2.83,2.83,2.83,2.83,2.82,2.82,2.82,2.82,2.83,2.81,2.8,2.81,2.81,2.82,2.82,2.8,2.81,2.82,2.83,2.84,2.82,2.81,2.82,2.83,2.83,2.83,2.81,2.81,2.82,2.83,2.84,2.84,2.83,2.85,2.85,2.87,2.87,2.85,2.85,2.86,2.87
0,0.06,0.14,0.18,0.28,0.38,0.43,0.5,0.59,0.67,0.75,0.8,0.85,0.91,0.97,1.04,1.09,1.12,1.17,1.21,1.26,1.32,1.34,1.38,1.43,1.44,1.48,1.52,1.54,1.57,1.62,1.66,1.7,1.71,1.73,1.76,1.78,1.82,1.85,1.85,1.88,1.92,1.95,1.97,1.97,1.98,2.01,2.03,2.06,2.09,2.08,2.1,2.13,2.16,2.19,2.19,2.2,2.23,2.26,2.29,2.31,2.3,2.32,2.35,2.38,2.4,2.39,2.4,2.43,2.44,2.46,2.48,2.47,2.49,2.51,2.53,2.56,2.55,2.55,2.58,2.59,2.62,2.63,2.62,2.63,2.66,2.67,2.69,2.68,2.68,2.71,2.71,2.74,2.75,2.74,2.74,2.77,2.78,2.8,2.79,2.79,2.81,2.83,2.85,2.86,2.84,2.85,2.88,2.89,2.91,2.89,2.88,2.89,2.91,2.92,2.94,2.92,2.93,2.96,2.98,2.99,2.98,2.98,3,3.02,3.04,3.04,3.01,3.02,3.05,3.07,3.09,3.08,3.07,3.09,3.1,3.12,3.13,3.11,3.11,3.13,3.14,3.16,3.15,3.14,3.16,3.17,3.19,3.19,3.17,3.19,3.2,3.21,3.22,3.2,3.21,3.23,3.24,3.25,3.26,3.24,3.25,3.27,3.28,3.29,3.28,3.27,3.29,3.3,3.31,3.32,3.31,3.32,3.33,3.35,3.36,3.34,3.33,3.35,3.35,3.38,3.39,3.37,3.36,3.38,3.4,3.41,3.4,3.4,3.41,3.42,3.43,3.44,3.42,3.43,3.44,3.45,3.47,3.45,3.45,3.46,3.47,3.48,3.49,3.46,3.47,3.48,3.5,3.51,3.5,3.49,3.51,3.52,3.53,3.54,3.52,3.53,3.54,3.55,3.56,3.54,3.54,3.56,3.56,3.57,3.58,3.56,3.56,3.58,3.58,3.6,3.59,3.57,3.59,3.6,3.62,3.62,3.6,3.6,3.62,3.63,3.63,3.62,3.62,3.63,3.63,3.65,3.65,3.63,3.63,3.65,3.65,3.67,3.66,3.65,3.66,3.67,3.67,3.67,3.65,3.66,3.66,3.67,3.68,3.66,3.65,3.66,3.67,3.68,3.68,3.66,3.66,3.67,3.68,3.69,3.67,3.66,3.68,3.68,3.69,3.69,3.67,3.68,3.68,3.69,3.7,3.68,3.67,3.69,3.69,3.7,3.71,3.68,3.68,3.7,3.7,3.72,3.7,3.69,3.7,3.71,3.72
0,0.02,0.05,0.08,0.09,0.1,0.12,0.15,0.18,0.19,0.2,0.22,0.23,0.25,0.27,0.27,0.29,0.31,0.32,0.32,0.33,0.34,0.35,0.37,0.38,0.39,0.39,0.41,0.42,0.42,0.43,0.43,0.45,0.46,0.46,0.47,0.48,0.47,0.48,0.48,0.49,0.5,0.5,0.51,0.52,0.52,0.53,0.54,0.54,0.55,0.56,0.56,0.56,0.56,0.57,0.58,0.6,0.61,0.61,0.6,0.6,0.6,0.61,0.62,0.62,0.62,0.62,0.63,0.64,0.65,0.64,0.65,0.65,0.66,0.67,0.66,0.66,0.67,0.68,0.68,0.67,0.67,0.68,0.69,0.69,0.69,0.69,0.7,0.7,0.71,0.7,0.7,0.7,0.71,0.72,0.72,0.72,0.72,0.72,0.72,0.73,0.74,0.74,0.73,0.73,0.74,0.75,0.75,0.75,0.74,0.74,0.75,0.76,0.76,0.75,0.75,0.76,0.77,0.77,0.76,0.77,0.77,0.77,0.77,0.78,0.77,0.78,0.77,0.78,0.78,0.78,0.78,0.78,0.79,0.79,0.8,0.8,0.79,0.8,0.8,0.81,0.81,0.8,0.8,0.81,0.82,0.81,0.8,0.81,0.81,0.81,0.82,0.82,0.81,0.81,0.82,0.83,0.82,0.81,0.82,0.83,0.84,0.84,0.83,0.82,0.83,0.84,0.85,0.83,0.83,0.84,0.84,0.84,0.84,0.84,0.84,0.84,0.84,0.84,0.85,0.84,0.84,0.85,0.85,0.86,0.85,0.84,0.85,0.85,0.86,0.85,0.85,0.86,0.86,0.87,0.87,0.86,0.86,0.87,0.86,0.86,0.87,0.86,0.86,0.87,0.87,0.87,0.86,0.86,0.88,0.88,0.88,0.88,0.87,0.87,0.87,0.88,0.88,0.88,0.88,0.89,0.89,0.89,0.89,0.89,0.88,0.88,0.89,0.89,0.88,0.88,0.89,0.89,0.89,0.89,0.89,0.88,0.89,0.9,0.9,0.88,0.88,0.9,0.89,0.89,0.9,0.89,0.9,0.9,0.91,0.91,0.9,0.9,0.9,0.91,0.91,0.9,0.9,0.9,0.9,0.91,0.9,0.9,0.9,0.9,0.9,0.9,0.9,0.9,0.9,0.89,0.9,0.9,0.9,0.89,0.89,0.9,0.91,0.9,0.89,0.9,0.9,0.9,0.91,0.91,0.9,0.9,0.9,0.91,0.9,0.89,0.9,0.9,0.9,0.9,0.89,0.89,0.9,0.91,0.9,0.9,0.91
0,0.02,0.04,0.07,0.11,0.13,0.15,0.18,0.2,0.23,0.25,0.26,0.28,0.3,0.33,0.34,0.34,0.34,0.36,0.38,0.4,0.42,0.42,0.43,0.45,0.47,0.49,0.49,0.49,0.5,0.52,0.53,0.54,0.55,0.56,0.57,0.58,0.59,0.59,0.59,0.6,0.61,0.62,0.63,0.63,0.63,0.65,0.66,0.68,0.68,0.68,0.69,0.7,0.71,0.71,0.71,0.71,0.71,0.72,0.73,0.74,0.74,0.75,0.76,0.77,0.77,0.77,0.77,0.77,0.78,0.79,0.79,0.79,0.8,0.81,0.82,0.82,0.81,0.82,0.83,0.84,0.85,0.84,0.84,0.84,0.85,0.86,0.87,0.87,0.87,0.88,0.89,0.9,0.89,0.88,0.89,0.9,0.91,0.92,0.91,0.92,0.93,0.93,0.93,0.93,0.92,0.93,0.94,0.95,0.95,0.95,0.94,0.95,0.95,0.96,0.96,0.96,0.96,0.97,0.98,0.98,0.97,0.97,0.97,0.98,0.98,0.98,0.98,0.99,0.99,1,1,1,1,1,1.01,1.01,1.01,1.01,1.01,1.01,1.02,1.02,1.02,1.03,1.03,1.03,1.03,1.03,1.03,1.04,1.04,1.04,1.05,1.07,1.07,1.07,1.07,1.07,1.07,1.07,1.07,1.07,1.07,1.07,1.07,1.07,1.07,1.07,1.07,1.07,1.07,1.07,1.07,1.07,1.07,1.07,1.07,1.07,1.07,1.07,1.07,1.07,1.07,1.07,1.07,1.07,1.07,1.07,1.07,1.07,1.07,1.07,1.07,1.07,1.07,1.07,1.07,1.07,1.07,1.07,1.07,1.07,1.07,1.07,1.07,1.07,1.07,1.07,1.07,1.07,1.07,1.07,1.07,1.07,1.07,1.07,1.07,1.07,1.07,1.07,1.07,1.07,1.07,1.07,1.07,1.07,1.07,1.07,1.07,1.07,1.07,1.07,1.07,1.17,1.17,1.17,1.17,1.17,1.17,1.17,1.17,1.17,1.17,1.17,1.17,1.17,1.17,1.17,1.17,1.17,1.17,1.17,1.17,1.17,1.17,1.17,1.17,1.17,1.17,1.17,1.17,1.17,1.17,1.17,1.17,1.17,1.17,1.17,1.17,1.17,1.17,1.17,1.17,1.17,1.17,1.17,1.17,1.17,1.17,1.17,1.17,1.17,1.17,1.17,1.17,1.17,1.17,1.17,1.17,1.17,1.17,1.17,1.17,1.17,1.17,1.17,1.17,1.17,1.17,1.17,1.17
0,0.02,0.09,0.12,0.19,0.23,0.25,0.29,0.33,0.38,0.41,0.42,0.46,0.5,0.54,0.56,0.58,0.59,0.62,0.64,0.67,0.7,0.7,0.71,0.74,0.77,0.8,0.8,0.8,0.83,0.84,0.87,0.89,0.9,0.9,0.92,0.94,0.96,0.97,0.97,0.98,1,1.02,1.04,1.03,1.03,1.05,1.07,1.08,1.09,1.09,1.1,1.11,1.13,1.14,1.14,1.14,1.15,1.16,1.18,1.19,1.18,1.19,1.2,1.22,1.23,1.22,1.23,1.25,1.25,1.26,1.25,1.25,1.26,1.28,1.29,1.31,1.3,1.3,1.31,1.32,1.33,1.33,1.32,1.33,1.34,1.36,1.38,1.37,1.38,1.39,1.4,1.41,1.41,1.4,1.41,1.42,1.42,1.43,1.43,1.43,1.44,1.44,1.46,1.46,1.45,1.46,1.47,1.48,1.49,1.47,1.48,1.49,1.49,1.5,1.5,1.49,1.5,1.51,1.52,1.53,1.53,1.53,1.55,1.56,1.57,1.57,1.55,1.55,1.56,1.57,1.58,1.57,1.57,1.58,1.59,1.6,1.6,1.59,1.6,1.61,1.62,1.62,1.61,1.61,1.62,1.63,1.65,1.65,1.64,1.64,1.65,1.66,1.67,1.66,1.65,1.66,1.67,1.68,1.67,1.66,1.66,1.68,1.68,1.69,1.68,1.68,1.69,1.7,1.71,1.71,1.7,1.7,1.71,1.72,1.73,1.72,1.71,1.72,1.73,1.74,1.74,1.73,1.73,1.74,1.75,1.76,1.75,1.75,1.75,1.76,1.77,1.76,1.75,1.77,1.77,1.79,1.79,1.78,1.78,1.79,1.8,1.81,1.81,1.79,1.8,1.81,1.81,1.82,1.81,1.81,1.82,1.82,1.83,1.83,1.82,1.83,1.83,1.84,1.84,1.84,1.83,1.84,1.85,1.85,1.85,1.84,1.84,1.85,1.86,1.86,1.85,1.85,1.86,1.87,1.87,1.87,1.86,1.87,1.87,1.88,1.88,1.87,1.86,1.87,1.88,1.89,1.89,1.89,1.89,1.89,1.9,1.9,1.88,1.88,1.89,1.9,1.9,1.9,1.9,1.9,1.9,1.91,1.91,1.9,1.89,1.9,1.91,1.92,1.91,1.9,1.9,1.9,1.91,1.92,1.91,1.9,1.91,1.91,1.92,1.91,1.9,1.91,1.92,1.92,1.93,1.92,1.91,1.92,1.92,1.93,1.93,1.92,1.92,1.92,1.92,1.93,1.92,1.92,1.93,1.94,1.94
0,0.03,0.05,0.07,0.1,0.1,0.13,0.15,0.16,0.19,0.21,0.22,0.23,0.26,0.27,0.28,0.29,0.31,0.32,0.33,0.34,0.35,0.35,0.37,0.38,0.39,0.4,0.41,0.41,0.41,0.42,0.43,0.44,0.44,0.45,0.46,0.47,0.48,0.48,0.48,0.48,0.49,0.51,0.5,0.5,0.51,0.52,0.52,0.53,0.53,0.54,0.54,0.55,0.55,0.56,0.56,0.55,0.57,0.58,0.58,0.58,0.58,0.59,0.59,0.59,0.6,0.6,0.6,0.61,0.62,0.62,0.62,0.62,0.63,0.63,0.64,0.64,0.63,0.65,0.66,0.66,0.66,0.65,0.66,0.66,0.67,0.67,0.67,0.67,0.67,0.67,0.68,0.7,0.69,0.69,0.68,0.69,0.7,0.71,0.7,0.71,0.71,0.72,0.72,0.71,0.71,0.72,0.73,0.74,0.73,0.72,0.73,0.74,0.74,0.74,0.74,0.74,0.74,0.74,0.75,0.75,0.74,0.74,0.75,0.76,0.76,0.75,0.75,0.76,0.77,0.77,0.77,0.76,0.77,0.78,0.78,0.78,0.77,0.78,0.78,0.78,0.78,0.78,0.78,0.79,0.79,0.79,0.8,0.8,0.8,0.8,0.8,0.81,0.81,0.8,0.8,0.8,0.81,0.81,0.81,0.8,0.81,0.82,0.82,0.81,0.81,0.82,0.83,0.82,0.82,0.82,0.82,0.83,0.83,0.83,0.83,0.82,0.83,0.83,0.83,0.84,0.83,0.83,0.84,0.84,0.84,0.84,0.84,0.84,0.84,0.84,0.85,0.85,0.84,0.85,0.85,0.86,0.86,0.85,0.85,0.85,0.86,0.86,0.85,0.85,0.85,0.86,0.87,0.86,0.85,0.86,0.87,0.88,0.87,0.87,0.86,0.87,0.87,0.87,0.87,0.87,0.87,0.87,0.88,0.88,0.88,0.87,0.88,0.88,0.88,0.88,0.88,0.88,0.89,0.89,0.9,0.89,0.88,0.89,0.89,0.9,0.89,0.88,0.89,0.89,0.9,0.9,0.89,0.89,0.89,0.9,0.9,0.9,0.9,0.9,0.91,0.9,0.9,0.89,0.89,0.9,0.9,0.9,0.9,0.9,0.9,0.9,0.9,0.9,0.9,0.9,0.9,0.9,0.9,0.9,0.9,0.9,0.9,0.9,0.91,0.9,0.9,0.9,0.9,0.91,0.9,0.9,0.9,0.9,0.9,0.91,0.9,0.9,0.9,0.9,0.91,0.91,0.91,0.9,0.9,0.9,0.91
0,0.01,0.02,0.01,0.02,0.02,0.02,0.02,0.03,0.04,0.03,0.04,0.04,0.04,0.04,0.05,0.04,0.04,0.05,0.06,0.05,0.06,0.06,0.06,0.06,0.06,0.06,0.07,0.06,0.06,0.07,0.07,0.06,0.07,0.07,0.08,0.07,0.07,0.08,0.07,0.07,0.08,0.08,0.08,0.08,0.08,0.08,0.08,0.08,0.08,0.08,0.09,0.09,0.08,0.08,0.09,0.08,0.08,0.09,0.09,0.09,0.09,0.09,0.09,0.1,0.09,0.09,0.09,0.09,0.1,0.1,0.09,0.09,0.1,0.1,0.09,0.09,0.1,0.1,0.1,0.1,0.1,0.1,0.1,0.1,0.1,0.09,0.09,0.1,0.1,0.09,0.1,0.1,0.1,0.1,0.1,0.1,0.1,0.1,0.1,0.1,0.1,0.1,0.1,0.1,0.1,0.1,0.1,0.1,0.1,0.1,0.1,0.11,0.11,0.1,0.1,0.1,0.1,0.1,0.1,0.1,0.11,0.11,0.11,0.1,0.11,0.11,0.1,0.11,0.11,0.1,0.1,0.11,0.1,0.1,0.1,0.11,0.11,0.11,0.11,0.1,0.1,0.11,0.11,0.11,0.11,0.11,0.11,0.11,0.11,0.11,0.11,0.11,0.11,0.12,0.11,0.11,0.11,0.11,0.11,0.11,0.11,0.12,0.12,0.11,0.11,0.11,0.11,0.11,0.11,0.11,0.11,0.11,0.11,0.11,0.11,0.11,0.11,0.11,0.11,0.11,0.11,0.11,0.11,0.12,0.11,0.11,0.11,0.11,0.12,0.11,0.11,0.11,0.11,0.11,0.11,0.11,0.11,0.11,0.12,0.11,0.11,0.11,0.11,0.11,0.11,0.11,0.11,0.11,0.11,0.11,0.11,0.11,0.11,0.11,0.11,0.12,0.12,0.11,0.11,0.11,0.12,0.11,0.11,0.11,0.11,0.12,0.11,0.11,0.11,0.11,0.11,0.11,0.12,0.12,0.11,0.11,0.12,0.12,0.12,0.12,0.11,0.11,0.11,0.12,0.12,0.11,0.11,0.12,0.12,0.11,0.12,0.12,0.11,0.12,0.12,0.12,0.11,0.11,0.12,0.12,0.11,0.11,0.11,0.11,0.11,0.12,0.11,0.11,0.11,0.11,0.12,0.11,0.12,0.12,0.11,0.12,0.12,0.11,0.11,0.12,0.11,0.11,0.12,0.12,0.12,0.12,0.11,0.11,0.12,0.12,0.11,0.11,0.12,0.11,0.11,0.12,0.12,0.12,0.11,0.12,0.12
0,0.01,0.01,0.01,0.01,0.01,0.01,0.01,0.01,0.01,0.01,0.01,0.01,0.01,0.01,0.02,0.02,0.02,0.02,0.02,0.02,0.02,0.02,0.01,0.01,0.02,0.02,0.01,0.02,0.02,0.02,0.01,0.02,0.02,0.02,0.02,0.03,0.03,0.02,0.02,0.02,0.02,0.01,0.02,0.02,0.02,0.02,0.02,0.02,0.02,0.02,0.02,0.02,0.02,0.03,0.03,0.02,0.03,0.03,0.02,0.02,0.03,0.03,0.02,0.02,0.03,0.02,0.03,0.03,0.03,0.03,0.03,0.03,0.03,0.03,0.03,0.03,0.03,0.03,0.03,0.03,0.03,0.03,0.03,0.04,0.03,0.03,0.03,0.03,0.03,0.03,0.03,0.02,0.03,0.03,0.03,0.03,0.03,0.03,0.03,0.04,0.04,0.03,0.03,0.03,0.03,0.03,0.03,0.03,0.03,0.03,0.04,0.04,0.04,0.04,0.04,0.03,0.04,0.04,0.03,0.03,0.03,0.03,0.03,0.03,0.03,0.03,0.03,0.04,0.03,0.04,0.04,0.03,0.03,0.03,0.04,0.04,0.04,0.04,0.03,0.03,0.04,0.04,0.04,0.03,0.04,0.04,0.04,0.04,0.03,0.04,0.04,0.04,0.04,0.04,0.04,0.04,0.04,0.05,0.04,0.05,0.04,0.04,0.04,0.04,0.04,0.04,0.04,0.04,0.04,0.04,0.04,0.04,0.04,0.04,0.04,0.04,0.04,0.04,0.04,0.04,0.04,0.04,0.04,0.04,0.04,0.03,0.03,0.04,0.03,0.04,0.04,0.04,0.04,0.04,0.05,0.04,0.04,0.04,0.04,0.05,0.05,0.04,0.04,0.05,0.05,0.05,0.04,0.04,0.04,0.04,0.04,0.04,0.05,0.04,0.04,0.04,0.04,0.04,0.04,0.04,0.04,0.05,0.04,0.04,0.05,0.05,0.04,0.05,0.04,0.04,0.04,0.05,0.05,0.04,0.04,0.04,0.04,0.04,0.05,0.05,0.04,0.05,0.05,0.04,0.04,0.05,0.04,0.04,0.04,0.05,0.05,0.04,0.05,0.05,0.05,0.05,0.04,0.05,0.05,0.04,0.04,0.05,0.05,0.05,0.05,0.05,0.05,0.05,0.04,0.04,0.04,0.04,0.04,0.04,0.05,0.05,0.05,0.05,0.05,0.05,0.05,0.05,0.05,0.05,0.05,0.05,0.05,0.04,0.04,0.04,0.05,0.04,0.05,0.05,0.04,0.05,0.05,0.05,0.05,0.05,0.05
0,0.01,0.01,0.02,0.02,0.03,0.03,0.03,0.03,0.03,0.03,0.03,0.03,0.03,0.04,0.03,0.04,0.04,0.04,0.04,0.04,0.04,0.05,0.05,0.04,0.04,0.05,0.05,0.05,0.06,0.06,0.05,0.05,0.06,0.06,0.06,0.05,0.06,0.06,0.06,0.06,0.07,0.06,0.06,0.06,0.06,0.06,0.07,0.06,0.06,0.06,0.06,0.06,0.06,0.06,0.06,0.07,0.07,0.06,0.06,0.07,0.07,0.07,0.07,0.06,0.07,0.07,0.07,0.06,0.07,0.07,0.07,0.08,0.08,0.07,0.07,0.08,0.08,0.07,0.07,0.08,0.08,0.08,0.08,0.08,0.08,0.08,0.08,0.08,0.08,0.08,0.08,0.08,0.08,0.08,0.08,0.08,0.08,0.08,0.08,0.07,0.08,0.08,0.08,0.08,0.09,0.08,0.08,0.09,0.09,0.08,0.08,0.08,0.08,0.09,0.09,0.08,0.08,0.08,0.09,0.08,0.09,0.09,0.09,0.09,0.09,0.09,0.09,0.09,0.09,0.09,0.09,0.09,0.09,0.09,0.09,0.09,0.09,0.09,0.09,0.09,0.09,0.09,0.09,0.09,0.09,0.09,0.09,0.09,0.09,0.09,0.1,0.09,0.09,0.09,0.09,0.09,0.09,0.09,0.09,0.09,0.1,0.09,0.09,0.09,0.09,0.09,0.09,0.09,0.1,0.1,0.09,0.09,0.09,0.1,0.1,0.09,0.1,0.1,0.09,0.1,0.1,0.1,0.1,0.1,0.1,0.1,0.1,0.1,0.1,0.1,0.1,0.1,0.1,0.1,0.1,0.1,0.11,0.1,0.1,0.1,0.09,0.1,0.11,0.1,0.1,0.1,0.1,0.09,0.09,0.1,0.1,0.1,0.1,0.1,0.1,0.1,0.1,0.1,0.1,0.1,0.11,0.11,0.11,0.1,0.1,0.11,0.11,0.1,0.1,0.1,0.1,0.1,0.1,0.1,0.11,0.1,0.1,0.11,0.1,0.1,0.11,0.11,0.1,0.1,0.1,0.11,0.1,0.1,0.1,0.1,0.1,0.1,0.11,0.1,0.1,0.1,0.1,0.11,0.11,0.1,0.11,0.1,0.1,0.1,0.1,0.1,0.11,0.11,0.1,0.11,0.11,0.11,0.11,0.11,0.11,0.11,0.11,0.11,0.11,0.11,0.11,0.11,0.11,0.11,0.12,0.11,0.11,0.11,0.1,0.1,0.11,0.12,0.11,0.11,0.11,0.11,0.1,0.1,0.11,0.1,0.12
0,0.01,0.01,0.02,0.02,0.03,0.02,0.02,0.02,0.02,0.03,0.03,0.03,0.03,0.03,0.04,0.04,0.05,0.04,0.04,0.05,0.05,0.05,0.05,0.05,0.05,0.05,0.05,0.06,0.06,0.05,0.06,0.06,0.06,0.06,0.06,0.06,0.06,0.07,0.07,0.06,0.07,0.07,0.06,0.06,0.07,0.07,0.07,0.08,0.07,0.07,0.08,0.08,0.08,0.08,0.08,0.07,0.08,0.08,0.08,0.08,0.08,0.08,0.08,0.08,0.08,0.08,0.08,0.09,0.08,0.08,0.08,0.08,0.08,0.08,0.08,0.09,0.09,0.08,0.08,0.08,0.08,0.08,0.09,0.09,0.09,0.09,0.09,0.09,0.09,0.09,0.09,0.09,0.09,0.09,0.09,0.09,0.09,0.09,0.09,0.09,0.09,0.08,0.09,0.09,0.09,0.1,0.09,0.09,0.1,0.1,0.1,0.09,0.09,0.09,0.09,0.09,0.09,0.09,0.09,0.09,0.1,0.1,0.1,0.1,0.1,0.09,0.09,0.1,0.1,0.1,0.1,0.1,0.1,0.1,0.1,0.1,0.1,0.11,0.1,0.1,0.1,0.1,0.1,0.11,0.1,0.11,0.1,0.11,0.11,0.1,0.1,0.1,0.1,0.1,0.1,0.11,0.1,0.1,0.11,0.11,0.11,0.11,0.11,0.11,0.11,0.11,0.11,0.11,0.11,0.11,0.11,0.12,0.11,0.11,0.11,0.11,0.11,0.11,0.11,0.12,0.11,0.12,0.12,0.12,0.11,0.11,0.11,0.11,0.12,0.12,0.12,0.11,0.11,0.11,0.11,0.11,0.11,0.11,0.11,0.11,0.12,0.11,0.11,0.11,0.11,0.11,0.12,0.12,0.12,0.12,0.12,0.11,0.11,0.11,0.12,0.12,0.11,0.12,0.12,0.12,0.12,0.12,0.12,0.12,0.13,0.12,0.12,0.12,0.12,0.12,0.12,0.12,0.12,0.12,0.12,0.11,0.11,0.12,0.12,0.11,0.12,0.12,0.12,0.12,0.11,0.12,0.12,0.12,0.12,0.13,0.12,0.12,0.13,0.13,0.13,0.13,0.12,0.13,0.13,0.12,0.12,0.13,0.13,0.12,0.12,0.12,0.13,0.13,0.13,0.12,0.12,0.12,0.12,0.12,0.12,0.13,0.13,0.12,0.12,0.12,0.12,0.13,0.12,0.13,0.12,0.13,0.13,0.12,0.12,0.12,0.12,0.12,0.13,0.12,0.12,0.13,0.13,0.12,0.12,0.13,0.13
0,0.01,0.01,0.01,0.02,0.02,0.01,0.02,0.02,0.02,0.03,0.03,0.02,0.02,0.03,0.03,0.03,0.04,0.03,0.04,0.03,0.04,0.04,0.04,0.04,0.04,0.03,0.04,0.04,0.03,0.03,0.04,0.03,0.04,0.04,0.04,0.04,0.04,0.04,0.04,0.04,0.05,0.05,0.05,0.04,0.04,0.04,0.05,0.05,0.05,0.05,0.05,0.05,0.05,0.05,0.05,0.05,0.04,0.04,0.05,0.05,0.04,0.05,0.05,0.05,0.05,0.05,0.05,0.05,0.05,0.05,0.04,0.05,0.05,0.05,0.05,0.05,0.05,0.05,0.05,0.05,0.06,0.06,0.05,0.05,0.06,0.06,0.06,0.06,0.06,0.06,0.06,0.05,0.05,0.05,0.06,0.06,0.05,0.05,0.06,0.06,0.06,0.06,0.06,0.05,0.05,0.06,0.06,0.06,0.06,0.06,0.05,0.06,0.06,0.06,0.06,0.06,0.06,0.06,0.06,0.06,0.06,0.05,0.06,0.05,0.05,0.06,0.06,0.06,0.06,0.06,0.07,0.07,0.06,0.06,0.07,0.06,0.06,0.06,0.06,0.06,0.06,0.06,0.06,0.06,0.07,0.07,0.06,0.06,0.06,0.06,0.07,0.07,0.06,0.06,0.06,0.06,0.06,0.06,0.06,0.07,0.07,0.06,0.07,0.07,0.06,0.06,0.06,0.06,0.06,0.06,0.07,0.07,0.07,0.07,0.06,0.07,0.07,0.07,0.07,0.07,0.06,0.06,0.07,0.07,0.07,0.07,0.07,0.06,0.06,0.06,0.07,0.07,0.07,0.07,0.07,0.07,0.07,0.07,0.07,0.07,0.07,0.07,0.07,0.07,0.07,0.07,0.07,0.07,0.07,0.06,0.06,0.07,0.07,0.07,0.07,0.07,0.08,0.07,0.07,0.07,0.07,0.06,0.07,0.07,0.07,0.06,0.07,0.07,0.07,0.06,0.07,0.06,0.06,0.07,0.07,0.07,0.06,0.07,0.07,0.07,0.07,0.07,0.07,0.07,0.07,0.07,0.07,0.07,0.07,0.07,0.07,0.07,0.07,0.07,0.07,0.07,0.07,0.07,0.07,0.07,0.07,0.07,0.07,0.07,0.08,0.08,0.07,0.07,0.07,0.07,0.07,0.08,0.07,0.07,0.08,0.08,0.07,0.07,0.08,0.08,0.08,0.08,0.08,0.08,0.08,0.08,0.07,0.08,0.08,0.08,0.07,0.07,0.07,0.08,0.08,0.08,0.08,0.08,0.08,0.08,0.08
0,0.02,0.02,0.02,0.03,0.04,0.04,0.05,0.05,0.05,0.06,0.06,0.06,0.07,0.06,0.06,0.07,0.07,0.08,0.08,0.08,0.09,0.09,0.09,0.09,0.09,0.1,0.1,0.11,0.11,0.11,0.11,0.11,0.11,0.11,0.11,0.11,0.12,0.11,0.11,0.12,0.12,0.12,0.12,0.13,0.13,0.12,0.12,0.13,0.12,0.13,0.13,0.14,0.13,0.14,0.14,0.14,0.14,0.14,0.14,0.13,0.13,0.14,0.14,0.13,0.14,0.14,0.14,0.14,0.14,0.14,0.15,0.15,0.14,0.15,0.15,0.15,0.15,0.15,0.14,0.15,0.15,0.15,0.15,0.15,0.15,0.16,0.16,0.16,0.16,0.16,0.16,0.17,0.16,0.16,0.16,0.16,0.16,0.16,0.16,0.16,0.17,0.17,0.17,0.17,0.17,0.17,0.17,0.17,0.17,0.17,0.17,0.17,0.16,0.17,0.17,0.18,0.18,0.17,0.18,0.18,0.17,0.18,0.18,0.17,0.17,0.17,0.18,0.18,0.17,0.17,0.18,0.18,0.19,0.18,0.18,0.18,0.18,0.18,0.18,0.18,0.18,0.18,0.18,0.19,0.19,0.18,0.19,0.19,0.18,0.18,0.18,0.18,0.18,0.18,0.18,0.18,0.18,0.19,0.19,0.19,0.19,0.19,0.19,0.19,0.19,0.19,0.18,0.18,0.19,0.19,0.19,0.19,0.19,0.19,0.19,0.19,0.19,0.19,0.19,0.19,0.2,0.19,0.19,0.19,0.19,0.19,0.19,0.19,0.18,0.18,0.19,0.19,0.19,0.2,0.19,0.19,0.19,0.2,0.2,0.2,0.2,0.19,0.19,0.2,0.2,0.2,0.2,0.2,0.2,0.2,0.2,0.2,0.2,0.2,0.2,0.21,0.2,0.2,0.21,0.21,0.2,0.21,0.2,0.2,0.2,0.2,0.21,0.21,0.2,0.21,0.21,0.2,0.2,0.21,0.2,0.2,0.21,0.2,0.2,0.2,0.21,0.2,0.21,0.21,0.2,0.2,0.21,0.21,0.21,0.2,0.2,0.21,0.21,0.21,0.21,0.2,0.2,0.2,0.2,0.21,0.2,0.21,0.21,0.21,0.21,0.21,0.21,0.21,0.21,0.21,0.21,0.21,0.21,0.21,0.21,0.21,0.2,0.21,0.21,0.21,0.21,0.22,0.21,0.21,0.22,0.21,0.22,0.22,0.21,0.21,0.22,0.21,0.21,0.21,0.21,0.21,0.21,0.21,0.21,0.21,0.22
0,0.02,0.03,0.03,0.04,0.05,0.06,0.06,0.07,0.07,0.07,0.08,0.08,0.08,0.09,0.09,0.09,0.09,0.1,0.1,0.09,0.1,0.11,0.11,0.11,0.11,0.11,0.11,0.12,0.13,0.12,0.13,0.13,0.14,0.14,0.14,0.14,0.14,0.14,0.15,0.15,0.14,0.14,0.14,0.15,0.15,0.15,0.15,0.15,0.15,0.16,0.16,0.16,0.16,0.16,0.16,0.16,0.16,0.16,0.17,0.17,0.17,0.17,0.17,0.17,0.17,0.18,0.18,0.18,0.17,0.17,0.18,0.18,0.19,0.18,0.18,0.19,0.18,0.19,0.18,0.18,0.18,0.18,0.19,0.19,0.19,0.18,0.19,0.19,0.19,0.19,0.19,0.19,0.19,0.2,0.2,0.2,0.2,0.19,0.2,0.2,0.2,0.2,0.2,0.2,0.2,0.21,0.21,0.19,0.2,0.21,0.2,0.2,0.21,0.2,0.21,0.21,0.21,0.21,0.2,0.2,0.21,0.21,0.21,0.21,0.21,0.22,0.21,0.21,0.21,0.21,0.21,0.22,0.22,0.22,0.21,0.21,0.22,0.22,0.22,0.22,0.22,0.22,0.22,0.22,0.22,0.22,0.22,0.22,0.22,0.23,0.22,0.22,0.22,0.22,0.22,0.23,0.22,0.22,0.22,0.23,0.22,0.23,0.22,0.22,0.22,0.23,0.23,0.23,0.23,0.23,0.24,0.23,0.23,0.24,0.24,0.23,0.23,0.23,0.22,0.22,0.23,0.24,0.24,0.23,0.23,0.23,0.24,0.24,0.24,0.24,0.24,0.24,0.24,0.24,0.24,0.24,0.23,0.24,0.24,0.24,0.23,0.24,0.24,0.24,0.24,0.24,0.24,0.24,0.25,0.24,0.24,0.24,0.24,0.25,0.25,0.25,0.25,0.25,0.25,0.25,0.25,0.25,0.25,0.24,0.25,0.25,0.25,0.25,0.25,0.25,0.25,0.25,0.25,0.25,0.25,0.24,0.25,0.26,0.25,0.25,0.25,0.25,0.25,0.25,0.25,0.25,0.25,0.26,0.25,0.25,0.25,0.25,0.26,0.25,0.25,0.25,0.25,0.25,0.25,0.25,0.25,0.25,0.25,0.25,0.25,0.25,0.25,0.25,0.25,0.25,0.26,0.25,0.25,0.25,0.25,0.25,0.25,0.25,0.25,0.25,0.26,0.26,0.26,0.25,0.26,0.25,0.26,0.26,0.26,0.26,0.26,0.26,0.27,0.26,0.26,0.25,0.26,0.26,0.26,0.25,0.27
0,0.01,0.03,0.05,0.05,0.06,0.07,0.08,0.1,0.11,0.11,0.11,0.12,0.13,0.13,0.14,0.14,0.15,0.16,0.16,0.17,0.17,0.17,0.17,0.18,0.19,0.19,0.19,0.19,0.2,0.2,0.21,0.21,0.21,0.22,0.22,0.22,0.23,0.23,0.22,0.23,0.24,0.24,0.24,0.24,0.24,0.25,0.25,0.26,0.26,0.26,0.26,0.27,0.27,0.27,0.27,0.27,0.27,0.27,0.28,0.28,0.28,0.28,0.28,0.28,0.29,0.28,0.29,0.29,0.29,0.29,0.29,0.29,0.3,0.3,0.3,0.3,0.3,0.3,0.31,0.31,0.31,0.31,0.31,0.31,0.31,0.32,0.32,0.31,0.32,0.32,0.32,0.33,0.33,0.32,0.33,0.33,0.33,0.33,0.33,0.32,0.33,0.34,0.34,0.33,0.33,0.34,0.34,0.34,0.34,0.34,0.35,0.34,0.35,0.35,0.35,0.35,0.35,0.35,0.35,0.36,0.35,0.35,0.35,0.36,0.36,0.36,0.36,0.36,0.36,0.36,0.36,0.36,0.36,0.36,0.37,0.37,0.37,0.36,0.37,0.37,0.37,0.37,0.37,0.37,0.38,0.37,0.37,0.38,0.37,0.38,0.38,0.38,0.38,0.38,0.38,0.38,0.38,0.39,0.38,0.38,0.38,0.39,0.39,0.39,0.39,0.39,0.39,0.4,0.4,0.39,0.39,0.39,0.4,0.4,0.4,0.4,0.39,0.39,0.4,0.4,0.39,0.39,0.4,0.4,0.4,0.4,0.4,0.4,0.4,0.41,0.41,0.41,0.4,0.41,0.41,0.41,0.41,0.41,0.41,0.41,0.42,0.42,0.41,0.41,0.42,0.42,0.42,0.42,0.42,0.42,0.42,0.42,0.43,0.43,0.42,0.42,0.43,0.43,0.42,0.42,0.42,0.43,0.43,0.43,0.43,0.43,0.43,0.43,0.43,0.43,0.42,0.43,0.43,0.43,0.44,0.44,0.43,0.43,0.43,0.44,0.44,0.43,0.43,0.44,0.44,0.44,0.44,0.44,0.44,0.44,0.44,0.45,0.44,0.44,0.44,0.44,0.44,0.44,0.44,0.44,0.44,0.45,0.45,0.44,0.44,0.44,0.44,0.44,0.44,0.44,0.45,0.45,0.45,0.45,0.44,0.44,0.44,0.45,0.44,0.44,0.44,0.44,0.44,0.45,0.45,0.44,0.44,0.44,0.45,0.45,0.45,0.45,0.45,0.45,0.45,0.45,0.44,0.44,0.44,0.45,0.45
0,0.01,0.01,0.01,0.02,0.03,0.04,0.04,0.05,0.06,0.06,0.07,0.07,0.07,0.07,0.08,0.08,0.08,0.09,0.1,0.09,0.1,0.11,0.11,0.11,0.12,0.11,0.12,0.12,0.12,0.12,0.12,0.13,0.14,0.13,0.13,0.14,0.14,0.14,0.14,0.14,0.14,0.15,0.15,0.15,0.15,0.16,0.16,0.16,0.17,0.17,0.17,0.17,0.17,0.17,0.17,0.17,0.17,0.18,0.18,0.18,0.19,0.18,0.18,0.19,0.18,0.19,0.18,0.18,0.19,0.19,0.19,0.19,0.19,0.19,0.19,0.19,0.2,0.19,0.19,0.2,0.2,0.2,0.2,0.2,0.2,0.2,0.2,0.21,0.21,0.21,0.21,0.21,0.21,0.22,0.21,0.21,0.22,0.21,0.22,0.22,0.21,0.22,0.22,0.22,0.22,0.22,0.23,0.23,0.23,0.22,0.22,0.23,0.22,0.23,0.24,0.23,0.23,0.24,0.24,0.24,0.24,0.23,0.23,0.23,0.24,0.24,0.24,0.24,0.24,0.24,0.24,0.24,0.24,0.23,0.24,0.24,0.25,0.25,0.25,0.25,0.25,0.25,0.25,0.25,0.25,0.25,0.25,0.25,0.26,0.25,0.25,0.26,0.26,0.26,0.26,0.26,0.26,0.26,0.26,0.26,0.26,0.26,0.26,0.26,0.26,0.26,0.26,0.27,0.27,0.27,0.27,0.26,0.26,0.27,0.26,0.27,0.27,0.26,0.27,0.26,0.27,0.27,0.27,0.27,0.27,0.27,0.27,0.28,0.27,0.28,0.27,0.27,0.27,0.28,0.27,0.27,0.27,0.27,0.28,0.28,0.28,0.28,0.28,0.28,0.28,0.27,0.27,0.28,0.28,0.28,0.29,0.29,0.28,0.28,0.29,0.29,0.29,0.29,0.28,0.28,0.29,0.28,0.29,0.29,0.29,0.28,0.29,0.29,0.29,0.29,0.3,0.29,0.29,0.29,0.29,0.3,0.29,0.29,0.28,0.29,0.29,0.29,0.29,0.29,0.29,0.3,0.3,0.29,0.29,0.3,0.3,0.3,0.3,0.3,0.29,0.29,0.3,0.3,0.3,0.3,0.29,0.29,0.3,0.3,0.29,0.29,0.3,0.29,0.3,0.3,0.3,0.3,0.29,0.3,0.3,0.29,0.29,0.3,0.3,0.3,0.3,0.3,0.3,0.3,0.3,0.3,0.3,0.3,0.3,0.3,0.31,0.3,0.3,0.3,0.3,0.3,0.3,0.3,0.3,0.3,0.31
0,0.01,0.01,0.02,0.02,0.02,0.02,0.02,0.03,0.04,0.03,0.04,0.04,0.04,0.04,0.05,0.05,0.05,0.05,0.05,0.05,0.05,0.05,0.06,0.06,0.06,0.06,0.06,0.07,0.07,0.07,0.07,0.07,0.07,0.07,0.07,0.07,0.07,0.07,0.07,0.07,0.07,0.08,0.08,0.08,0.08,0.08,0.08,0.08,0.08,0.08,0.08,0.08,0.08,0.08,0.08,0.08,0.08,0.08,0.08,0.08,0.09,0.08,0.09,0.09,0.09,0.09,0.09,0.09,0.09,0.09,0.08,0.09,0.09,0.09,0.09,0.09,0.09,0.09,0.1,0.09,0.09,0.09,0.09,0.09,0.09,0.09,0.1,0.09,0.09,0.1,0.1,0.1,0.1,0.1,0.09,0.1,0.1,0.09,0.09,0.1,0.1,0.1,0.1,0.1,0.1,0.09,0.09,0.1,0.09,0.1,0.1,0.1,0.1,0.11,0.1,0.1,0.11,0.1,0.1,0.1,0.1,0.1,0.11,0.11,0.1,0.1,0.1,0.1,0.11,0.1,0.1,0.1,0.11,0.11,0.11,0.11,0.1,0.1,0.11,0.11,0.11,0.1,0.11,0.11,0.11,0.11,0.1,0.1,0.11,0.11,0.11,0.11,0.11,0.1,0.1,0.11,0.1,0.1,0.11,0.11,0.11,0.12,0.11,0.11,0.11,0.11,0.11,0.11,0.1,0.11,0.11,0.11,0.11,0.11,0.11,0.11,0.11,0.1,0.11,0.11,0.11,0.11,0.11,0.11,0.11,0.11,0.11,0.11,0.11,0.11,0.11,0.11,0.11,0.11,0.11,0.11,0.11,0.11,0.11,0.11,0.11,0.11,0.11,0.11,0.11,0.11,0.12,0.11,0.11,0.11,0.11,0.11,0.12,0.12,0.12,0.12,0.12,0.11,0.11,0.11,0.11,0.11,0.12,0.11,0.11,0.12,0.11,0.12,0.11,0.12,0.12,0.11,0.12,0.11,0.12,0.12,0.12,0.12,0.12,0.12,0.12,0.12,0.12,0.12,0.12,0.12,0.11,0.11,0.11,0.12,0.11,0.11,0.11,0.12,0.12,0.12,0.12,0.12,0.12,0.12,0.12,0.12,0.12,0.12,0.12,0.12,0.12,0.12,0.12,0.12,0.12,0.12,0.12,0.11,0.11,0.11,0.11,0.11,0.11,0.11,0.11,0.11,0.11,0.11,0.11,0.11,0.11,0.12,0.11,0.12,0.12,0.12,0.12,0.12,0.12,0.11,0.11,0.12,0.12,0.12,0.12
0,0.02,0.04,0.07,0.09,0.1,0.12,0.14,0.17,0.18,0.2,0.2,0.21,0.24,0.25,0.27,0.27,0.27,0.29,0.3,0.3,0.32,0.32,0.34,0.35,0.36,0.37,0.38,0.37,0.39,0.4,0.41,0.41,0.41,0.42,0.42,0.43,0.44,0.44,0.45,0.45,0.46,0.46,0.47,0.46,0.47,0.48,0.49,0.5,0.49,0.49,0.5,0.51,0.52,0.52,0.52,0.52,0.53,0.54,0.54,0.54,0.54,0.55,0.55,0.55,0.56,0.55,0.56,0.57,0.57,0.57,0.58,0.57,0.59,0.59,0.59,0.59,0.59,0.6,0.6,0.6,0.6,0.6,0.6,0.61,0.62,0.62,0.62,0.61,0.61,0.63,0.63,0.64,0.63,0.63,0.63,0.64,0.65,0.65,0.65,0.65,0.66,0.66,0.66,0.65,0.65,0.65,0.66,0.66,0.67,0.67,0.67,0.67,0.67,0.67,0.67,0.67,0.68,0.69,0.69,0.7,0.69,0.69,0.69,0.7,0.7,0.7,0.7,0.71,0.71,0.71,0.71,0.7,0.7,0.71,0.71,0.71,0.71,0.72,0.73,0.73,0.72,0.72,0.72,0.73,0.73,0.73,0.73,0.73,0.72,0.73,0.74,0.75,0.75,0.75,0.75,0.75,0.75,0.75,0.74,0.74,0.74,0.75,0.75,0.75,0.74,0.75,0.75,0.75,0.76,0.76,0.75,0.76,0.76,0.77,0.78,0.77,0.77,0.78,0.79,0.79,0.79,0.79,0.79,0.79,0.79,0.79,0.78,0.78,0.78,0.79,0.79,0.79,0.79,0.79,0.79,0.8,0.8,0.8,0.8,0.8,0.81,0.81,0.81,0.8,0.8,0.81,0.81,0.81,0.8,0.8,0.81,0.81,0.82,0.81,0.81,0.81,0.81,0.82,0.82,0.81,0.81,0.82,0.82,0.83,0.82,0.82,0.82,0.83,0.83,0.83,0.83,0.83,0.83,0.84,0.84,0.83,0.83,0.83,0.84,0.84,0.84,0.84,0.84,0.84,0.85,0.85,0.84,0.84,0.84,0.84,0.85,0.85,0.84,0.84,0.85,0.85,0.86,0.85,0.85,0.85,0.85,0.85,0.85,0.84,0.84,0.84,0.85,0.85,0.85,0.85,0.86,0.85,0.85,0.85,0.84,0.85,0.85,0.85,0.86,0.85,0.84,0.85,0.85,0.85,0.85,0.84,0.85,0.85,0.86,0.86,0.86,0.85,0.86,0.86,0.86,0.86,0.85,0.85,0.86,0.86,0.86
0,0.04,0.1,0.14,0.19,0.23,0.24,0.3,0.33,0.36,0.39,0.39,0.43,0.46,0.48,0.5,0.5,0.52,0.55,0.57,0.59,0.61,0.61,0.63,0.66,0.68,0.7,0.7,0.7,0.72,0.73,0.74,0.76,0.75,0.77,0.78,0.8,0.82,0.81,0.82,0.84,0.86,0.88,0.89,0.88,0.9,0.91,0.92,0.93,0.93,0.93,0.94,0.96,0.97,0.97,0.96,0.97,0.99,1,1.01,1.01,1,1.02,1.03,1.04,1.05,1.04,1.05,1.06,1.07,1.09,1.08,1.08,1.09,1.11,1.12,1.13,1.11,1.12,1.14,1.15,1.16,1.15,1.14,1.16,1.16,1.17,1.18,1.17,1.18,1.19,1.21,1.21,1.21,1.19,1.21,1.21,1.23,1.23,1.21,1.22,1.23,1.24,1.25,1.25,1.24,1.25,1.26,1.27,1.27,1.26,1.26,1.27,1.28,1.29,1.28,1.28,1.29,1.3,1.3,1.3,1.29,1.29,1.31,1.32,1.33,1.32,1.31,1.32,1.32,1.33,1.33,1.32,1.33,1.34,1.35,1.36,1.35,1.33,1.34,1.36,1.36,1.37,1.36,1.36,1.37,1.38,1.39,1.38,1.37,1.38,1.39,1.4,1.41,1.39,1.39,1.4,1.41,1.42,1.4,1.4,1.41,1.42,1.42,1.42,1.41,1.41,1.41,1.42,1.43,1.42,1.43,1.44,1.45,1.45,1.45,1.43,1.43,1.44,1.45,1.47,1.46,1.44,1.45,1.46,1.47,1.48,1.45,1.45,1.46,1.47,1.48,1.46,1.46,1.47,1.48,1.49,1.49,1.47,1.47,1.48,1.48,1.5,1.49,1.48,1.5,1.51,1.52,1.51,1.49,1.49,1.5,1.51,1.53,1.52,1.51,1.51,1.52,1.52,1.54,1.53,1.53,1.53,1.53,1.53,1.52,1.51,1.52,1.53,1.54,1.54,1.53,1.54,1.55,1.56,1.57,1.55,1.55,1.56,1.57,1.57,1.57,1.56,1.56,1.58,1.58,1.58,1.57,1.57,1.58,1.59,1.59,1.6,1.58,1.58,1.58,1.59,1.59,1.59,1.58,1.59,1.59,1.6,1.6,1.58,1.58,1.58,1.58,1.58,1.58,1.57,1.58,1.58,1.59,1.59,1.58,1.59,1.6,1.6,1.61,1.6,1.59,1.6,1.6,1.61,1.6,1.58,1.58,1.58,1.59,1.6,1.59,1.59,1.6,1.6,1.61,1.61,1.6,1.6,1.61,1.61,1.61
0,0.06,0.09,0.13,0.19,0.22,0.27,0.32,0.36,0.41,0.42,0.45,0.48,0.52,0.54,0.56,0.58,0.6,0.64,0.66,0.68,0.69,0.7,0.73,0.74,0.76,0.79,0.79,0.81,0.82,0.84,0.87,0.87,0.88,0.9,0.92,0.94,0.96,0.96,0.97,0.99,1,1.01,1.02,1.02,1.03,1.05,1.06,1.08,1.08,1.09,1.1,1.11,1.13,1.13,1.13,1.15,1.16,1.17,1.18,1.17,1.18,1.19,1.21,1.22,1.22,1.22,1.22,1.24,1.25,1.27,1.26,1.26,1.28,1.29,1.31,1.3,1.3,1.31,1.32,1.33,1.34,1.33,1.33,1.35,1.36,1.37,1.36,1.36,1.37,1.38,1.39,1.39,1.39,1.39,1.4,1.41,1.42,1.42,1.41,1.43,1.43,1.45,1.45,1.45,1.45,1.46,1.46,1.47,1.47,1.47,1.47,1.48,1.49,1.5,1.49,1.49,1.51,1.51,1.52,1.51,1.51,1.52,1.53,1.53,1.54,1.53,1.52,1.53,1.55,1.56,1.56,1.55,1.57,1.57,1.58,1.58,1.56,1.57,1.58,1.59,1.6,1.59,1.58,1.59,1.6,1.61,1.62,1.61,1.6,1.61,1.61,1.62,1.62,1.62,1.63,1.64,1.64,1.65,1.64,1.64,1.65,1.66,1.67,1.65,1.65,1.65,1.66,1.66,1.66,1.65,1.66,1.67,1.67,1.69,1.68,1.67,1.67,1.68,1.69,1.69,1.68,1.68,1.69,1.7,1.71,1.71,1.7,1.71,1.72,1.72,1.73,1.71,1.7,1.71,1.72,1.74,1.74,1.73,1.74,1.75,1.76,1.76,1.74,1.73,1.74,1.75,1.76,1.75,1.75,1.76,1.77,1.78,1.77,1.76,1.75,1.76,1.77,1.79,1.79,1.78,1.78,1.78,1.79,1.8,1.79,1.8,1.81,1.81,1.81,1.8,1.79,1.79,1.8,1.81,1.81,1.81,1.81,1.82,1.82,1.83,1.82,1.82,1.83,1.83,1.84,1.84,1.83,1.83,1.84,1.84,1.84,1.84,1.83,1.84,1.85,1.86,1.86,1.83,1.83,1.83,1.84,1.84,1.84,1.84,1.85,1.85,1.86,1.85,1.84,1.84,1.84,1.84,1.85,1.85,1.84,1.85,1.85,1.87,1.87,1.85,1.85,1.86,1.86,1.87,1.86,1.85,1.86,1.86,1.87,1.87,1.86,1.86,1.87,1.86,1.87,1.86,1.85,1.87,1.87,1.89,1.89
0,0.04,0.16,0.23,0.35,0.42,0.48,0.56,0.64,0.74,0.81,0.87,0.9,0.96,1.05,1.1,1.17,1.19,1.22,1.29,1.33,1.4,1.41,1.42,1.48,1.52,1.58,1.6,1.6,1.64,1.68,1.73,1.77,1.78,1.78,1.81,1.85,1.88,1.92,1.92,1.94,1.99,2.01,2.04,2.05,2.05,2.09,2.11,2.15,2.17,2.16,2.18,2.21,2.25,2.27,2.26,2.26,2.29,2.32,2.34,2.36,2.35,2.37,2.4,2.42,2.45,2.44,2.44,2.48,2.5,2.52,2.53,2.52,2.53,2.56,2.59,2.6,2.6,2.59,2.62,2.64,2.66,2.67,2.65,2.66,2.69,2.71,2.73,2.73,2.72,2.74,2.77,2.78,2.79,2.77,2.79,2.81,2.82,2.86,2.84,2.83,2.86,2.87,2.9,2.91,2.88,2.89,2.92,2.93,2.95,2.94,2.93,2.96,2.97,2.99,3,2.98,2.99,3.01,3.03,3.05,3.03,3.03,3.04,3.05,3.08,3.08,3.07,3.08,3.09,3.11,3.12,3.1,3.1,3.12,3.13,3.15,3.15,3.13,3.14,3.16,3.18,3.2,3.18,3.17,3.19,3.2,3.23,3.23,3.2,3.21,3.22,3.25,3.27,3.24,3.24,3.26,3.28,3.29,3.3,3.27,3.27,3.3,3.32,3.33,3.32,3.3,3.32,3.34,3.35,3.36,3.34,3.35,3.36,3.39,3.4,3.37,3.36,3.37,3.4,3.41,3.41,3.39,3.39,3.42,3.42,3.45,3.43,3.42,3.44,3.44,3.47,3.47,3.44,3.45,3.47,3.49,3.5,3.48,3.47,3.48,3.5,3.51,3.52,3.49,3.49,3.52,3.53,3.54,3.53,3.51,3.54,3.54,3.56,3.56,3.54,3.55,3.56,3.58,3.59,3.57,3.56,3.57,3.59,3.6,3.61,3.58,3.58,3.6,3.61,3.63,3.61,3.59,3.62,3.63,3.64,3.64,3.62,3.63,3.64,3.65,3.67,3.65,3.64,3.65,3.66,3.68,3.69,3.66,3.66,3.69,3.69,3.7,3.69,3.67,3.7,3.69,3.71,3.71,3.68,3.69,3.7,3.7,3.72,3.69,3.68,3.69,3.69,3.71,3.71,3.68,3.69,3.7,3.71,3.73,3.71,3.69,3.7,3.72,3.72,3.73,3.7,3.71,3.72,3.73,3.75,3.72,3.7,3.73,3.73,3.75,3.75,3.72,3.73,3.75,3.76,3.78,3.74,3.73,3.75,3.76,3.78
0,0.03,0.1,0.23,0.33,0.46,0.51,0.62,0.71,0.79,0.9,0.96,1.02,1.08,1.15,1.23,1.29,1.32,1.36,1.42,1.49,1.54,1.57,1.59,1.63,1.71,1.75,1.8,1.8,1.82,1.9,1.93,1.98,1.99,2,2.05,2.08,2.13,2.17,2.17,2.19,2.23,2.27,2.3,2.31,2.32,2.35,2.39,2.42,2.45,2.44,2.45,2.5,2.52,2.57,2.57,2.56,2.59,2.62,2.66,2.68,2.67,2.68,2.71,2.74,2.77,2.77,2.76,2.78,2.82,2.84,2.86,2.85,2.86,2.9,2.91,2.94,2.94,2.92,2.95,2.97,3,3.02,3,3.02,3.05,3.07,3.1,3.1,3.08,3.1,3.12,3.14,3.17,3.14,3.15,3.18,3.2,3.22,3.22,3.21,3.23,3.24,3.26,3.29,3.26,3.27,3.3,3.32,3.35,3.34,3.32,3.34,3.36,3.38,3.4,3.37,3.38,3.41,3.43,3.45,3.44,3.42,3.45,3.46,3.48,3.51,3.48,3.49,3.51,3.53,3.55,3.55,3.53,3.55,3.56,3.58,3.59,3.57,3.57,3.59,3.61,3.63,3.62,3.61,3.64,3.65,3.67,3.68,3.66,3.66,3.68,3.69,3.72,3.71,3.69,3.7,3.72,3.74,3.75,3.73,3.72,3.74,3.76,3.78,3.77,3.75,3.77,3.79,3.8,3.82,3.79,3.79,3.82,3.82,3.85,3.84,3.81,3.83,3.84,3.87,3.88,3.85,3.85,3.87,3.9,3.91,3.9,3.88,3.89,3.91,3.93,3.94,3.91,3.91,3.94,3.95,3.97,3.96,3.94,3.95,3.96,3.99,4,3.98,3.97,3.99,4.01,4.03,4.02,3.99,4.01,4.03,4.04,4.05,4.03,4.02,4.05,4.06,4.08,4.07,4.05,4.06,4.08,4.09,4.11,4.08,4.07,4.09,4.11,4.12,4.12,4.09,4.1,4.12,4.13,4.15,4.12,4.12,4.14,4.15,4.16,4.15,4.13,4.15,4.16,4.17,4.19,4.16,4.16,4.18,4.19,4.2,4.2,4.17,4.19,4.2,4.21,4.21,4.18,4.17,4.19,4.2,4.21,4.2,4.18,4.19,4.2,4.2,4.21,4.19,4.18,4.2,4.21,4.22,4.21,4.19,4.2,4.21,4.22,4.24,4.2,4.2,4.22,4.23,4.24,4.22,4.2,4.22,4.23,4.25,4.25,4.22,4.23,4.24,4.24,4.26,4.25,4.22,4.24,4.25,4.26
0,0.04,0.06,0.09,0.1,0.13,0.16,0.18,0.21,0.22,0.23,0.25,0.27,0.29,0.31,0.31,0.33,0.34,0.36,0.37,0.38,0.39,0.4,0.41,0.42,0.44,0.44,0.44,0.46,0.46,0.48,0.48,0.48,0.49,0.51,0.53,0.54,0.54,0.55,0.56,0.57,0.57,0.57,0.58,0.59,0.61,0.61,0.63,0.62,0.63,0.64,0.65,0.65,0.65,0.65,0.66,0.67,0.68,0.68,0.68,0.68,0.69,0.69,0.7,0.7,0.7,0.7,0.71,0.72,0.72,0.72,0.72,0.73,0.73,0.74,0.74,0.74,0.75,0.75,0.76,0.76,0.76,0.77,0.77,0.77,0.77,0.77,0.76,0.77,0.77,0.77,0.77,0.76,0.76,0.77,0.78,0.79,0.78,0.78,0.79,0.79,0.8,0.8,0.8,0.8,0.81,0.81,0.82,0.81,0.81,0.82,0.82,0.82,0.82,0.82,0.83,0.84,0.85,0.85,0.85,0.85,0.86,0.86,0.86,0.87,0.86,0.86,0.86,0.86,0.87,0.86,0.85,0.86,0.86,0.87,0.87,0.87,0.88,0.88,0.89,0.9,0.89,0.89,0.89,0.89,0.89,0.89,0.88,0.88,0.88,0.89,0.9,0.9,0.9,0.91,0.91,0.92,0.92,0.91,0.91,0.91,0.9,0.9,0.9,0.9,0.9,0.91,0.91,0.91,0.9,0.91,0.91,0.91,0.91,0.91,0.91,0.92,0.92,0.92,0.93,0.92,0.92,0.92,0.93,0.94,0.94,0.94,0.95,0.95,0.96,0.96,0.95,0.95,0.96,0.96,0.96,0.96,0.95,0.96,0.96,0.96,0.97,0.96,0.96,0.96,0.97,0.98,0.97,0.97,0.97,0.97,0.98,0.98,0.97,0.97,0.97,0.97,0.97,0.96,0.95,0.96,0.96,0.96,0.97,0.96,0.96,0.96,0.96,0.96,0.96,0.95,0.96,0.96,0.97,0.97,0.96,0.97,0.98,0.98,0.99,0.99,0.98,0.98,0.99,0.99,0.99,0.99,0.99,0.99,1,1,1,0.99,0.99,1,1,1.01,1,1,1,1.01,1.01,1,0.99,1,1,1,1,1,1,0.99,1,1,0.99,0.99,0.99,0.99,0.99,0.99,0.98,0.98,0.98,0.98,0.99,0.99,0.99,0.99,1,1,1,0.99,0.99,1,1,1,0.99,0.98,0.98,0.98,0.99,0.98,1.01
0,0.02,0.06,0.08,0.12,0.14,0.15,0.19,0.22,0.25,0.26,0.27,0.29,0.31,0.34,0.36,0.38,0.4,0.41,0.43,0.44,0.46,0.46,0.47,0.49,0.5,0.52,0.53,0.53,0.54,0.55,0.57,0.58,0.58,0.59,0.6,0.62,0.63,0.64,0.63,0.64,0.66,0.67,0.68,0.68,0.68,0.7,0.7,0.71,0.72,0.72,0.73,0.73,0.74,0.75,0.75,0.75,0.76,0.76,0.78,0.78,0.77,0.78,0.79,0.8,0.81,0.81,0.81,0.82,0.83,0.84,0.84,0.84,0.85,0.86,0.86,0.87,0.86,0.86,0.87,0.87,0.88,0.89,0.88,0.89,0.9,0.9,0.91,0.9,0.9,0.91,0.92,0.92,0.92,0.92,0.92,0.93,0.94,0.95,0.94,0.93,0.94,0.95,0.96,0.96,0.95,0.96,0.96,0.97,0.97,0.97,0.97,0.98,0.98,0.98,0.99,0.98,0.98,0.99,0.99,1,0.99,0.99,1.01,1.01,1.02,1.02,1.02,1.02,1.02,1.03,1.03,1.03,1.02,1.02,1.03,1.03,1.03,1.02,1.03,1.03,1.04,1.04,1.04,1.03,1.04,1.04,1.06,1.05,1.05,1.06,1.07,1.08,1.08,1.07,1.07,1.07,1.08,1.08,1.08,1.07,1.07,1.08,1.08,1.08,1.07,1.07,1.08,1.08,1.08,1.09,1.09,1.1,1.11,1.11,1.12,1.11,1.11,1.12,1.12,1.12,1.12,1.11,1.11,1.12,1.12,1.12,1.12,1.11,1.12,1.12,1.12,1.12,1.11,1.12,1.12,1.13,1.13,1.13,1.13,1.13,1.13,1.14,1.14,1.13,1.13,1.13,1.14,1.14,1.13,1.13,1.15,1.15,1.16,1.16,1.15,1.16,1.16,1.17,1.17,1.16,1.16,1.16,1.16,1.16,1.17,1.16,1.17,1.17,1.18,1.18,1.18,1.17,1.18,1.19,1.19,1.19,1.18,1.17,1.17,1.18,1.18,1.18,1.17,1.18,1.18,1.18,1.18,1.17,1.18,1.18,1.19,1.19,1.18,1.18,1.18,1.19,1.19,1.18,1.18,1.19,1.2,1.2,1.2,1.2,1.19,1.2,1.2,1.21,1.2,1.19,1.19,1.19,1.2,1.2,1.18,1.18,1.19,1.19,1.19,1.2,1.2,1.2,1.21,1.22,1.22,1.21,1.2,1.2,1.2,1.21,1.21,1.2,1.19,1.19,1.2,1.2,1.19,1.19,1.2,1.2,1.22
0,0.05,0.1,0.18,0.23,0.26,0.3,0.34,0.41,0.46,0.51,0.53,0.56,0.61,0.64,0.69,0.71,0.72,0.78,0.81,0.85,0.87,0.88,0.91,0.94,0.97,1,1,1.01,1.03,1.06,1.08,1.1,1.1,1.11,1.14,1.16,1.17,1.18,1.17,1.19,1.21,1.23,1.26,1.25,1.28,1.3,1.3,1.33,1.33,1.33,1.34,1.36,1.38,1.4,1.38,1.39,1.41,1.42,1.44,1.44,1.44,1.46,1.47,1.49,1.5,1.49,1.51,1.52,1.53,1.55,1.54,1.54,1.56,1.56,1.58,1.59,1.58,1.59,1.6,1.61,1.63,1.63,1.62,1.65,1.66,1.67,1.67,1.65,1.66,1.68,1.69,1.72,1.72,1.7,1.72,1.73,1.75,1.76,1.74,1.74,1.75,1.76,1.78,1.78,1.76,1.77,1.79,1.8,1.81,1.79,1.79,1.81,1.82,1.84,1.84,1.82,1.83,1.84,1.86,1.87,1.85,1.86,1.87,1.87,1.89,1.88,1.88,1.89,1.89,1.89,1.9,1.89,1.89,1.9,1.91,1.93,1.93,1.92,1.93,1.93,1.95,1.96,1.94,1.93,1.95,1.97,1.97,1.97,1.96,1.98,1.99,1.99,2,1.98,1.98,2,2.01,2.01,2,2,2.01,2.01,2.02,2.03,2.02,2.02,2.02,2.03,2.05,2.04,2.02,2.03,2.05,2.06,2.07,2.05,2.05,2.06,2.07,2.08,2.07,2.06,2.08,2.09,2.09,2.09,2.08,2.09,2.1,2.11,2.11,2.11,2.1,2.11,2.12,2.13,2.14,2.12,2.12,2.12,2.13,2.15,2.14,2.13,2.14,2.14,2.15,2.17,2.15,2.15,2.16,2.17,2.18,2.17,2.16,2.17,2.17,2.19,2.19,2.17,2.17,2.18,2.19,2.2,2.19,2.18,2.19,2.2,2.21,2.22,2.2,2.2,2.21,2.22,2.23,2.21,2.21,2.22,2.23,2.23,2.23,2.22,2.22,2.23,2.24,2.25,2.24,2.24,2.24,2.25,2.26,2.26,2.25,2.24,2.26,2.26,2.26,2.25,2.24,2.25,2.25,2.27,2.27,2.24,2.24,2.26,2.26,2.27,2.25,2.24,2.24,2.25,2.27,2.27,2.25,2.24,2.26,2.27,2.28,2.26,2.24,2.27,2.27,2.28,2.27,2.26,2.26,2.28,2.28,2.28,2.27,2.26,2.27,2.27,2.28,2.28,2.26,2.27,2.28,2.29,2.29
0,0.02,0.04,0.05,0.06,0.06,0.08,0.1,0.11,0.12,0.13,0.14,0.15,0.16,0.16,0.17,0.17,0.18,0.19,0.19,0.2,0.21,0.22,0.23,0.24,0.26,0.26,0.25,0.26,0.27,0.28,0.28,0.28,0.29,0.29,0.3,0.31,0.31,0.3,0.31,0.32,0.32,0.32,0.32,0.33,0.33,0.34,0.34,0.34,0.34,0.35,0.35,0.36,0.37,0.36,0.36,0.37,0.37,0.37,0.37,0.37,0.38,0.38,0.39,0.39,0.39,0.39,0.4,0.4,0.41,0.4,0.4,0.4,0.41,0.41,0.42,0.41,0.41,0.42,0.42,0.43,0.42,0.42,0.43,0.43,0.43,0.44,0.43,0.43,0.44,0.44,0.44,0.44,0.44,0.44,0.45,0.45,0.45,0.45,0.45,0.45,0.46,0.46,0.46,0.46,0.46,0.46,0.46,0.47,0.46,0.46,0.47,0.47,0.48,0.47,0.47,0.48,0.48,0.49,0.49,0.48,0.48,0.49,0.49,0.49,0.49,0.49,0.49,0.49,0.49,0.49,0.49,0.49,0.5,0.5,0.5,0.5,0.5,0.5,0.5,0.51,0.51,0.5,0.51,0.51,0.51,0.52,0.52,0.51,0.51,0.51,0.51,0.51,0.51,0.51,0.52,0.52,0.52,0.52,0.52,0.52,0.52,0.52,0.52,0.52,0.52,0.52,0.52,0.53,0.53,0.53,0.53,0.53,0.53,0.53,0.52,0.53,0.53,0.53,0.53,0.53,0.53,0.53,0.53,0.54,0.54,0.54,0.54,0.54,0.54,0.54,0.54,0.54,0.54,0.54,0.55,0.55,0.54,0.54,0.54,0.54,0.55,0.55,0.55,0.55,0.55,0.55,0.55,0.55,0.55,0.55,0.55,0.56,0.55,0.55,0.55,0.55,0.56,0.56,0.55,0.55,0.55,0.55,0.56,0.55,0.55,0.56,0.56,0.56,0.56,0.55,0.56,0.56,0.56,0.56,0.56,0.56,0.56,0.57,0.57,0.57,0.56,0.56,0.56,0.57,0.57,0.56,0.56,0.56,0.56,0.56,0.56,0.56,0.57,0.57,0.57,0.57,0.57,0.56,0.57,0.57,0.57,0.57,0.56,0.56,0.57,0.57,0.57,0.56,0.55,0.56,0.57,0.57,0.57,0.56,0.56,0.56,0.57,0.57,0.56,0.56,0.56,0.56,0.57,0.57,0.56,0.56,0.56,0.57,0.57,0.56,0.57,0.57,0.57,0.57,0.57,0.57,0.57,0.57,0.57,0.57,0.57
0,0.01,0.02,0.05,0.07,0.1,0.14,0.14,0.18,0.2,0.22,0.25,0.27,0.29,0.3,0.33,0.35,0.36,0.37,0.39,0.41,0.43,0.44,0.45,0.45,0.47,0.48,0.5,0.51,0.5,0.52,0.54,0.55,0.57,0.57,0.57,0.58,0.59,0.61,0.61,0.61,0.62,0.63,0.65,0.66,0.66,0.66,0.67,0.68,0.69,0.7,0.69,0.7,0.71,0.72,0.73,0.73,0.73,0.74,0.74,0.75,0.76,0.76,0.76,0.77,0.78,0.79,0.79,0.79,0.79,0.8,0.81,0.81,0.81,0.81,0.82,0.83,0.84,0.84,0.83,0.84,0.85,0.86,0.86,0.86,0.87,0.87,0.88,0.88,0.88,0.88,0.89,0.89,0.9,0.9,0.9,0.9,0.9,0.91,0.92,0.92,0.91,0.92,0.93,0.93,0.93,0.93,0.93,0.93,0.94,0.95,0.94,0.94,0.95,0.95,0.96,0.96,0.95,0.96,0.97,0.97,0.98,0.98,0.97,0.98,0.99,0.99,1,0.99,0.99,1,1,1,1,0.99,1,1.01,1.01,1.02,1.01,1.01,1.02,1.02,1.03,1.02,1.01,1.02,1.03,1.03,1.03,1.03,1.03,1.03,1.04,1.05,1.04,1.03,1.04,1.05,1.05,1.05,1.04,1.05,1.05,1.06,1.06,1.05,1.04,1.05,1.06,1.07,1.08,1.07,1.08,1.09,1.09,1.09,1.09,1.08,1.09,1.09,1.09,1.09,1.08,1.08,1.08,1.08,1.09,1.08,1.08,1.08,1.08,1.09,1.09,1.09,1.1,1.1,1.09,1.1,1.09,1.09,1.1,1.1,1.11,1.12,1.12,1.12,1.12,1.12,1.12,1.11,1.11,1.12,1.12,1.12,1.12,1.11,1.11,1.12,1.12,1.12,1.12,1.12,1.13,1.14,1.15,1.15,1.15,1.15,1.15,1.16,1.16,1.15,1.15,1.15,1.15,1.15,1.14,1.14,1.13,1.14,1.14,1.15,1.14,1.13,1.14,1.14,1.15,1.15,1.15,1.15,1.17,1.18,1.18,1.18,1.17,1.17,1.17,1.17,1.18,1.17,1.17,1.17,1.17,1.17,1.17,1.16,1.17,1.17,1.18,1.18,1.18,1.17,1.19,1.19,1.19,1.19,1.18,1.18,1.18,1.18,1.18,1.17,1.17,1.18,1.18,1.19,1.18,1.17,1.17,1.17,1.17,1.17,1.16,1.16,1.17,1.17,1.18,1.18,1.18,1.18,1.19
0,0.03,0.05,0.09,0.11,0.13,0.16,0.17,0.2,0.22,0.23,0.26,0.27,0.29,0.3,0.31,0.32,0.34,0.37,0.39,0.41,0.41,0.42,0.43,0.44,0.45,0.47,0.47,0.48,0.5,0.51,0.52,0.53,0.53,0.54,0.56,0.57,0.57,0.57,0.58,0.59,0.6,0.61,0.62,0.62,0.63,0.64,0.64,0.65,0.65,0.66,0.67,0.67,0.68,0.68,0.68,0.69,0.69,0.71,0.71,0.71,0.71,0.72,0.73,0.74,0.73,0.74,0.74,0.75,0.76,0.76,0.76,0.76,0.77,0.78,0.79,0.78,0.78,0.79,0.8,0.81,0.82,0.81,0.81,0.82,0.83,0.84,0.84,0.84,0.85,0.85,0.85,0.85,0.85,0.85,0.87,0.87,0.88,0.87,0.87,0.88,0.88,0.89,0.89,0.88,0.89,0.89,0.9,0.9,0.9,0.9,0.9,0.91,0.91,0.91,0.91,0.91,0.92,0.93,0.93,0.93,0.92,0.93,0.94,0.94,0.94,0.94,0.94,0.95,0.96,0.96,0.95,0.95,0.95,0.96,0.96,0.96,0.96,0.96,0.97,0.97,0.97,0.97,0.96,0.96,0.97,0.97,0.97,0.96,0.96,0.97,0.98,0.99,0.99,0.99,0.99,1,1,1,1,0.99,1,1,1,1,0.99,1.01,1.01,1,1.01,1,1.02,1.02,1.02,1.03,1.02,1.02,1.02,1.02,1.02,1.03,1.03,1.03,1.03,1.04,1.04,1.04,1.03,1.04,1.04,1.04,1.04,1.03,1.04,1.04,1.04,1.04,1.04,1.04,1.04,1.04,1.05,1.05,1.04,1.04,1.05,1.06,1.07,1.06,1.06,1.07,1.07,1.07,1.08,1.07,1.08,1.08,1.08,1.09,1.08,1.08,1.09,1.09,1.09,1.09,1.07,1.07,1.08,1.08,1.08,1.07,1.08,1.08,1.09,1.1,1.1,1.1,1.1,1.1,1.1,1.1,1.09,1.08,1.08,1.09,1.1,1.1,1.1,1.1,1.11,1.11,1.11,1.1,1.1,1.11,1.12,1.12,1.11,1.11,1.1,1.1,1.1,1.1,1.09,1.09,1.1,1.1,1.12,1.11,1.1,1.1,1.1,1.11,1.11,1.11,1.1,1.11,1.11,1.11,1.11,1.1,1.1,1.11,1.1,1.11,1.1,1.1,1.1,1.1,1.11,1.11,1.1,1.1,1.1,1.11,1.11,1.1,1.1,1.11,1.12,1.13,1.13
0,0.03,0.06,0.08,0.08,0.1,0.13,0.15,0.17,0.18,0.18,0.2,0.22,0.24,0.25,0.26,0.26,0.27,0.28,0.3,0.31,0.32,0.33,0.34,0.35,0.35,0.35,0.36,0.38,0.39,0.41,0.42,0.42,0.43,0.43,0.44,0.44,0.45,0.45,0.46,0.47,0.47,0.48,0.48,0.49,0.49,0.5,0.52,0.51,0.51,0.51,0.52,0.53,0.54,0.53,0.54,0.55,0.55,0.56,0.56,0.55,0.56,0.57,0.57,0.58,0.57,0.57,0.58,0.59,0.59,0.59,0.59,0.6,0.6,0.61,0.61,0.61,0.61,0.62,0.62,0.63,0.63,0.63,0.63,0.64,0.64,0.65,0.64,0.64,0.65,0.65,0.65,0.65,0.65,0.66,0.66,0.67,0.67,0.67,0.67,0.67,0.68,0.68,0.68,0.68,0.68,0.69,0.69,0.69,0.69,0.69,0.7,0.7,0.7,0.7,0.7,0.71,0.71,0.72,0.72,0.71,0.71,0.72,0.72,0.73,0.72,0.72,0.73,0.73,0.74,0.74,0.73,0.73,0.74,0.74,0.74,0.74,0.74,0.75,0.75,0.75,0.75,0.75,0.75,0.75,0.76,0.76,0.76,0.75,0.76,0.76,0.76,0.77,0.76,0.77,0.77,0.77,0.77,0.77,0.77,0.78,0.78,0.78,0.79,0.78,0.78,0.78,0.79,0.79,0.79,0.79,0.79,0.79,0.79,0.8,0.79,0.79,0.8,0.8,0.8,0.8,0.8,0.8,0.8,0.8,0.81,0.8,0.81,0.81,0.82,0.83,0.82,0.82,0.82,0.83,0.83,0.84,0.83,0.83,0.83,0.83,0.83,0.83,0.82,0.82,0.83,0.84,0.84,0.83,0.84,0.84,0.84,0.85,0.85,0.84,0.84,0.84,0.85,0.85,0.84,0.84,0.85,0.86,0.86,0.86,0.86,0.86,0.85,0.86,0.86,0.85,0.85,0.86,0.86,0.87,0.86,0.86,0.86,0.86,0.87,0.87,0.86,0.86,0.86,0.86,0.87,0.86,0.86,0.87,0.87,0.88,0.88,0.87,0.87,0.87,0.88,0.88,0.87,0.87,0.87,0.87,0.88,0.88,0.87,0.87,0.88,0.88,0.88,0.87,0.87,0.87,0.88,0.88,0.88,0.87,0.87,0.88,0.87,0.88,0.87,0.87,0.88,0.88,0.88,0.88,0.87,0.87,0.88,0.88,0.88,0.88,0.87,0.88,0.88,0.88,0.88,0.88,0.87,0.88,0.88,0.89,0.89
0,0.01,0.02,0.04,0.06,0.06,0.08,0.09,0.1,0.11,0.12,0.13,0.14,0.15,0.15,0.15,0.17,0.17,0.18,0.18,0.19,0.19,0.19,0.2,0.21,0.22,0.22,0.22,0.22,0.23,0.24,0.24,0.24,0.23,0.24,0.24,0.26,0.26,0.26,0.25,0.26,0.26,0.27,0.28,0.27,0.27,0.28,0.28,0.28,0.27,0.27,0.28,0.29,0.29,0.3,0.3,0.3,0.3,0.3,0.3,0.3,0.3,0.3,0.31,0.3,0.31,0.31,0.31,0.32,0.32,0.31,0.31,0.31,0.32,0.32,0.32,0.32,0.32,0.32,0.33,0.33,0.33,0.33,0.33,0.33,0.34,0.35,0.35,0.34,0.34,0.34,0.34,0.35,0.34,0.34,0.35,0.35,0.35,0.35,0.35,0.34,0.35,0.36,0.37,0.36,0.36,0.36,0.35,0.35,0.36,0.35,0.35,0.35,0.36,0.37,0.37,0.37,0.37,0.36,0.36,0.37,0.36,0.37,0.37,0.37,0.37,0.37,0.37,0.37,0.37,0.38,0.38,0.38,0.38,0.38,0.38,0.39,0.38,0.37,0.37,0.38,0.38,0.38,0.38,0.38,0.39,0.39,0.39,0.39,0.38,0.38,0.39,0.39,0.39,0.39,0.39,0.39,0.39,0.38,0.39,0.39,0.4,0.4,0.4,0.4,0.4,0.39,0.4,0.4,0.4,0.4,0.4,0.4,0.4,0.4,0.4,0.39,0.4,0.4,0.41,0.41,0.4,0.39,0.39,0.39,0.4,0.41,0.41,0.41,0.41,0.4,0.4,0.4,0.4,0.41,0.41,0.42,0.41,0.4,0.4,0.4,0.4,0.4,0.41,0.41,0.42,0.42,0.42,0.41,0.41,0.41,0.41,0.41,0.42,0.42,0.41,0.41,0.41,0.41,0.41,0.41,0.42,0.42,0.42,0.42,0.41,0.41,0.41,0.42,0.43,0.44,0.43,0.42,0.41,0.41,0.41,0.41,0.41,0.41,0.42,0.43,0.44,0.43,0.43,0.43,0.43,0.43,0.42,0.42,0.41,0.42,0.42,0.42,0.42,0.43,0.44,0.44,0.44,0.43,0.42,0.42,0.42,0.41,0.41,0.41,0.41,0.41,0.43,0.44,0.44,0.43,0.42,0.42,0.42,0.41,0.4,0.4,0.41,0.42,0.43,0.43,0.43,0.43,0.43,0.43,0.43,0.42,0.42,0.42,0.42,0.43,0.43,0.43,0.43,0.43,0.42,0.42,0.41,0.42,0.43,0.44,0.44
0,0.01,0.01,0.03,0.04,0.06,0.08,0.09,0.11,0.12,0.13,0.14,0.15,0.15,0.16,0.18,0.19,0.19,0.19,0.19,0.21,0.21,0.22,0.22,0.22,0.23,0.23,0.24,0.25,0.25,0.26,0.26,0.26,0.27,0.28,0.28,0.29,0.3,0.3,0.3,0.29,0.29,0.3,0.31,0.31,0.32,0.32,0.32,0.32,0.32,0.33,0.33,0.33,0.34,0.34,0.34,0.33,0.34,0.35,0.35,0.35,0.35,0.35,0.36,0.36,0.36,0.36,0.36,0.37,0.37,0.38,0.38,0.38,0.38,0.38,0.38,0.38,0.38,0.38,0.38,0.39,0.39,0.4,0.41,0.4,0.4,0.41,0.41,0.41,0.4,0.4,0.41,0.42,0.42,0.41,0.41,0.41,0.42,0.43,0.43,0.43,0.42,0.41,0.42,0.43,0.43,0.44,0.44,0.44,0.43,0.43,0.43,0.43,0.43,0.44,0.45,0.44,0.44,0.44,0.44,0.45,0.46,0.46,0.46,0.45,0.45,0.45,0.45,0.45,0.46,0.46,0.46,0.47,0.47,0.46,0.46,0.46,0.46,0.47,0.46,0.47,0.47,0.48,0.48,0.47,0.47,0.46,0.46,0.47,0.48,0.48,0.48,0.49,0.5,0.5,0.49,0.48,0.48,0.49,0.5,0.5,0.48,0.48,0.48,0.49,0.5,0.5,0.5,0.51,0.51,0.51,0.51,0.5,0.49,0.5,0.51,0.51,0.51,0.5,0.51,0.51,0.51,0.51,0.51,0.51,0.51,0.51,0.51,0.52,0.51,0.51,0.51,0.51,0.52,0.52,0.52,0.52,0.52,0.53,0.52,0.52,0.52,0.53,0.53,0.53,0.52,0.52,0.53,0.53,0.53,0.52,0.52,0.53,0.53,0.53,0.53,0.53,0.53,0.53,0.53,0.53,0.53,0.52,0.53,0.53,0.53,0.54,0.54,0.54,0.54,0.54,0.54,0.54,0.54,0.54,0.54,0.54,0.54,0.54,0.54,0.54,0.54,0.55,0.54,0.54,0.55,0.54,0.55,0.55,0.54,0.55,0.55,0.55,0.55,0.55,0.54,0.55,0.55,0.55,0.55,0.55,0.54,0.55,0.55,0.55,0.55,0.54,0.55,0.55,0.56,0.56,0.55,0.55,0.55,0.55,0.56,0.56,0.55,0.55,0.55,0.55,0.55,0.54,0.55,0.55,0.55,0.55,0.55,0.55,0.55,0.55,0.56,0.56,0.55,0.56,0.56,0.56,0.56,0.56,0.55,0.56,0.56
0,0.01,0.02,0.03,0.04,0.05,0.04,0.06,0.06,0.07,0.08,0.09,0.09,0.09,0.1,0.1,0.1,0.11,0.11,0.12,0.12,0.12,0.12,0.12,0.13,0.14,0.14,0.14,0.13,0.13,0.14,0.14,0.14,0.14,0.15,0.16,0.16,0.15,0.15,0.16,0.16,0.16,0.16,0.16,0.17,0.17,0.17,0.16,0.17,0.17,0.18,0.17,0.17,0.18,0.18,0.18,0.18,0.18,0.18,0.19,0.19,0.19,0.18,0.19,0.19,0.19,0.18,0.19,0.19,0.2,0.2,0.2,0.19,0.19,0.19,0.2,0.2,0.19,0.19,0.2,0.2,0.21,0.21,0.2,0.2,0.2,0.21,0.21,0.21,0.21,0.21,0.21,0.21,0.21,0.21,0.21,0.21,0.22,0.22,0.21,0.21,0.22,0.22,0.22,0.21,0.21,0.21,0.22,0.23,0.22,0.21,0.22,0.22,0.23,0.22,0.22,0.22,0.23,0.23,0.23,0.23,0.23,0.23,0.24,0.24,0.24,0.23,0.22,0.23,0.23,0.24,0.24,0.23,0.23,0.24,0.24,0.25,0.24,0.24,0.24,0.24,0.24,0.24,0.23,0.23,0.23,0.24,0.24,0.24,0.24,0.24,0.24,0.25,0.24,0.24,0.24,0.25,0.25,0.25,0.24,0.25,0.25,0.26,0.25,0.24,0.24,0.25,0.25,0.25,0.25,0.25,0.25,0.26,0.25,0.25,0.25,0.25,0.26,0.25,0.25,0.25,0.25,0.26,0.25,0.25,0.25,0.25,0.26,0.25,0.25,0.25,0.25,0.25,0.25,0.25,0.26,0.26,0.26,0.26,0.26,0.25,0.26,0.26,0.26,0.26,0.26,0.26,0.27,0.26,0.26,0.28,0.29,0.3,0.29,0.29,0.29,0.3,0.31,0.31,0.3,0.3,0.3,0.31,0.31,0.32,0.31,0.31,0.32,0.31,0.32,0.31,0.31,0.32,0.32,0.31,0.31,0.31,0.31,0.32,0.32,0.32,0.31,0.31,0.31,0.31,0.31,0.32,0.31,0.3,0.31,0.31,0.31,0.31,0.31,0.32,0.32,0.32,0.31,0.31,0.31,0.31,0.31,0.31,0.31,0.3,0.3,0.3,0.31,0.31,0.31,0.31,0.31,0.31,0.31,0.31,0.31,0.31,0.3,0.3,0.3,0.3,0.3,0.31,0.31,0.31,0.3,0.31,0.31,0.31,0.32,0.32,0.31,0.3,0.31,0.31,0.31,0.3,0.3,0.31,0.3,0.31,0.32
0,0.02,0.04,0.05,0.06,0.09,0.1,0.11,0.12,0.13,0.14,0.14,0.16,0.17,0.18,0.2,0.2,0.2,0.21,0.22,0.23,0.23,0.23,0.24,0.25,0.27,0.26,0.26,0.27,0.28,0.29,0.29,0.28,0.28,0.29,0.3,0.31,0.31,0.3,0.31,0.32,0.33,0.34,0.33,0.33,0.34,0.34,0.34,0.35,0.35,0.36,0.35,0.36,0.36,0.36,0.37,0.38,0.38,0.38,0.38,0.37,0.38,0.39,0.38,0.38,0.38,0.39,0.4,0.41,0.42,0.41,0.41,0.41,0.41,0.42,0.42,0.42,0.42,0.43,0.43,0.43,0.43,0.43,0.43,0.44,0.44,0.44,0.44,0.44,0.44,0.45,0.45,0.45,0.45,0.45,0.46,0.47,0.47,0.46,0.46,0.46,0.46,0.47,0.47,0.47,0.48,0.48,0.49,0.49,0.49,0.49,0.49,0.49,0.5,0.49,0.49,0.49,0.49,0.5,0.5,0.5,0.5,0.5,0.51,0.51,0.51,0.51,0.51,0.51,0.51,0.51,0.51,0.51,0.51,0.52,0.52,0.52,0.52,0.52,0.52,0.53,0.53,0.53,0.53,0.53,0.54,0.54,0.54,0.53,0.53,0.54,0.54,0.54,0.53,0.54,0.54,0.54,0.55,0.54,0.54,0.54,0.55,0.55,0.55,0.54,0.54,0.55,0.55,0.55,0.55,0.55,0.55,0.55,0.56,0.56,0.55,0.55,0.55,0.56,0.56,0.56,0.56,0.56,0.57,0.57,0.57,0.57,0.57,0.57,0.57,0.58,0.57,0.57,0.57,0.57,0.58,0.58,0.57,0.57,0.57,0.57,0.58,0.57,0.57,0.58,0.58,0.58,0.58,0.58,0.58,0.58,0.58,0.59,0.59,0.58,0.59,0.59,0.59,0.59,0.58,0.58,0.59,0.59,0.59,0.59,0.58,0.59,0.59,0.59,0.59,0.59,0.59,0.6,0.6,0.6,0.6,0.59,0.6,0.59,0.59,0.59,0.6,0.6,0.6,0.6,0.6,0.6,0.6,0.6,0.6,0.61,0.61,0.6,0.6,0.61,0.61,0.61,0.6,0.6,0.6,0.6,0.61,0.61,0.6,0.6,0.6,0.6,0.6,0.6,0.6,0.6,0.6,0.61,0.61,0.6,0.6,0.61,0.61,0.61,0.6,0.6,0.61,0.61,0.61,0.61,0.6,0.6,0.61,0.61,0.61,0.61,0.6,0.61,0.61,0.61,0.61,0.6,0.61,0.61,0.61,0.62,0.62
0,0.02,0.03,0.06,0.08,0.11,0.13,0.15,0.17,0.18,0.19,0.2,0.21,0.22,0.24,0.26,0.26,0.27,0.29,0.3,0.31,0.31,0.31,0.32,0.32,0.34,0.35,0.36,0.36,0.37,0.37,0.38,0.38,0.39,0.4,0.42,0.42,0.42,0.42,0.43,0.44,0.44,0.44,0.44,0.45,0.46,0.47,0.48,0.48,0.48,0.48,0.49,0.51,0.51,0.51,0.51,0.52,0.53,0.54,0.54,0.54,0.54,0.55,0.55,0.56,0.55,0.55,0.56,0.57,0.58,0.58,0.57,0.58,0.58,0.59,0.59,0.59,0.59,0.6,0.6,0.61,0.61,0.6,0.61,0.61,0.62,0.62,0.62,0.62,0.63,0.63,0.64,0.64,0.63,0.64,0.65,0.65,0.65,0.65,0.65,0.66,0.66,0.67,0.67,0.66,0.67,0.67,0.68,0.69,0.68,0.68,0.68,0.68,0.69,0.69,0.69,0.7,0.7,0.7,0.7,0.7,0.7,0.7,0.7,0.71,0.71,0.71,0.71,0.72,0.72,0.73,0.72,0.72,0.73,0.73,0.73,0.73,0.72,0.73,0.73,0.74,0.75,0.74,0.74,0.74,0.74,0.75,0.75,0.74,0.74,0.75,0.75,0.76,0.75,0.75,0.75,0.76,0.76,0.76,0.76,0.76,0.77,0.77,0.77,0.77,0.77,0.77,0.78,0.78,0.78,0.78,0.78,0.79,0.79,0.79,0.78,0.78,0.78,0.79,0.79,0.79,0.78,0.78,0.79,0.8,0.8,0.8,0.8,0.8,0.8,0.81,0.81,0.8,0.81,0.81,0.81,0.82,0.81,0.81,0.82,0.82,0.82,0.82,0.82,0.82,0.83,0.83,0.83,0.82,0.82,0.82,0.82,0.83,0.83,0.82,0.83,0.83,0.83,0.84,0.83,0.83,0.83,0.84,0.84,0.84,0.83,0.83,0.84,0.84,0.84,0.84,0.84,0.84,0.84,0.85,0.85,0.84,0.85,0.85,0.86,0.86,0.86,0.86,0.86,0.86,0.87,0.87,0.86,0.86,0.87,0.87,0.87,0.87,0.86,0.86,0.87,0.87,0.87,0.87,0.87,0.88,0.88,0.88,0.87,0.87,0.87,0.87,0.88,0.88,0.87,0.87,0.87,0.88,0.88,0.87,0.87,0.87,0.88,0.88,0.88,0.88,0.88,0.88,0.88,0.89,0.88,0.88,0.88,0.89,0.89,0.89,0.88,0.88,0.88,0.89,0.89,0.89,0.89,0.89,0.89,0.89,0.89
0,0.03,0.06,0.08,0.1,0.12,0.14,0.17,0.18,0.21,0.22,0.23,0.26,0.27,0.28,0.28,0.29,0.3,0.31,0.33,0.35,0.35,0.36,0.38,0.39,0.4,0.41,0.42,0.42,0.44,0.44,0.46,0.46,0.46,0.48,0.48,0.49,0.5,0.5,0.51,0.51,0.52,0.53,0.53,0.53,0.54,0.55,0.56,0.56,0.56,0.56,0.57,0.58,0.59,0.59,0.58,0.6,0.61,0.61,0.61,0.61,0.61,0.62,0.63,0.64,0.64,0.64,0.64,0.64,0.66,0.66,0.66,0.66,0.67,0.68,0.68,0.68,0.68,0.68,0.69,0.69,0.69,0.69,0.7,0.7,0.7,0.71,0.71,0.71,0.72,0.72,0.73,0.73,0.72,0.72,0.73,0.74,0.74,0.74,0.73,0.74,0.75,0.75,0.75,0.75,0.75,0.75,0.76,0.76,0.76,0.76,0.77,0.77,0.78,0.78,0.77,0.78,0.78,0.79,0.79,0.79,0.78,0.79,0.79,0.8,0.8,0.79,0.8,0.8,0.81,0.82,0.81,0.8,0.81,0.81,0.82,0.82,0.81,0.82,0.82,0.83,0.84,0.84,0.83,0.84,0.84,0.85,0.85,0.84,0.85,0.85,0.85,0.86,0.85,0.85,0.86,0.86,0.86,0.86,0.85,0.85,0.85,0.86,0.86,0.85,0.84,0.85,0.86,0.87,0.87,0.87,0.87,0.88,0.88,0.88,0.88,0.88,0.89,0.89,0.89,0.9,0.89,0.89,0.89,0.89,0.9,0.89,0.89,0.9,0.9,0.9,0.9,0.89,0.9,0.91,0.91,0.91,0.91,0.91,0.91,0.91,0.91,0.92,0.91,0.91,0.91,0.92,0.92,0.92,0.92,0.92,0.92,0.93,0.93,0.92,0.92,0.93,0.93,0.93,0.93,0.93,0.93,0.93,0.93,0.93,0.93,0.93,0.94,0.94,0.94,0.94,0.94,0.94,0.94,0.94,0.94,0.94,0.94,0.94,0.95,0.95,0.94,0.94,0.95,0.95,0.95,0.95,0.95,0.95,0.95,0.95,0.96,0.95,0.95,0.95,0.95,0.96,0.96,0.95,0.95,0.95,0.96,0.97,0.96,0.95,0.96,0.96,0.96,0.95,0.95,0.95,0.96,0.96,0.96,0.96,0.95,0.96,0.96,0.96,0.96,0.95,0.96,0.96,0.96,0.97,0.96,0.96,0.96,0.96,0.97,0.97,0.96,0.96,0.97,0.97,0.97,0.97,0.96,0.97,0.97,0.98,0.98
0,0.02,0.02,0.03,0.04,0.05,0.06,0.07,0.08,0.09,0.09,0.1,0.11,0.11,0.11,0.12,0.13,0.14,0.14,0.14,0.15,0.15,0.16,0.16,0.16,0.17,0.17,0.18,0.17,0.18,0.19,0.19,0.2,0.19,0.2,0.2,0.21,0.21,0.21,0.2,0.21,0.21,0.22,0.22,0.23,0.23,0.23,0.23,0.23,0.23,0.24,0.24,0.24,0.24,0.24,0.24,0.25,0.25,0.24,0.25,0.25,0.26,0.26,0.26,0.26,0.26,0.26,0.26,0.26,0.27,0.27,0.28,0.28,0.28,0.28,0.27,0.28,0.28,0.29,0.29,0.29,0.28,0.28,0.28,0.29,0.3,0.31,0.31,0.3,0.3,0.3,0.3,0.3,0.31,0.31,0.31,0.3,0.3,0.3,0.31,0.31,0.32,0.31,0.31,0.3,0.31,0.31,0.32,0.33,0.32,0.32,0.32,0.32,0.32,0.32,0.33,0.33,0.33,0.33,0.33,0.32,0.32,0.32,0.33,0.33,0.33,0.33,0.33,0.33,0.33,0.34,0.34,0.35,0.35,0.34,0.34,0.33,0.33,0.34,0.35,0.35,0.35,0.34,0.34,0.34,0.35,0.35,0.36,0.35,0.35,0.35,0.35,0.35,0.36,0.36,0.37,0.36,0.36,0.35,0.35,0.36,0.36,0.36,0.37,0.37,0.36,0.36,0.35,0.36,0.37,0.38,0.37,0.37,0.37,0.36,0.36,0.37,0.37,0.37,0.38,0.37,0.36,0.36,0.36,0.37,0.38,0.38,0.38,0.38,0.37,0.37,0.37,0.37,0.37,0.38,0.39,0.39,0.38,0.37,0.37,0.37,0.38,0.38,0.39,0.39,0.39,0.39,0.38,0.37,0.37,0.38,0.39,0.4,0.39,0.39,0.38,0.38,0.38,0.38,0.38,0.38,0.38,0.4,0.4,0.4,0.39,0.39,0.39,0.39,0.38,0.39,0.38,0.39,0.4,0.41,0.41,0.4,0.4,0.4,0.4,0.39,0.39,0.39,0.39,0.39,0.4,0.41,0.41,0.41,0.42,0.42,0.42,0.41,0.41,0.4,0.4,0.4,0.4,0.4,0.41,0.41,0.42,0.42,0.42,0.41,0.4,0.4,0.4,0.4,0.4,0.41,0.41,0.42,0.42,0.41,0.41,0.41,0.4,0.4,0.39,0.39,0.39,0.4,0.4,0.4,0.39,0.4,0.4,0.4,0.4,0.41,0.4,0.4,0.4,0.41,0.41,0.4,0.4,0.41,0.42,0.42,0.42
0,0.02,0.05,0.07,0.09,0.12,0.14,0.16,0.18,0.19,0.21,0.22,0.23,0.25,0.27,0.29,0.31,0.31,0.33,0.34,0.36,0.36,0.37,0.38,0.39,0.4,0.41,0.41,0.41,0.42,0.43,0.44,0.45,0.46,0.47,0.48,0.49,0.5,0.51,0.51,0.53,0.54,0.54,0.55,0.55,0.56,0.56,0.57,0.58,0.58,0.58,0.59,0.6,0.61,0.61,0.61,0.62,0.62,0.62,0.63,0.63,0.64,0.64,0.64,0.65,0.65,0.65,0.66,0.67,0.67,0.68,0.68,0.68,0.69,0.69,0.7,0.7,0.7,0.7,0.71,0.72,0.72,0.72,0.72,0.72,0.72,0.73,0.74,0.73,0.73,0.74,0.74,0.75,0.75,0.75,0.75,0.76,0.76,0.77,0.76,0.76,0.76,0.77,0.77,0.77,0.77,0.78,0.78,0.79,0.79,0.79,0.79,0.8,0.8,0.8,0.8,0.8,0.81,0.81,0.82,0.82,0.82,0.82,0.82,0.83,0.83,0.83,0.82,0.83,0.84,0.84,0.85,0.84,0.84,0.85,0.85,0.85,0.85,0.85,0.85,0.86,0.86,0.86,0.86,0.86,0.86,0.87,0.87,0.87,0.87,0.87,0.88,0.88,0.89,0.88,0.88,0.89,0.89,0.9,0.9,0.9,0.9,0.91,0.92,0.92,0.91,0.91,0.92,0.92,0.93,0.93,0.93,0.93,0.93,0.94,0.94,0.93,0.93,0.94,0.95,0.95,0.95,0.94,0.94,0.95,0.95,0.95,0.95,0.95,0.96,0.96,0.96,0.96,0.96,0.96,0.96,0.97,0.97,0.96,0.96,0.97,0.97,0.97,0.97,0.97,0.97,0.97,0.98,0.98,0.97,0.97,0.98,0.99,0.99,0.99,0.98,0.99,0.99,0.99,0.99,0.99,0.99,0.99,1,1,1,0.99,1,1,1,1.01,1,1,1.01,1.01,1.01,1.01,1.01,1.01,1.01,1.02,1.02,1.01,1.01,1.02,1.02,1.03,1.02,1.02,1.02,1.03,1.03,1.03,1.02,1.02,1.03,1.03,1.04,1.03,1.03,1.03,1.03,1.03,1.03,1.03,1.03,1.03,1.03,1.03,1.03,1.02,1.03,1.03,1.03,1.03,1.03,1.03,1.03,1.03,1.03,1.03,1.03,1.03,1.04,1.04,1.04,1.04,1.04,1.04,1.04,1.05,1.04,1.04,1.04,1.04,1.04,1.05,1.04,1.04,1.05,1.05,1.05
0,0.05,0.08,0.13,0.16,0.17,0.2,0.23,0.27,0.29,0.3,0.32,0.34,0.38,0.41,0.43,0.45,0.46,0.49,0.51,0.53,0.54,0.55,0.58,0.59,0.61,0.63,0.64,0.65,0.67,0.68,0.69,0.7,0.7,0.72,0.73,0.75,0.76,0.76,0.77,0.78,0.8,0.81,0.81,0.81,0.83,0.84,0.85,0.86,0.86,0.87,0.88,0.89,0.9,0.9,0.9,0.91,0.91,0.93,0.93,0.93,0.93,0.94,0.95,0.96,0.96,0.95,0.96,0.98,0.99,1,1,1,1.01,1.02,1.02,1.02,1.01,1.02,1.03,1.05,1.05,1.05,1.05,1.06,1.06,1.07,1.07,1.07,1.07,1.07,1.08,1.09,1.09,1.09,1.1,1.1,1.12,1.11,1.11,1.11,1.11,1.13,1.14,1.13,1.13,1.14,1.14,1.14,1.13,1.14,1.15,1.16,1.16,1.15,1.15,1.16,1.18,1.18,1.19,1.19,1.18,1.18,1.18,1.2,1.21,1.2,1.21,1.21,1.21,1.21,1.21,1.2,1.21,1.22,1.23,1.23,1.22,1.23,1.24,1.25,1.25,1.24,1.24,1.25,1.25,1.25,1.25,1.25,1.26,1.27,1.27,1.28,1.28,1.28,1.28,1.28,1.3,1.3,1.29,1.29,1.29,1.29,1.3,1.3,1.3,1.31,1.31,1.32,1.32,1.32,1.32,1.32,1.33,1.33,1.33,1.32,1.32,1.34,1.34,1.34,1.33,1.34,1.34,1.34,1.35,1.35,1.35,1.35,1.35,1.36,1.36,1.35,1.35,1.36,1.36,1.37,1.37,1.36,1.37,1.38,1.38,1.38,1.37,1.38,1.38,1.39,1.39,1.38,1.38,1.39,1.39,1.39,1.39,1.39,1.39,1.39,1.4,1.41,1.4,1.4,1.41,1.41,1.42,1.42,1.41,1.41,1.42,1.42,1.42,1.42,1.41,1.41,1.42,1.43,1.43,1.43,1.42,1.43,1.44,1.45,1.44,1.43,1.44,1.44,1.45,1.45,1.44,1.44,1.44,1.45,1.46,1.45,1.45,1.46,1.45,1.45,1.46,1.45,1.44,1.45,1.45,1.46,1.44,1.45,1.46,1.45,1.45,1.46,1.45,1.44,1.44,1.45,1.46,1.45,1.45,1.45,1.45,1.46,1.47,1.45,1.45,1.46,1.47,1.47,1.46,1.45,1.46,1.46,1.47,1.47,1.46,1.46,1.46,1.47,1.48,1.47,1.46,1.47,1.47,1.47,1.48
0,0.01,0.01,0.01,0.02,0.02,0.02,0.02,0.02,0.03,0.03,0.04,0.04,0.04,0.05,0.05,0.04,0.05,0.05,0.06,0.06,0.05,0.06,0.06,0.07,0.06,0.06,0.07,0.07,0.08,0.07,0.06,0.07,0.07,0.08,0.07,0.07,0.07,0.07,0.07,0.07,0.08,0.08,0.08,0.08,0.08,0.09,0.09,0.08,0.08,0.08,0.08,0.08,0.08,0.08,0.08,0.08,0.09,0.09,0.1,0.09,0.09,0.09,0.09,0.09,0.09,0.09,0.09,0.09,0.1,0.1,0.1,0.1,0.09,0.09,0.09,0.1,0.1,0.09,0.1,0.1,0.1,0.1,0.11,0.11,0.11,0.11,0.1,0.1,0.1,0.1,0.1,0.1,0.1,0.1,0.1,0.1,0.11,0.11,0.1,0.11,0.11,0.11,0.1,0.1,0.1,0.1,0.11,0.11,0.11,0.11,0.1,0.1,0.1,0.1,0.1,0.1,0.11,0.11,0.11,0.11,0.11,0.11,0.11,0.1,0.11,0.11,0.1,0.1,0.11,0.11,0.12,0.12,0.12,0.12,0.11,0.11,0.1,0.1,0.1,0.1,0.1,0.11,0.12,0.11,0.11,0.11,0.11,0.11,0.11,0.11,0.1,0.1,0.11,0.11,0.12,0.11,0.1,0.11,0.12,0.12,0.12,0.12,0.12,0.11,0.11,0.11,0.11,0.12,0.12,0.11,0.11,0.11,0.11,0.1,0.11,0.11,0.12,0.12,0.12,0.13,0.13,0.13,0.12,0.11,0.1,0.11,0.11,0.12,0.12,0.11,0.11,0.11,0.11,0.11,0.1,0.11,0.11,0.12,0.12,0.12,0.11,0.11,0.11,0.11,0.11,0.1,0.11,0.11,0.11,0.11,0.12,0.12,0.12,0.12,0.12,0.11,0.11,0.12,0.12,0.11,0.11,0.11,0.12,0.12,0.12,0.12,0.12,0.12,0.11,0.11,0.1,0.1,0.11,0.11,0.11,0.11,0.11,0.11,0.11,0.11,0.11,0.11,0.1,0.11,0.12,0.11,0.11,0.11,0.11,0.11,0.11,0.11,0.12,0.12,0.11,0.1,0.11,0.12,0.12,0.11,0.1,0.1,0.1,0.1,0.11,0.11,0.1,0.1,0.1,0.1,0.11,0.11,0.11,0.11,0.11,0.1,0.11,0.11,0.12,0.12,0.12,0.11,0.11,0.11,0.11,0.11,0.11,0.1,0.1,0.1,0.1,0.11,0.11,0.11,0.11,0.11,0.11,0.11,0.11,0.1,0.13
0,0.03,0.1,0.17,0.27,0.33,0.39,0.44,0.54,0.59,0.64,0.69,0.71,0.77,0.82,0.86,0.91,0.92,0.97,1.02,1.05,1.1,1.12,1.13,1.16,1.19,1.23,1.26,1.26,1.28,1.32,1.36,1.39,1.41,1.4,1.43,1.47,1.48,1.5,1.5,1.5,1.54,1.56,1.6,1.61,1.61,1.64,1.66,1.68,1.7,1.68,1.69,1.72,1.75,1.77,1.77,1.76,1.77,1.8,1.82,1.84,1.83,1.83,1.86,1.88,1.9,1.91,1.89,1.91,1.94,1.97,1.99,1.98,1.98,2,2.02,2.04,2.03,2.03,2.04,2.07,2.08,2.1,2.09,2.09,2.11,2.12,2.14,2.14,2.12,2.14,2.15,2.16,2.17,2.16,2.17,2.19,2.21,2.22,2.22,2.21,2.23,2.25,2.25,2.27,2.24,2.24,2.26,2.27,2.29,2.29,2.28,2.3,2.32,2.34,2.34,2.32,2.31,2.34,2.36,2.38,2.38,2.37,2.38,2.4,2.41,2.42,2.4,2.39,2.42,2.42,2.44,2.44,2.42,2.43,2.44,2.45,2.46,2.44,2.45,2.47,2.48,2.5,2.5,2.49,2.5,2.51,2.53,2.54,2.51,2.51,2.53,2.54,2.55,2.54,2.53,2.54,2.54,2.56,2.57,2.55,2.55,2.57,2.57,2.59,2.58,2.56,2.58,2.6,2.62,2.63,2.6,2.61,2.62,2.63,2.64,2.63,2.61,2.62,2.64,2.65,2.66,2.64,2.63,2.65,2.66,2.69,2.68,2.66,2.67,2.68,2.69,2.69,2.66,2.67,2.69,2.7,2.72,2.71,2.7,2.71,2.73,2.74,2.74,2.72,2.71,2.73,2.73,2.76,2.75,2.73,2.75,2.77,2.77,2.78,2.75,2.75,2.77,2.79,2.8,2.78,2.76,2.77,2.78,2.8,2.82,2.79,2.79,2.8,2.81,2.82,2.81,2.8,2.81,2.82,2.83,2.84,2.82,2.81,2.82,2.84,2.86,2.86,2.84,2.85,2.85,2.86,2.87,2.84,2.85,2.87,2.88,2.89,2.88,2.86,2.86,2.87,2.88,2.88,2.86,2.85,2.87,2.88,2.89,2.89,2.86,2.86,2.87,2.88,2.89,2.87,2.86,2.88,2.88,2.89,2.87,2.85,2.87,2.88,2.89,2.9,2.88,2.87,2.88,2.89,2.9,2.89,2.88,2.89,2.9,2.91,2.92,2.88,2.88,2.89,2.9,2.92,2.91,2.89,2.91,2.91,2.92
0,0.03,0.08,0.12,0.19,0.24,0.28,0.32,0.38,0.42,0.47,0.51,0.52,0.57,0.6,0.62,0.67,0.67,0.7,0.74,0.77,0.81,0.83,0.84,0.86,0.89,0.91,0.93,0.94,0.96,0.99,1.01,1.03,1.03,1.04,1.06,1.09,1.1,1.12,1.12,1.13,1.15,1.17,1.19,1.2,1.19,1.2,1.22,1.24,1.25,1.25,1.27,1.29,1.31,1.33,1.33,1.32,1.34,1.36,1.37,1.38,1.37,1.37,1.39,1.39,1.41,1.41,1.41,1.43,1.45,1.47,1.48,1.47,1.48,1.49,1.5,1.51,1.5,1.49,1.51,1.53,1.54,1.56,1.54,1.54,1.57,1.58,1.6,1.59,1.58,1.6,1.61,1.63,1.64,1.63,1.62,1.63,1.64,1.66,1.66,1.65,1.65,1.67,1.68,1.7,1.68,1.68,1.7,1.71,1.72,1.72,1.7,1.72,1.73,1.74,1.75,1.74,1.74,1.75,1.76,1.77,1.77,1.76,1.77,1.78,1.79,1.8,1.79,1.79,1.8,1.81,1.82,1.81,1.81,1.82,1.83,1.83,1.84,1.82,1.82,1.84,1.84,1.86,1.86,1.84,1.85,1.86,1.86,1.87,1.85,1.86,1.88,1.88,1.89,1.88,1.87,1.89,1.9,1.9,1.91,1.9,1.91,1.92,1.92,1.93,1.92,1.91,1.92,1.93,1.94,1.94,1.92,1.91,1.92,1.93,1.94,1.95,1.94,1.94,1.96,1.97,1.97,1.96,1.95,1.97,1.98,1.99,1.98,1.97,1.98,1.99,2,2,1.98,1.98,2,2.01,2.02,2,1.99,1.99,2,2.01,2.01,1.99,1.99,2,2.01,2.02,2,1.99,2,2.01,2.03,2.04,2.02,2.02,2.03,2.03,2.04,2.03,2.02,2.03,2.05,2.05,2.06,2.04,2.04,2.06,2.06,2.06,2.06,2.04,2.06,2.07,2.08,2.08,2.07,2.07,2.08,2.09,2.09,2.09,2.08,2.09,2.11,2.12,2.13,2.1,2.1,2.11,2.11,2.13,2.12,2.1,2.12,2.12,2.13,2.13,2.11,2.1,2.11,2.12,2.13,2.12,2.11,2.11,2.12,2.13,2.14,2.11,2.11,2.13,2.13,2.14,2.13,2.11,2.12,2.13,2.13,2.14,2.13,2.12,2.13,2.13,2.14,2.13,2.11,2.11,2.12,2.12,2.13,2.1,2.09,2.11,2.11,2.12,2.11,2.1,2.11,2.11,2.14
0,0.07,0.14,0.24,0.3,0.35,0.4,0.46,0.54,0.59,0.64,0.66,0.7,0.77,0.82,0.88,0.9,0.92,0.97,1,1.05,1.08,1.08,1.11,1.15,1.18,1.21,1.22,1.23,1.26,1.29,1.32,1.34,1.34,1.36,1.4,1.43,1.46,1.47,1.47,1.51,1.53,1.56,1.57,1.56,1.58,1.6,1.63,1.65,1.65,1.65,1.67,1.71,1.73,1.74,1.73,1.74,1.77,1.78,1.81,1.8,1.8,1.82,1.84,1.86,1.87,1.86,1.88,1.89,1.91,1.93,1.92,1.92,1.94,1.95,1.97,1.98,1.97,1.98,2.01,2.02,2.03,2.03,2.02,2.04,2.06,2.07,2.08,2.07,2.08,2.09,2.11,2.14,2.13,2.12,2.13,2.14,2.16,2.17,2.15,2.15,2.17,2.18,2.2,2.18,2.17,2.19,2.22,2.24,2.25,2.23,2.24,2.26,2.27,2.28,2.27,2.26,2.28,2.29,2.31,2.31,2.3,2.3,2.32,2.33,2.34,2.34,2.33,2.34,2.36,2.37,2.38,2.36,2.36,2.38,2.39,2.41,2.39,2.38,2.4,2.41,2.42,2.42,2.4,2.4,2.42,2.44,2.45,2.43,2.41,2.43,2.44,2.46,2.47,2.45,2.46,2.48,2.49,2.5,2.48,2.47,2.48,2.49,2.5,2.51,2.5,2.51,2.53,2.53,2.54,2.53,2.51,2.52,2.53,2.54,2.56,2.54,2.54,2.56,2.57,2.58,2.57,2.56,2.58,2.59,2.6,2.59,2.57,2.57,2.59,2.61,2.63,2.62,2.6,2.62,2.63,2.64,2.64,2.62,2.62,2.64,2.65,2.66,2.64,2.63,2.64,2.66,2.67,2.68,2.66,2.65,2.66,2.67,2.68,2.68,2.66,2.68,2.69,2.7,2.7,2.67,2.67,2.7,2.71,2.72,2.7,2.69,2.71,2.71,2.72,2.72,2.69,2.7,2.71,2.71,2.73,2.71,2.7,2.72,2.72,2.74,2.74,2.72,2.72,2.73,2.74,2.75,2.73,2.72,2.73,2.75,2.76,2.76,2.74,2.74,2.75,2.75,2.77,2.75,2.74,2.75,2.75,2.76,2.76,2.74,2.74,2.75,2.76,2.77,2.75,2.74,2.75,2.75,2.76,2.77,2.75,2.75,2.76,2.77,2.78,2.76,2.74,2.76,2.77,2.78,2.78,2.76,2.75,2.77,2.78,2.79,2.77,2.76,2.77,2.78,2.79,2.79,2.77,2.77,2.78,2.79,2.79
0,0.02,0.04,0.05,0.06,0.07,0.09,0.1,0.12,0.13,0.13,0.14,0.16,0.17,0.18,0.18,0.18,0.19,0.21,0.22,0.23,0.23,0.23,0.23,0.24,0.25,0.25,0.26,0.27,0.27,0.27,0.27,0.28,0.28,0.29,0.3,0.31,0.3,0.31,0.32,0.31,0.31,0.32,0.32,0.33,0.33,0.34,0.35,0.34,0.33,0.34,0.36,0.37,0.38,0.37,0.36,0.36,0.37,0.38,0.39,0.39,0.39,0.39,0.39,0.39,0.38,0.38,0.39,0.41,0.41,0.41,0.4,0.4,0.41,0.41,0.42,0.41,0.41,0.41,0.42,0.42,0.42,0.42,0.42,0.42,0.43,0.43,0.42,0.42,0.43,0.44,0.44,0.43,0.43,0.44,0.44,0.44,0.45,0.45,0.45,0.47,0.46,0.46,0.45,0.45,0.46,0.46,0.46,0.46,0.46,0.46,0.46,0.47,0.47,0.47,0.46,0.47,0.47,0.47,0.47,0.47,0.47,0.47,0.48,0.49,0.49,0.49,0.49,0.49,0.49,0.49,0.49,0.48,0.48,0.49,0.49,0.49,0.48,0.48,0.49,0.49,0.49,0.49,0.49,0.49,0.49,0.5,0.49,0.49,0.49,0.5,0.5,0.5,0.5,0.5,0.51,0.52,0.51,0.51,0.5,0.5,0.51,0.52,0.52,0.51,0.51,0.51,0.51,0.51,0.51,0.5,0.51,0.51,0.51,0.52,0.52,0.53,0.53,0.53,0.53,0.52,0.51,0.51,0.52,0.53,0.53,0.53,0.53,0.53,0.53,0.52,0.52,0.52,0.52,0.53,0.53,0.53,0.53,0.53,0.54,0.54,0.54,0.53,0.53,0.53,0.54,0.55,0.55,0.53,0.53,0.53,0.53,0.53,0.54,0.54,0.54,0.54,0.55,0.55,0.55,0.55,0.55,0.54,0.54,0.54,0.53,0.54,0.54,0.55,0.56,0.54,0.54,0.54,0.54,0.55,0.54,0.54,0.54,0.55,0.56,0.56,0.56,0.55,0.55,0.55,0.55,0.54,0.54,0.54,0.55,0.57,0.57,0.56,0.55,0.55,0.55,0.55,0.55,0.54,0.54,0.55,0.56,0.56,0.55,0.54,0.54,0.54,0.55,0.55,0.55,0.55,0.56,0.56,0.55,0.54,0.54,0.55,0.56,0.55,0.55,0.54,0.54,0.54,0.54,0.55,0.55,0.55,0.54,0.54,0.54,0.55,0.54,0.55,0.56,0.56,0.56,0.55,0.54,0.54,0.54,0.55,0.57
0,0.02,0.05,0.06,0.08,0.09,0.1,0.12,0.14,0.16,0.17,0.18,0.19,0.2,0.21,0.22,0.23,0.23,0.24,0.25,0.26,0.27,0.27,0.27,0.29,0.29,0.3,0.3,0.3,0.31,0.32,0.33,0.33,0.32,0.33,0.34,0.35,0.36,0.36,0.35,0.36,0.36,0.37,0.38,0.37,0.37,0.38,0.39,0.4,0.39,0.39,0.4,0.41,0.41,0.41,0.4,0.4,0.41,0.42,0.42,0.43,0.42,0.42,0.43,0.44,0.44,0.44,0.44,0.44,0.44,0.44,0.44,0.45,0.45,0.45,0.45,0.45,0.45,0.46,0.46,0.47,0.48,0.48,0.46,0.47,0.47,0.48,0.48,0.48,0.48,0.48,0.48,0.49,0.49,0.49,0.5,0.5,0.5,0.5,0.49,0.5,0.51,0.51,0.51,0.5,0.5,0.5,0.51,0.52,0.52,0.52,0.51,0.51,0.51,0.52,0.51,0.51,0.51,0.51,0.52,0.52,0.51,0.51,0.52,0.52,0.53,0.53,0.52,0.52,0.53,0.53,0.53,0.53,0.53,0.53,0.53,0.54,0.54,0.54,0.54,0.56,0.57,0.56,0.55,0.54,0.55,0.54,0.55,0.54,0.54,0.54,0.54,0.55,0.55,0.54,0.54,0.55,0.56,0.57,0.57,0.57,0.57,0.58,0.59,0.59,0.59,0.59,0.59,0.58,0.58,0.58,0.57,0.57,0.58,0.59,0.6,0.59,0.59,0.6,0.6,0.61,0.6,0.6,0.61,0.61,0.61,0.6,0.58,0.59,0.6,0.6,0.61,0.61,0.61,0.62,0.62,0.63,0.62,0.62,0.62,0.62,0.62,0.63,0.63,0.63,0.63,0.63,0.64,0.64,0.63,0.63,0.64,0.64,0.64,0.64,0.63,0.63,0.62,0.62,0.62,0.61,0.61,0.62,0.62,0.63,0.62,0.62,0.62,0.62,0.63,0.63,0.62,0.62,0.62,0.62,0.63,0.63,0.62,0.64,0.64,0.65,0.65,0.64,0.63,0.63,0.63,0.64,0.64,0.64,0.64,0.64,0.64,0.65,0.64,0.64,0.64,0.65,0.66,0.65,0.65,0.65,0.65,0.64,0.64,0.63,0.63,0.64,0.64,0.64,0.63,0.63,0.63,0.64,0.64,0.64,0.63,0.63,0.64,0.64,0.65,0.64,0.63,0.64,0.64,0.64,0.64,0.64,0.64,0.65,0.65,0.64,0.64,0.64,0.64,0.64,0.65,0.65,0.64,0.64,0.65,0.65,0.66
0,0.01,0.05,0.07,0.09,0.12,0.13,0.15,0.18,0.2,0.22,0.22,0.24,0.25,0.26,0.28,0.29,0.3,0.31,0.32,0.34,0.36,0.36,0.36,0.37,0.39,0.4,0.41,0.4,0.41,0.43,0.44,0.44,0.44,0.44,0.46,0.47,0.48,0.48,0.47,0.48,0.49,0.5,0.51,0.5,0.51,0.51,0.53,0.54,0.55,0.54,0.54,0.54,0.55,0.56,0.56,0.56,0.58,0.57,0.58,0.58,0.58,0.59,0.6,0.61,0.61,0.6,0.6,0.61,0.62,0.63,0.64,0.63,0.63,0.64,0.64,0.65,0.65,0.64,0.65,0.66,0.67,0.67,0.66,0.66,0.66,0.67,0.67,0.67,0.68,0.69,0.7,0.7,0.7,0.69,0.7,0.71,0.72,0.72,0.71,0.7,0.71,0.71,0.71,0.71,0.71,0.72,0.73,0.74,0.74,0.73,0.72,0.73,0.73,0.73,0.73,0.72,0.73,0.74,0.74,0.75,0.75,0.75,0.76,0.76,0.76,0.77,0.77,0.78,0.78,0.79,0.79,0.78,0.77,0.78,0.78,0.78,0.79,0.78,0.78,0.79,0.79,0.8,0.79,0.79,0.79,0.79,0.8,0.8,0.8,0.8,0.8,0.81,0.81,0.81,0.8,0.81,0.81,0.81,0.82,0.81,0.81,0.82,0.82,0.83,0.82,0.82,0.83,0.83,0.83,0.83,0.82,0.83,0.84,0.84,0.84,0.84,0.83,0.84,0.84,0.85,0.85,0.84,0.84,0.85,0.85,0.86,0.85,0.85,0.86,0.86,0.86,0.86,0.86,0.86,0.86,0.87,0.87,0.86,0.85,0.86,0.86,0.87,0.87,0.86,0.86,0.87,0.87,0.88,0.88,0.87,0.88,0.88,0.89,0.88,0.87,0.88,0.88,0.88,0.89,0.88,0.88,0.89,0.89,0.89,0.89,0.88,0.88,0.88,0.89,0.9,0.89,0.88,0.89,0.9,0.9,0.9,0.89,0.89,0.9,0.9,0.91,0.9,0.9,0.9,0.9,0.91,0.9,0.9,0.9,0.91,0.91,0.92,0.91,0.9,0.91,0.91,0.91,0.91,0.9,0.9,0.91,0.91,0.91,0.91,0.9,0.91,0.91,0.91,0.91,0.9,0.91,0.91,0.91,0.92,0.91,0.91,0.91,0.91,0.92,0.91,0.9,0.91,0.91,0.91,0.92,0.91,0.91,0.91,0.91,0.92,0.91,0.91,0.91,0.92,0.92,0.92,0.92,0.91,0.92,0.92,0.92
0,0.01,0.03,0.04,0.05,0.06,0.07,0.08,0.09,0.1,0.1,0.11,0.12,0.12,0.14,0.13,0.13,0.15,0.15,0.15,0.16,0.16,0.17,0.18,0.18,0.19,0.19,0.19,0.19,0.2,0.2,0.21,0.2,0.2,0.21,0.22,0.22,0.22,0.22,0.23,0.24,0.24,0.24,0.24,0.24,0.25,0.25,0.25,0.25,0.26,0.26,0.26,0.26,0.27,0.26,0.26,0.27,0.27,0.27,0.28,0.28,0.28,0.28,0.28,0.28,0.27,0.27,0.28,0.29,0.3,0.29,0.29,0.3,0.3,0.29,0.3,0.29,0.3,0.3,0.3,0.3,0.3,0.3,0.3,0.3,0.31,0.31,0.31,0.32,0.31,0.31,0.32,0.32,0.31,0.32,0.32,0.33,0.32,0.32,0.32,0.32,0.33,0.32,0.32,0.32,0.33,0.33,0.33,0.33,0.33,0.33,0.33,0.33,0.34,0.34,0.33,0.34,0.34,0.34,0.34,0.34,0.34,0.34,0.34,0.35,0.35,0.35,0.34,0.35,0.35,0.35,0.34,0.34,0.35,0.35,0.35,0.35,0.34,0.35,0.35,0.35,0.35,0.35,0.35,0.35,0.35,0.36,0.36,0.36,0.35,0.35,0.35,0.36,0.36,0.36,0.36,0.36,0.36,0.37,0.36,0.36,0.36,0.36,0.37,0.36,0.35,0.36,0.36,0.37,0.37,0.36,0.37,0.37,0.38,0.37,0.37,0.37,0.37,0.37,0.37,0.36,0.36,0.37,0.37,0.37,0.37,0.36,0.37,0.37,0.37,0.37,0.38,0.38,0.38,0.37,0.38,0.38,0.38,0.38,0.38,0.38,0.38,0.38,0.38,0.38,0.38,0.38,0.39,0.39,0.38,0.38,0.38,0.38,0.38,0.38,0.38,0.38,0.38,0.39,0.37,0.37,0.38,0.39,0.39,0.38,0.38,0.38,0.39,0.39,0.39,0.38,0.38,0.39,0.39,0.39,0.39,0.39,0.39,0.39,0.39,0.39,0.39,0.39,0.39,0.38,0.39,0.39,0.39,0.39,0.38,0.39,0.39,0.4,0.39,0.39,0.39,0.4,0.4,0.39,0.39,0.39,0.39,0.4,0.39,0.39,0.39,0.39,0.4,0.39,0.38,0.38,0.39,0.4,0.4,0.38,0.39,0.39,0.39,0.39,0.38,0.38,0.39,0.39,0.39,0.39,0.39,0.39,0.4,0.39,0.39,0.39,0.39,0.4,0.4,0.39,0.4,0.39,0.4,0.4,0.39,0.4,0.4
0,0.01,0.01,0.01,0.01,0.03,0.04,0.05,0.04,0.04,0.05,0.05,0.05,0.06,0.07,0.06,0.06,0.07,0.08,0.08,0.08,0.09,0.09,0.09,0.09,0.09,0.09,0.1,0.1,0.1,0.1,0.1,0.1,0.1,0.1,0.11,0.12,0.11,0.11,0.12,0.12,0.12,0.12,0.12,0.12,0.13,0.13,0.13,0.13,0.13,0.13,0.13,0.13,0.13,0.13,0.13,0.13,0.14,0.13,0.13,0.13,0.13,0.14,0.14,0.14,0.14,0.14,0.15,0.15,0.14,0.14,0.14,0.15,0.15,0.14,0.15,0.14,0.15,0.15,0.15,0.15,0.16,0.16,0.16,0.16,0.16,0.16,0.16,0.16,0.16,0.16,0.16,0.15,0.16,0.16,0.16,0.16,0.16,0.16,0.16,0.17,0.17,0.16,0.17,0.17,0.17,0.17,0.17,0.17,0.17,0.17,0.17,0.17,0.17,0.17,0.17,0.17,0.18,0.17,0.17,0.17,0.17,0.17,0.17,0.18,0.18,0.17,0.18,0.18,0.17,0.17,0.17,0.18,0.18,0.18,0.17,0.17,0.18,0.18,0.17,0.18,0.18,0.18,0.18,0.18,0.18,0.18,0.18,0.18,0.18,0.18,0.18,0.18,0.18,0.18,0.18,0.18,0.18,0.17,0.17,0.18,0.18,0.18,0.18,0.18,0.18,0.18,0.18,0.19,0.19,0.19,0.18,0.18,0.18,0.19,0.19,0.18,0.18,0.19,0.19,0.18,0.18,0.18,0.19,0.18,0.18,0.18,0.18,0.19,0.19,0.18,0.18,0.19,0.19,0.19,0.19,0.19,0.19,0.19,0.19,0.19,0.19,0.19,0.19,0.19,0.19,0.19,0.19,0.18,0.18,0.19,0.19,0.19,0.19,0.19,0.19,0.19,0.18,0.19,0.19,0.19,0.19,0.19,0.19,0.19,0.19,0.2,0.2,0.2,0.2,0.19,0.19,0.19,0.19,0.19,0.19,0.19,0.2,0.2,0.2,0.2,0.2,0.19,0.19,0.2,0.19,0.19,0.19,0.19,0.2,0.2,0.2,0.19,0.19,0.2,0.2,0.2,0.2,0.2,0.2,0.2,0.19,0.19,0.19,0.19,0.19,0.2,0.2,0.19,0.19,0.2,0.2,0.19,0.19,0.19,0.19,0.19,0.19,0.19,0.19,0.19,0.19,0.19,0.19,0.19,0.19,0.19,0.19,0.19,0.19,0.19,0.19,0.19,0.19,0.2,0.2,0.19,0.19,0.19,0.2,0.2,0.2
0,0.02,0.04,0.06,0.07,0.09,0.1,0.12,0.14,0.15,0.17,0.18,0.19,0.21,0.21,0.23,0.24,0.24,0.25,0.26,0.27,0.29,0.29,0.29,0.3,0.31,0.32,0.33,0.33,0.33,0.34,0.36,0.36,0.36,0.36,0.38,0.38,0.38,0.39,0.39,0.4,0.4,0.41,0.42,0.41,0.41,0.42,0.43,0.43,0.43,0.44,0.44,0.44,0.45,0.46,0.45,0.45,0.47,0.47,0.47,0.47,0.46,0.48,0.48,0.48,0.49,0.49,0.49,0.49,0.5,0.51,0.5,0.5,0.51,0.51,0.52,0.52,0.51,0.51,0.52,0.53,0.53,0.52,0.52,0.54,0.54,0.54,0.54,0.54,0.54,0.55,0.55,0.55,0.55,0.56,0.56,0.56,0.56,0.56,0.56,0.57,0.56,0.57,0.58,0.58,0.57,0.57,0.57,0.57,0.58,0.58,0.58,0.58,0.58,0.59,0.58,0.59,0.59,0.59,0.6,0.6,0.6,0.59,0.59,0.6,0.6,0.61,0.6,0.6,0.6,0.61,0.62,0.62,0.61,0.61,0.61,0.62,0.62,0.62,0.62,0.62,0.62,0.63,0.63,0.63,0.63,0.62,0.63,0.63,0.63,0.63,0.63,0.63,0.63,0.63,0.64,0.64,0.64,0.64,0.64,0.64,0.65,0.65,0.65,0.65,0.64,0.64,0.65,0.66,0.66,0.66,0.64,0.64,0.65,0.65,0.66,0.66,0.65,0.65,0.66,0.66,0.66,0.66,0.67,0.67,0.66,0.66,0.66,0.66,0.67,0.68,0.68,0.67,0.66,0.67,0.67,0.67,0.68,0.67,0.67,0.67,0.67,0.68,0.68,0.67,0.68,0.67,0.68,0.68,0.67,0.67,0.68,0.68,0.69,0.7,0.68,0.68,0.68,0.69,0.7,0.69,0.69,0.69,0.69,0.69,0.69,0.68,0.69,0.7,0.71,0.7,0.7,0.7,0.7,0.7,0.71,0.71,0.7,0.7,0.7,0.7,0.71,0.7,0.71,0.71,0.7,0.71,0.7,0.7,0.71,0.72,0.71,0.71,0.7,0.7,0.7,0.7,0.71,0.71,0.71,0.72,0.72,0.71,0.71,0.7,0.69,0.7,0.71,0.72,0.72,0.72,0.71,0.71,0.72,0.72,0.71,0.71,0.71,0.71,0.71,0.71,0.7,0.7,0.7,0.71,0.71,0.71,0.71,0.72,0.72,0.72,0.72,0.71,0.71,0.72,0.72,0.72,0.72,0.72,0.72,0.72,0.72
0,0.01,0.02,0.04,0.04,0.05,0.06,0.07,0.08,0.08,0.09,0.11,0.12,0.12,0.13,0.14,0.14,0.14,0.15,0.15,0.16,0.16,0.17,0.18,0.18,0.19,0.18,0.19,0.2,0.19,0.2,0.21,0.2,0.21,0.21,0.22,0.21,0.22,0.23,0.23,0.23,0.23,0.24,0.24,0.24,0.25,0.25,0.24,0.25,0.25,0.25,0.25,0.26,0.27,0.26,0.26,0.27,0.27,0.27,0.27,0.28,0.28,0.28,0.29,0.29,0.28,0.28,0.29,0.3,0.3,0.29,0.29,0.3,0.29,0.3,0.3,0.29,0.3,0.3,0.31,0.32,0.31,0.31,0.31,0.31,0.31,0.31,0.31,0.32,0.32,0.32,0.32,0.32,0.32,0.32,0.33,0.33,0.33,0.33,0.33,0.32,0.33,0.34,0.33,0.33,0.34,0.34,0.35,0.34,0.34,0.34,0.34,0.35,0.35,0.34,0.34,0.35,0.35,0.35,0.35,0.35,0.35,0.35,0.35,0.35,0.35,0.35,0.35,0.35,0.35,0.35,0.35,0.36,0.36,0.37,0.36,0.36,0.36,0.36,0.36,0.36,0.36,0.37,0.37,0.37,0.37,0.37,0.37,0.36,0.37,0.38,0.38,0.38,0.38,0.37,0.37,0.38,0.37,0.37,0.38,0.38,0.38,0.39,0.39,0.38,0.38,0.39,0.39,0.39,0.38,0.38,0.39,0.39,0.39,0.4,0.39,0.39,0.4,0.4,0.39,0.39,0.39,0.39,0.39,0.4,0.41,0.39,0.39,0.4,0.4,0.4,0.4,0.4,0.4,0.4,0.4,0.41,0.4,0.4,0.4,0.41,0.4,0.4,0.4,0.41,0.4,0.41,0.41,0.41,0.4,0.41,0.41,0.41,0.41,0.41,0.41,0.41,0.41,0.41,0.41,0.41,0.41,0.42,0.41,0.41,0.41,0.42,0.41,0.41,0.42,0.42,0.42,0.41,0.41,0.42,0.42,0.42,0.42,0.42,0.42,0.42,0.42,0.42,0.41,0.42,0.42,0.42,0.42,0.42,0.43,0.43,0.42,0.42,0.43,0.43,0.42,0.42,0.43,0.42,0.42,0.42,0.42,0.43,0.41,0.41,0.42,0.42,0.42,0.42,0.42,0.42,0.42,0.43,0.43,0.42,0.42,0.42,0.43,0.42,0.42,0.42,0.43,0.42,0.42,0.42,0.41,0.42,0.42,0.43,0.43,0.42,0.42,0.42,0.43,0.43,0.42,0.42,0.42,0.43,0.42,0.42,0.43
0,0.02,0.04,0.07,0.08,0.09,0.11,0.12,0.14,0.15,0.15,0.16,0.18,0.18,0.2,0.2,0.21,0.22,0.22,0.24,0.24,0.25,0.25,0.25,0.27,0.28,0.27,0.27,0.28,0.29,0.3,0.3,0.3,0.31,0.31,0.32,0.33,0.33,0.32,0.33,0.34,0.35,0.35,0.35,0.35,0.36,0.37,0.37,0.37,0.37,0.37,0.37,0.38,0.39,0.38,0.39,0.4,0.4,0.41,0.4,0.4,0.42,0.42,0.43,0.43,0.42,0.42,0.42,0.43,0.43,0.43,0.43,0.44,0.44,0.44,0.45,0.44,0.44,0.45,0.45,0.45,0.44,0.44,0.46,0.46,0.46,0.46,0.46,0.47,0.47,0.47,0.48,0.48,0.47,0.47,0.48,0.48,0.48,0.47,0.48,0.48,0.49,0.49,0.48,0.48,0.49,0.49,0.49,0.5,0.5,0.49,0.49,0.5,0.51,0.51,0.5,0.5,0.51,0.51,0.51,0.5,0.51,0.51,0.51,0.52,0.52,0.52,0.52,0.52,0.52,0.53,0.52,0.52,0.53,0.53,0.54,0.53,0.52,0.53,0.53,0.54,0.54,0.53,0.53,0.54,0.54,0.54,0.53,0.53,0.54,0.55,0.54,0.54,0.54,0.54,0.54,0.55,0.55,0.56,0.55,0.55,0.55,0.55,0.55,0.55,0.56,0.56,0.56,0.56,0.56,0.56,0.56,0.57,0.57,0.56,0.55,0.55,0.56,0.57,0.57,0.56,0.56,0.57,0.57,0.58,0.58,0.56,0.57,0.58,0.58,0.58,0.57,0.57,0.58,0.58,0.57,0.58,0.58,0.58,0.58,0.58,0.58,0.58,0.58,0.58,0.58,0.59,0.59,0.59,0.58,0.58,0.59,0.59,0.59,0.59,0.59,0.59,0.59,0.6,0.59,0.59,0.59,0.59,0.6,0.59,0.59,0.6,0.59,0.6,0.6,0.6,0.6,0.6,0.6,0.6,0.6,0.6,0.61,0.6,0.6,0.6,0.6,0.6,0.6,0.6,0.61,0.61,0.61,0.61,0.61,0.61,0.61,0.61,0.62,0.61,0.61,0.61,0.61,0.61,0.61,0.62,0.61,0.61,0.6,0.61,0.61,0.61,0.61,0.6,0.6,0.61,0.61,0.61,0.62,0.61,0.62,0.61,0.61,0.61,0.61,0.61,0.61,0.61,0.61,0.62,0.61,0.61,0.61,0.62,0.62,0.62,0.61,0.61,0.62,0.62,0.63,0.61,0.61,0.62,0.62,0.63,0.63
0,0.01,0.03,0.04,0.06,0.08,0.08,0.1,0.12,0.13,0.14,0.15,0.16,0.17,0.19,0.19,0.2,0.2,0.21,0.22,0.23,0.24,0.24,0.24,0.25,0.26,0.26,0.27,0.27,0.28,0.28,0.29,0.3,0.3,0.3,0.31,0.31,0.31,0.32,0.32,0.32,0.33,0.33,0.33,0.33,0.34,0.34,0.34,0.35,0.36,0.35,0.36,0.37,0.37,0.37,0.37,0.37,0.38,0.38,0.39,0.4,0.39,0.38,0.39,0.41,0.41,0.41,0.4,0.41,0.41,0.42,0.42,0.43,0.42,0.43,0.43,0.44,0.44,0.43,0.43,0.44,0.44,0.44,0.44,0.44,0.45,0.45,0.45,0.45,0.45,0.45,0.45,0.46,0.46,0.45,0.45,0.46,0.46,0.47,0.47,0.47,0.47,0.47,0.48,0.48,0.48,0.48,0.48,0.48,0.48,0.48,0.48,0.49,0.49,0.49,0.5,0.49,0.49,0.5,0.5,0.5,0.49,0.49,0.5,0.5,0.5,0.5,0.5,0.5,0.51,0.51,0.51,0.51,0.51,0.51,0.51,0.51,0.51,0.51,0.51,0.52,0.52,0.53,0.52,0.52,0.52,0.52,0.53,0.53,0.52,0.52,0.53,0.53,0.53,0.53,0.53,0.53,0.54,0.53,0.54,0.53,0.54,0.54,0.53,0.53,0.53,0.53,0.54,0.54,0.54,0.54,0.54,0.54,0.55,0.54,0.54,0.55,0.54,0.55,0.55,0.54,0.55,0.55,0.55,0.55,0.55,0.55,0.56,0.55,0.55,0.55,0.55,0.56,0.56,0.55,0.55,0.55,0.56,0.56,0.55,0.55,0.56,0.57,0.57,0.55,0.55,0.56,0.57,0.57,0.56,0.56,0.56,0.57,0.57,0.57,0.56,0.56,0.57,0.57,0.57,0.57,0.56,0.57,0.57,0.57,0.57,0.57,0.57,0.58,0.57,0.58,0.57,0.57,0.58,0.57,0.58,0.58,0.58,0.57,0.57,0.58,0.59,0.59,0.58,0.58,0.58,0.58,0.59,0.59,0.58,0.58,0.59,0.59,0.59,0.59,0.59,0.59,0.59,0.59,0.59,0.58,0.59,0.59,0.6,0.59,0.58,0.58,0.59,0.59,0.59,0.58,0.58,0.58,0.59,0.6,0.59,0.58,0.59,0.6,0.59,0.59,0.59,0.59,0.59,0.59,0.59,0.59,0.58,0.59,0.59,0.59,0.6,0.59,0.6,0.6,0.59,0.59,0.59,0.59,0.59,0.59,0.6
0,0.04,0.06,0.08,0.11,0.13,0.14,0.16,0.19,0.21,0.22,0.24,0.26,0.27,0.3,0.31,0.32,0.32,0.33,0.35,0.36,0.37,0.37,0.38,0.41,0.42,0.43,0.43,0.44,0.45,0.46,0.48,0.48,0.47,0.49,0.5,0.51,0.52,0.51,0.51,0.53,0.54,0.55,0.54,0.54,0.55,0.56,0.57,0.57,0.57,0.57,0.58,0.59,0.59,0.6,0.6,0.61,0.61,0.61,0.62,0.61,0.62,0.63,0.63,0.63,0.64,0.63,0.64,0.65,0.65,0.66,0.66,0.66,0.67,0.67,0.67,0.67,0.67,0.68,0.68,0.7,0.7,0.69,0.68,0.69,0.7,0.7,0.71,0.7,0.7,0.7,0.71,0.72,0.72,0.72,0.73,0.73,0.73,0.73,0.73,0.74,0.74,0.75,0.75,0.74,0.73,0.74,0.75,0.76,0.77,0.76,0.76,0.76,0.76,0.76,0.75,0.76,0.77,0.78,0.79,0.79,0.78,0.78,0.78,0.79,0.79,0.78,0.77,0.78,0.78,0.79,0.79,0.78,0.78,0.79,0.79,0.8,0.79,0.79,0.8,0.8,0.81,0.8,0.8,0.8,0.81,0.81,0.82,0.81,0.82,0.84,0.84,0.85,0.85,0.84,0.85,0.85,0.86,0.87,0.85,0.84,0.85,0.85,0.85,0.84,0.84,0.85,0.87,0.87,0.87,0.86,0.86,0.87,0.86,0.87,0.87,0.87,0.87,0.87,0.87,0.88,0.87,0.87,0.87,0.88,0.89,0.88,0.88,0.88,0.88,0.89,0.89,0.88,0.88,0.89,0.89,0.9,0.9,0.89,0.9,0.9,0.9,0.9,0.9,0.89,0.9,0.9,0.91,0.91,0.9,0.91,0.91,0.91,0.92,0.91,0.91,0.92,0.93,0.94,0.93,0.92,0.92,0.92,0.92,0.92,0.92,0.93,0.94,0.95,0.95,0.95,0.93,0.93,0.93,0.94,0.94,0.93,0.92,0.93,0.93,0.94,0.95,0.94,0.95,0.95,0.94,0.95,0.94,0.94,0.94,0.95,0.96,0.96,0.96,0.96,0.96,0.96,0.96,0.94,0.94,0.95,0.95,0.96,0.95,0.94,0.94,0.94,0.94,0.95,0.94,0.94,0.95,0.95,0.95,0.95,0.94,0.94,0.95,0.96,0.96,0.95,0.95,0.95,0.96,0.96,0.96,0.95,0.95,0.96,0.96,0.96,0.95,0.95,0.96,0.96,0.96,0.96,0.95,0.95,0.96,0.96,0.96
0,0.02,0.04,0.06,0.07,0.08,0.1,0.11,0.12,0.14,0.14,0.15,0.16,0.18,0.19,0.19,0.2,0.21,0.22,0.22,0.23,0.23,0.24,0.24,0.25,0.26,0.26,0.27,0.27,0.28,0.29,0.29,0.29,0.29,0.3,0.31,0.31,0.3,0.31,0.32,0.32,0.33,0.33,0.33,0.33,0.34,0.35,0.36,0.35,0.35,0.36,0.37,0.37,0.37,0.37,0.37,0.38,0.38,0.39,0.38,0.38,0.38,0.39,0.39,0.4,0.4,0.4,0.4,0.4,0.41,0.42,0.4,0.41,0.41,0.43,0.42,0.42,0.42,0.43,0.43,0.44,0.43,0.43,0.44,0.43,0.44,0.44,0.44,0.44,0.44,0.44,0.45,0.45,0.44,0.45,0.45,0.45,0.46,0.46,0.46,0.46,0.46,0.47,0.47,0.46,0.46,0.47,0.47,0.47,0.47,0.47,0.48,0.48,0.48,0.48,0.48,0.48,0.48,0.49,0.49,0.48,0.48,0.48,0.49,0.48,0.48,0.48,0.49,0.49,0.49,0.49,0.5,0.49,0.5,0.5,0.51,0.5,0.5,0.5,0.5,0.51,0.51,0.5,0.5,0.5,0.5,0.51,0.51,0.5,0.51,0.52,0.52,0.52,0.5,0.51,0.52,0.52,0.53,0.52,0.51,0.52,0.52,0.53,0.52,0.52,0.52,0.52,0.53,0.53,0.53,0.52,0.52,0.53,0.54,0.53,0.52,0.53,0.53,0.54,0.54,0.53,0.53,0.53,0.54,0.54,0.54,0.54,0.54,0.54,0.54,0.54,0.54,0.54,0.54,0.54,0.54,0.54,0.54,0.54,0.55,0.55,0.55,0.55,0.54,0.55,0.55,0.55,0.55,0.55,0.55,0.55,0.55,0.55,0.55,0.55,0.55,0.55,0.55,0.56,0.56,0.55,0.55,0.56,0.56,0.56,0.55,0.55,0.56,0.56,0.57,0.56,0.55,0.55,0.56,0.57,0.57,0.55,0.56,0.56,0.56,0.57,0.57,0.57,0.57,0.57,0.57,0.57,0.57,0.57,0.57,0.57,0.57,0.57,0.57,0.57,0.57,0.57,0.57,0.57,0.57,0.57,0.57,0.57,0.57,0.57,0.57,0.57,0.57,0.57,0.57,0.57,0.57,0.57,0.57,0.57,0.58,0.57,0.57,0.57,0.58,0.57,0.57,0.57,0.57,0.58,0.58,0.58,0.58,0.57,0.57,0.58,0.58,0.58,0.58,0.58,0.58,0.58,0.58,0.58,0.58,0.58,0.58
0,0.04,0.07,0.12,0.15,0.17,0.2,0.23,0.26,0.29,0.31,0.32,0.34,0.37,0.39,0.41,0.43,0.43,0.46,0.47,0.49,0.5,0.5,0.52,0.54,0.55,0.56,0.57,0.57,0.59,0.6,0.61,0.62,0.62,0.64,0.64,0.65,0.67,0.67,0.68,0.69,0.69,0.7,0.71,0.71,0.73,0.73,0.73,0.75,0.75,0.75,0.76,0.78,0.79,0.79,0.79,0.79,0.8,0.8,0.81,0.82,0.82,0.82,0.83,0.84,0.84,0.84,0.86,0.87,0.87,0.88,0.87,0.87,0.88,0.88,0.9,0.9,0.89,0.89,0.9,0.91,0.92,0.92,0.93,0.93,0.93,0.94,0.95,0.94,0.95,0.96,0.97,0.97,0.96,0.96,0.97,0.99,0.99,0.99,0.97,0.98,0.99,1,1.01,1,1.01,1.02,1.02,1.02,1.02,1.01,1.01,1.02,1.02,1.03,1.03,1.03,1.04,1.05,1.06,1.06,1.05,1.06,1.07,1.07,1.08,1.07,1.06,1.07,1.08,1.09,1.1,1.08,1.08,1.08,1.09,1.11,1.1,1.09,1.09,1.1,1.11,1.12,1.11,1.11,1.12,1.12,1.12,1.13,1.12,1.12,1.12,1.12,1.13,1.12,1.13,1.13,1.14,1.15,1.15,1.15,1.15,1.15,1.15,1.15,1.14,1.15,1.16,1.16,1.16,1.16,1.16,1.17,1.18,1.18,1.18,1.16,1.16,1.18,1.18,1.19,1.19,1.18,1.19,1.18,1.19,1.2,1.19,1.19,1.2,1.21,1.21,1.2,1.19,1.2,1.21,1.21,1.22,1.21,1.21,1.21,1.21,1.22,1.22,1.22,1.23,1.23,1.23,1.23,1.22,1.23,1.23,1.24,1.25,1.24,1.23,1.23,1.24,1.25,1.25,1.24,1.24,1.25,1.25,1.25,1.24,1.24,1.25,1.27,1.27,1.27,1.25,1.26,1.27,1.28,1.29,1.28,1.26,1.27,1.27,1.29,1.29,1.28,1.27,1.28,1.29,1.3,1.29,1.29,1.29,1.29,1.29,1.3,1.29,1.28,1.29,1.3,1.31,1.3,1.28,1.28,1.29,1.3,1.3,1.3,1.29,1.3,1.3,1.31,1.3,1.28,1.29,1.29,1.3,1.3,1.28,1.28,1.29,1.3,1.3,1.29,1.29,1.31,1.31,1.32,1.31,1.29,1.29,1.3,1.31,1.31,1.3,1.3,1.3,1.31,1.31,1.31,1.3,1.3,1.31,1.32,1.32
0,0.01,0.04,0.07,0.12,0.15,0.18,0.2,0.25,0.29,0.31,0.34,0.35,0.39,0.41,0.42,0.45,0.46,0.47,0.49,0.51,0.54,0.55,0.55,0.56,0.58,0.6,0.62,0.62,0.62,0.64,0.65,0.67,0.68,0.68,0.7,0.72,0.74,0.74,0.73,0.73,0.75,0.75,0.77,0.78,0.78,0.79,0.8,0.82,0.83,0.83,0.84,0.85,0.86,0.87,0.87,0.87,0.87,0.89,0.89,0.9,0.89,0.9,0.91,0.92,0.93,0.93,0.92,0.93,0.94,0.95,0.96,0.96,0.96,0.98,0.99,1,1,0.99,1,1.01,1.01,1.02,1.01,1.01,1.02,1.03,1.03,1.03,1.03,1.04,1.05,1.06,1.07,1.06,1.07,1.08,1.08,1.09,1.08,1.07,1.08,1.09,1.1,1.11,1.1,1.1,1.11,1.11,1.12,1.12,1.12,1.13,1.14,1.15,1.15,1.13,1.13,1.14,1.15,1.17,1.17,1.16,1.16,1.16,1.17,1.18,1.17,1.18,1.19,1.19,1.2,1.2,1.19,1.2,1.2,1.21,1.21,1.2,1.21,1.22,1.23,1.23,1.22,1.22,1.23,1.23,1.24,1.25,1.24,1.24,1.24,1.24,1.25,1.25,1.24,1.25,1.26,1.26,1.26,1.25,1.25,1.26,1.26,1.27,1.28,1.27,1.27,1.27,1.28,1.29,1.28,1.28,1.28,1.29,1.29,1.29,1.29,1.29,1.29,1.29,1.3,1.3,1.3,1.31,1.3,1.31,1.31,1.31,1.31,1.31,1.32,1.33,1.32,1.31,1.32,1.33,1.34,1.33,1.32,1.33,1.34,1.35,1.35,1.33,1.33,1.34,1.34,1.36,1.35,1.34,1.35,1.36,1.36,1.36,1.35,1.35,1.36,1.36,1.36,1.36,1.35,1.36,1.36,1.37,1.37,1.37,1.37,1.37,1.37,1.39,1.38,1.37,1.38,1.38,1.4,1.4,1.39,1.39,1.4,1.4,1.4,1.39,1.38,1.39,1.4,1.4,1.4,1.39,1.4,1.41,1.41,1.41,1.4,1.39,1.4,1.41,1.41,1.41,1.4,1.4,1.41,1.4,1.41,1.4,1.4,1.4,1.4,1.41,1.41,1.4,1.39,1.41,1.41,1.42,1.4,1.4,1.41,1.41,1.41,1.42,1.41,1.41,1.41,1.41,1.42,1.41,1.4,1.41,1.42,1.42,1.42,1.41,1.41,1.41,1.41,1.42,1.42,1.41,1.41,1.42,1.42
0,0.01,0.01,0.05,0.13,0.17,0.24,0.26,0.28,0.34,0.38,0.43,0.45,0.47,0.51,0.54,0.58,0.62,0.64,0.66,0.69,0.72,0.74,0.75,0.76,0.78,0.81,0.83,0.86,0.86,0.86,0.89,0.91,0.95,0.95,0.95,0.97,0.99,1.01,1.03,1.03,1.04,1.05,1.06,1.08,1.1,1.09,1.1,1.12,1.14,1.16,1.16,1.15,1.17,1.19,1.21,1.21,1.2,1.21,1.24,1.26,1.27,1.26,1.25,1.27,1.29,1.3,1.31,1.3,1.31,1.33,1.34,1.35,1.35,1.35,1.37,1.37,1.38,1.39,1.38,1.39,1.41,1.42,1.43,1.43,1.42,1.43,1.45,1.46,1.46,1.45,1.46,1.47,1.49,1.5,1.49,1.49,1.5,1.51,1.51,1.52,1.51,1.52,1.53,1.54,1.55,1.55,1.54,1.56,1.56,1.57,1.57,1.56,1.57,1.58,1.59,1.6,1.59,1.59,1.6,1.61,1.62,1.62,1.61,1.62,1.63,1.63,1.64,1.64,1.63,1.64,1.65,1.66,1.66,1.65,1.66,1.67,1.68,1.69,1.67,1.68,1.69,1.69,1.7,1.71,1.69,1.69,1.71,1.72,1.73,1.72,1.71,1.72,1.73,1.74,1.74,1.73,1.73,1.74,1.75,1.76,1.74,1.74,1.76,1.76,1.77,1.77,1.76,1.76,1.78,1.78,1.79,1.77,1.77,1.79,1.79,1.81,1.81,1.79,1.8,1.81,1.81,1.83,1.82,1.8,1.81,1.82,1.83,1.83,1.82,1.82,1.84,1.85,1.85,1.84,1.83,1.84,1.85,1.86,1.86,1.85,1.85,1.86,1.87,1.88,1.87,1.85,1.87,1.88,1.89,1.9,1.88,1.88,1.89,1.9,1.91,1.89,1.89,1.9,1.9,1.91,1.91,1.9,1.9,1.91,1.92,1.93,1.92,1.91,1.92,1.93,1.94,1.93,1.92,1.93,1.94,1.94,1.95,1.94,1.93,1.95,1.95,1.96,1.96,1.94,1.95,1.96,1.96,1.97,1.96,1.95,1.96,1.97,1.97,1.97,1.96,1.96,1.97,1.98,1.98,1.97,1.96,1.97,1.97,1.97,1.98,1.96,1.97,1.97,1.97,1.99,1.97,1.96,1.98,1.98,1.98,1.99,1.96,1.97,1.98,1.98,1.99,1.98,1.97,1.98,1.98,1.99,1.99,1.97,1.98,1.99,1.99,2,1.99,1.98,1.99,1.99,2,2,1.98,1.99,2
0,0.03,0.09,0.15,0.24,0.29,0.34,0.39,0.44,0.51,0.54,0.57,0.6,0.64,0.7,0.73,0.77,0.77,0.79,0.84,0.86,0.91,0.93,0.94,0.97,1,1.04,1.06,1.06,1.08,1.11,1.14,1.16,1.17,1.18,1.2,1.22,1.24,1.27,1.26,1.27,1.3,1.31,1.36,1.35,1.35,1.38,1.39,1.43,1.44,1.43,1.44,1.46,1.48,1.5,1.5,1.49,1.51,1.53,1.55,1.56,1.55,1.55,1.58,1.59,1.62,1.61,1.6,1.63,1.65,1.66,1.67,1.66,1.67,1.69,1.7,1.71,1.71,1.7,1.71,1.74,1.75,1.76,1.75,1.75,1.77,1.79,1.8,1.79,1.79,1.82,1.83,1.83,1.85,1.83,1.84,1.85,1.87,1.89,1.88,1.87,1.88,1.9,1.91,1.92,1.91,1.91,1.93,1.94,1.95,1.95,1.93,1.95,1.96,1.97,1.98,1.97,1.97,1.99,2,2.01,2,1.99,2.01,2.02,2.03,2.04,2.02,2.03,2.04,2.06,2.06,2.06,2.05,2.07,2.08,2.08,2.1,2.08,2.09,2.09,2.1,2.12,2.11,2.1,2.11,2.12,2.14,2.14,2.12,2.12,2.14,2.15,2.16,2.15,2.14,2.15,2.17,2.17,2.18,2.16,2.16,2.19,2.19,2.2,2.19,2.18,2.19,2.2,2.22,2.23,2.21,2.21,2.23,2.24,2.25,2.23,2.23,2.24,2.25,2.26,2.27,2.25,2.25,2.26,2.28,2.29,2.28,2.27,2.28,2.29,2.3,2.3,2.29,2.29,2.3,2.31,2.32,2.32,2.31,2.32,2.33,2.34,2.34,2.32,2.32,2.34,2.35,2.36,2.34,2.33,2.35,2.36,2.37,2.37,2.36,2.36,2.37,2.38,2.39,2.37,2.36,2.37,2.39,2.4,2.4,2.38,2.38,2.39,2.4,2.41,2.4,2.39,2.41,2.41,2.42,2.43,2.41,2.42,2.42,2.43,2.44,2.44,2.42,2.43,2.44,2.45,2.46,2.43,2.43,2.45,2.46,2.46,2.45,2.44,2.45,2.46,2.46,2.47,2.44,2.45,2.46,2.46,2.47,2.46,2.44,2.46,2.46,2.47,2.48,2.45,2.45,2.46,2.47,2.48,2.46,2.45,2.46,2.47,2.48,2.48,2.46,2.47,2.48,2.48,2.49,2.48,2.46,2.48,2.48,2.5,2.5,2.47,2.47,2.48,2.5,2.5,2.49,2.48,2.49,2.5,2.5
0,0.01,0.06,0.17,0.24,0.31,0.39,0.43,0.53,0.58,0.67,0.71,0.74,0.79,0.85,0.92,0.97,1,1.01,1.05,1.12,1.16,1.2,1.2,1.22,1.28,1.31,1.35,1.36,1.37,1.42,1.44,1.48,1.51,1.5,1.53,1.56,1.58,1.62,1.63,1.63,1.65,1.69,1.71,1.74,1.73,1.75,1.79,1.81,1.83,1.83,1.83,1.86,1.88,1.9,1.92,1.92,1.93,1.95,1.97,2,2,1.99,2.02,2.03,2.07,2.08,2.06,2.07,2.09,2.12,2.15,2.14,2.13,2.15,2.18,2.19,2.21,2.2,2.2,2.23,2.24,2.27,2.26,2.25,2.28,2.29,2.32,2.33,2.31,2.31,2.33,2.35,2.37,2.37,2.35,2.37,2.39,2.4,2.42,2.4,2.41,2.43,2.44,2.46,2.45,2.44,2.46,2.47,2.5,2.51,2.49,2.49,2.51,2.53,2.54,2.54,2.52,2.54,2.56,2.57,2.59,2.56,2.56,2.59,2.6,2.62,2.62,2.6,2.62,2.64,2.64,2.66,2.64,2.64,2.66,2.67,2.69,2.69,2.67,2.69,2.7,2.71,2.73,2.7,2.7,2.72,2.74,2.75,2.74,2.73,2.74,2.76,2.77,2.78,2.77,2.76,2.78,2.79,2.81,2.8,2.79,2.8,2.81,2.83,2.84,2.81,2.82,2.83,2.85,2.86,2.85,2.84,2.85,2.87,2.88,2.88,2.86,2.86,2.88,2.89,2.91,2.9,2.88,2.9,2.91,2.93,2.93,2.9,2.91,2.92,2.94,2.95,2.93,2.92,2.93,2.95,2.96,2.98,2.95,2.95,2.97,2.98,3,2.99,2.97,2.98,2.99,3.01,3.02,3,2.99,3.01,3.01,3.04,3.04,3.01,3.02,3.04,3.05,3.07,3.04,3.03,3.05,3.06,3.08,3.07,3.05,3.06,3.08,3.09,3.1,3.07,3.07,3.09,3.1,3.11,3.11,3.08,3.09,3.11,3.12,3.13,3.1,3.1,3.13,3.14,3.15,3.14,3.12,3.13,3.14,3.15,3.16,3.14,3.14,3.15,3.15,3.17,3.16,3.13,3.14,3.16,3.17,3.17,3.14,3.14,3.15,3.16,3.17,3.16,3.14,3.15,3.16,3.17,3.17,3.15,3.15,3.17,3.17,3.18,3.17,3.15,3.16,3.17,3.18,3.19,3.16,3.15,3.17,3.18,3.2,3.18,3.17,3.18,3.19,3.2,3.21,3.18,3.18,3.2,3.21
0,0.01,0.03,0.06,0.08,0.09,0.11,0.12,0.13,0.14,0.16,0.16,0.18,0.19,0.21,0.22,0.22,0.23,0.24,0.25,0.27,0.27,0.27,0.27,0.28,0.3,0.31,0.31,0.32,0.33,0.34,0.35,0.35,0.35,0.35,0.35,0.36,0.37,0.37,0.38,0.38,0.39,0.41,0.41,0.41,0.41,0.42,0.42,0.42,0.42,0.42,0.43,0.44,0.45,0.45,0.45,0.45,0.46,0.47,0.47,0.47,0.47,0.47,0.47,0.48,0.48,0.47,0.48,0.48,0.49,0.49,0.49,0.49,0.49,0.5,0.51,0.51,0.51,0.51,0.51,0.52,0.52,0.51,0.51,0.52,0.53,0.53,0.53,0.53,0.52,0.53,0.54,0.54,0.54,0.54,0.54,0.54,0.54,0.54,0.53,0.53,0.53,0.53,0.54,0.54,0.54,0.54,0.55,0.55,0.54,0.54,0.55,0.55,0.56,0.56,0.56,0.56,0.57,0.58,0.58,0.58,0.58,0.58,0.58,0.58,0.58,0.58,0.58,0.59,0.59,0.6,0.59,0.58,0.58,0.58,0.58,0.59,0.58,0.58,0.58,0.59,0.6,0.61,0.61,0.61,0.61,0.62,0.62,0.62,0.62,0.62,0.63,0.63,0.62,0.61,0.61,0.6,0.61,0.61,0.62,0.62,0.62,0.63,0.64,0.63,0.62,0.63,0.63,0.63,0.64,0.63,0.63,0.64,0.64,0.63,0.62,0.61,0.61,0.62,0.63,0.64,0.64,0.64,0.65,0.65,0.66,0.65,0.65,0.65,0.65,0.65,0.66,0.65,0.65,0.65,0.65,0.65,0.65,0.64,0.64,0.64,0.64,0.65,0.64,0.64,0.65,0.65,0.66,0.66,0.66,0.66,0.67,0.67,0.67,0.66,0.65,0.66,0.66,0.67,0.66,0.66,0.66,0.66,0.67,0.67,0.67,0.67,0.68,0.68,0.68,0.68,0.67,0.66,0.67,0.67,0.67,0.67,0.67,0.68,0.69,0.69,0.69,0.68,0.68,0.68,0.68,0.68,0.69,0.68,0.69,0.69,0.69,0.68,0.68,0.68,0.68,0.69,0.69,0.68,0.69,0.69,0.69,0.69,0.69,0.68,0.69,0.69,0.68,0.68,0.68,0.68,0.68,0.69,0.69,0.69,0.68,0.68,0.68,0.68,0.69,0.69,0.69,0.7,0.7,0.7,0.69,0.68,0.68,0.69,0.69,0.69,0.69,0.69,0.69,0.69,0.68,0.68,0.68,0.69,0.7,0.7,0.7
0,0.01,0.02,0.05,0.07,0.09,0.11,0.13,0.16,0.17,0.19,0.21,0.22,0.24,0.25,0.26,0.27,0.27,0.29,0.3,0.31,0.33,0.34,0.34,0.35,0.36,0.37,0.38,0.39,0.39,0.39,0.41,0.42,0.43,0.42,0.42,0.42,0.43,0.45,0.45,0.46,0.47,0.48,0.49,0.49,0.49,0.5,0.51,0.52,0.52,0.52,0.52,0.53,0.53,0.54,0.54,0.54,0.54,0.55,0.56,0.57,0.57,0.57,0.58,0.58,0.59,0.59,0.59,0.59,0.6,0.6,0.61,0.61,0.6,0.61,0.62,0.63,0.63,0.63,0.63,0.63,0.63,0.64,0.64,0.65,0.66,0.66,0.67,0.67,0.67,0.66,0.66,0.67,0.67,0.67,0.67,0.67,0.68,0.68,0.69,0.68,0.69,0.69,0.7,0.7,0.7,0.7,0.7,0.7,0.71,0.71,0.7,0.71,0.72,0.72,0.73,0.72,0.72,0.73,0.73,0.73,0.74,0.74,0.74,0.74,0.74,0.75,0.74,0.74,0.75,0.75,0.76,0.76,0.75,0.75,0.75,0.76,0.76,0.76,0.76,0.77,0.77,0.77,0.78,0.77,0.77,0.77,0.78,0.78,0.78,0.78,0.79,0.79,0.79,0.79,0.79,0.79,0.79,0.8,0.8,0.8,0.8,0.8,0.8,0.8,0.8,0.8,0.8,0.81,0.81,0.81,0.81,0.81,0.81,0.81,0.82,0.82,0.82,0.82,0.82,0.83,0.83,0.82,0.82,0.82,0.83,0.83,0.83,0.83,0.83,0.83,0.83,0.84,0.83,0.83,0.84,0.84,0.85,0.85,0.84,0.84,0.85,0.85,0.85,0.85,0.84,0.85,0.85,0.86,0.86,0.85,0.85,0.86,0.86,0.86,0.86,0.85,0.86,0.86,0.87,0.87,0.86,0.87,0.87,0.87,0.88,0.87,0.87,0.87,0.87,0.88,0.88,0.87,0.87,0.88,0.88,0.88,0.88,0.88,0.88,0.88,0.88,0.88,0.88,0.88,0.89,0.89,0.89,0.89,0.88,0.88,0.89,0.89,0.89,0.89,0.89,0.89,0.89,0.9,0.89,0.89,0.89,0.9,0.9,0.9,0.89,0.89,0.89,0.89,0.9,0.89,0.89,0.9,0.9,0.9,0.9,0.9,0.9,0.9,0.9,0.9,0.89,0.89,0.9,0.9,0.9,0.91,0.9,0.9,0.9,0.91,0.91,0.9,0.9,0.9,0.9,0.91,0.91,0.9,0.9,0.91,0.91
0,0.01,0.01,0.02,0.07,0.1,0.13,0.16,0.18,0.21,0.24,0.26,0.3,0.31,0.34,0.36,0.39,0.44,0.45,0.47,0.48,0.5,0.52,0.54,0.55,0.57,0.59,0.61,0.63,0.64,0.64,0.65,0.67,0.68,0.69,0.7,0.71,0.73,0.74,0.76,0.77,0.77,0.78,0.79,0.81,0.82,0.82,0.83,0.84,0.85,0.86,0.86,0.85,0.86,0.88,0.89,0.9,0.89,0.89,0.92,0.93,0.95,0.95,0.95,0.96,0.97,0.98,0.98,0.98,0.98,0.99,0.99,1,1.01,1.01,1.02,1.03,1.04,1.05,1.04,1.04,1.06,1.06,1.08,1.08,1.07,1.08,1.08,1.08,1.08,1.08,1.07,1.08,1.09,1.11,1.11,1.11,1.12,1.12,1.12,1.13,1.12,1.13,1.13,1.13,1.14,1.14,1.15,1.16,1.16,1.16,1.16,1.16,1.16,1.17,1.17,1.18,1.18,1.17,1.18,1.19,1.2,1.2,1.19,1.19,1.21,1.21,1.22,1.22,1.21,1.21,1.22,1.23,1.24,1.23,1.23,1.23,1.24,1.25,1.25,1.24,1.24,1.24,1.25,1.26,1.26,1.26,1.27,1.27,1.27,1.27,1.27,1.27,1.27,1.27,1.28,1.28,1.28,1.28,1.28,1.3,1.29,1.29,1.3,1.3,1.3,1.3,1.3,1.3,1.31,1.31,1.32,1.32,1.32,1.32,1.31,1.33,1.34,1.33,1.33,1.34,1.35,1.35,1.34,1.35,1.35,1.35,1.36,1.36,1.36,1.35,1.35,1.37,1.37,1.37,1.36,1.36,1.36,1.37,1.38,1.37,1.37,1.37,1.37,1.39,1.38,1.37,1.38,1.39,1.39,1.39,1.39,1.39,1.39,1.4,1.4,1.4,1.4,1.4,1.4,1.41,1.42,1.41,1.4,1.41,1.41,1.41,1.41,1.41,1.41,1.42,1.43,1.43,1.42,1.41,1.42,1.42,1.42,1.42,1.42,1.43,1.43,1.44,1.44,1.43,1.44,1.44,1.44,1.45,1.45,1.44,1.44,1.45,1.45,1.46,1.45,1.44,1.45,1.46,1.45,1.45,1.45,1.45,1.45,1.45,1.45,1.44,1.44,1.45,1.45,1.45,1.45,1.45,1.45,1.45,1.45,1.46,1.44,1.45,1.46,1.46,1.46,1.46,1.45,1.45,1.46,1.46,1.47,1.45,1.45,1.46,1.46,1.47,1.46,1.45,1.46,1.46,1.47,1.46,1.45,1.46,1.47
0,0.02,0.06,0.12,0.17,0.21,0.25,0.29,0.34,0.38,0.43,0.45,0.47,0.51,0.54,0.58,0.59,0.6,0.62,0.65,0.68,0.71,0.71,0.72,0.74,0.77,0.79,0.81,0.81,0.82,0.84,0.85,0.87,0.87,0.88,0.9,0.92,0.94,0.95,0.94,0.96,0.97,0.99,1.01,1.01,1.01,1.03,1.04,1.06,1.07,1.06,1.07,1.09,1.09,1.11,1.11,1.12,1.13,1.14,1.15,1.15,1.15,1.16,1.18,1.19,1.19,1.19,1.19,1.2,1.21,1.22,1.23,1.22,1.23,1.24,1.25,1.26,1.26,1.26,1.26,1.28,1.29,1.29,1.28,1.29,1.31,1.31,1.31,1.31,1.32,1.33,1.33,1.34,1.34,1.34,1.35,1.36,1.36,1.37,1.37,1.37,1.38,1.38,1.38,1.39,1.39,1.4,1.41,1.41,1.43,1.42,1.41,1.43,1.44,1.45,1.45,1.44,1.45,1.46,1.47,1.47,1.46,1.46,1.47,1.49,1.49,1.49,1.48,1.48,1.49,1.5,1.5,1.5,1.5,1.5,1.51,1.52,1.53,1.51,1.51,1.52,1.52,1.53,1.54,1.53,1.53,1.54,1.55,1.56,1.54,1.55,1.55,1.55,1.56,1.56,1.56,1.57,1.57,1.58,1.59,1.58,1.58,1.58,1.59,1.59,1.59,1.59,1.6,1.59,1.6,1.61,1.6,1.6,1.61,1.61,1.61,1.61,1.61,1.62,1.62,1.63,1.63,1.62,1.62,1.62,1.63,1.64,1.64,1.63,1.64,1.64,1.65,1.65,1.64,1.65,1.65,1.66,1.67,1.66,1.65,1.67,1.67,1.68,1.67,1.66,1.67,1.67,1.67,1.68,1.68,1.67,1.68,1.69,1.69,1.69,1.69,1.69,1.69,1.7,1.71,1.69,1.7,1.7,1.7,1.71,1.71,1.7,1.71,1.71,1.72,1.73,1.72,1.71,1.72,1.72,1.73,1.73,1.72,1.72,1.73,1.74,1.74,1.73,1.72,1.73,1.74,1.75,1.74,1.74,1.74,1.75,1.75,1.76,1.75,1.74,1.75,1.75,1.76,1.75,1.74,1.74,1.75,1.76,1.76,1.74,1.74,1.75,1.75,1.76,1.75,1.74,1.75,1.75,1.75,1.76,1.75,1.74,1.75,1.76,1.76,1.76,1.75,1.76,1.76,1.76,1.77,1.76,1.76,1.76,1.76,1.76,1.77,1.76,1.76,1.77,1.77,1.77,1.77,1.76,1.77,1.78,1.78
0,0.01,0.03,0.05,0.07,0.09,0.1,0.11,0.12,0.14,0.15,0.16,0.17,0.19,0.2,0.2,0.2,0.21,0.21,0.23,0.24,0.24,0.25,0.25,0.26,0.26,0.27,0.27,0.27,0.28,0.28,0.28,0.28,0.28,0.29,0.3,0.31,0.31,0.32,0.31,0.31,0.32,0.32,0.32,0.32,0.32,0.33,0.34,0.34,0.34,0.34,0.35,0.35,0.34,0.35,0.35,0.35,0.36,0.36,0.36,0.36,0.35,0.35,0.36,0.37,0.37,0.36,0.36,0.37,0.37,0.37,0.38,0.37,0.38,0.39,0.39,0.38,0.38,0.38,0.39,0.39,0.39,0.39,0.39,0.39,0.4,0.41,0.42,0.42,0.42,0.42,0.41,0.41,0.4,0.4,0.41,0.42,0.43,0.43,0.43,0.43,0.43,0.44,0.43,0.43,0.43,0.43,0.42,0.42,0.42,0.43,0.43,0.43,0.43,0.43,0.43,0.43,0.43,0.43,0.44,0.44,0.44,0.44,0.44,0.45,0.45,0.45,0.45,0.45,0.45,0.46,0.46,0.45,0.45,0.45,0.45,0.46,0.46,0.46,0.46,0.47,0.47,0.47,0.46,0.46,0.46,0.47,0.47,0.47,0.45,0.45,0.45,0.45,0.46,0.45,0.45,0.45,0.45,0.46,0.46,0.45,0.45,0.45,0.46,0.47,0.46,0.47,0.48,0.48,0.48,0.48,0.48,0.48,0.48,0.48,0.49,0.48,0.48,0.48,0.48,0.49,0.49,0.48,0.49,0.49,0.49,0.49,0.48,0.47,0.47,0.47,0.48,0.48,0.47,0.47,0.47,0.48,0.48,0.48,0.47,0.48,0.48,0.48,0.47,0.47,0.47,0.48,0.48,0.48,0.48,0.47,0.48,0.48,0.48,0.48,0.48,0.49,0.5,0.5,0.5,0.49,0.49,0.5,0.5,0.5,0.49,0.49,0.5,0.5,0.5,0.5,0.49,0.49,0.49,0.49,0.49,0.49,0.49,0.49,0.5,0.51,0.51,0.51,0.51,0.51,0.51,0.51,0.51,0.51,0.51,0.51,0.52,0.52,0.51,0.51,0.51,0.51,0.51,0.51,0.5,0.5,0.49,0.49,0.49,0.49,0.48,0.49,0.49,0.49,0.48,0.48,0.49,0.49,0.49,0.49,0.48,0.48,0.48,0.48,0.49,0.49,0.48,0.48,0.49,0.49,0.49,0.49,0.5,0.51,0.5,0.5,0.5,0.5,0.5,0.5,0.5,0.5,0.5,0.49,0.5,0.5,0.52
0,0.01,0.01,0.02,0.03,0.05,0.09,0.1,0.11,0.12,0.13,0.16,0.18,0.2,0.21,0.22,0.22,0.24,0.25,0.25,0.26,0.28,0.29,0.3,0.3,0.3,0.31,0.32,0.33,0.34,0.34,0.34,0.35,0.36,0.37,0.37,0.37,0.38,0.37,0.38,0.4,0.4,0.41,0.42,0.42,0.43,0.43,0.42,0.42,0.43,0.44,0.45,0.45,0.46,0.46,0.47,0.48,0.48,0.47,0.48,0.48,0.49,0.49,0.48,0.48,0.48,0.49,0.49,0.49,0.49,0.49,0.49,0.5,0.5,0.5,0.5,0.5,0.51,0.51,0.51,0.51,0.52,0.52,0.53,0.53,0.52,0.52,0.53,0.53,0.54,0.53,0.53,0.53,0.54,0.54,0.54,0.53,0.54,0.55,0.56,0.56,0.56,0.56,0.57,0.57,0.57,0.56,0.56,0.56,0.57,0.58,0.58,0.58,0.58,0.58,0.59,0.59,0.59,0.59,0.58,0.58,0.58,0.59,0.59,0.58,0.58,0.58,0.59,0.6,0.6,0.6,0.61,0.61,0.62,0.61,0.61,0.61,0.62,0.62,0.62,0.62,0.62,0.62,0.62,0.61,0.61,0.61,0.62,0.62,0.62,0.63,0.62,0.62,0.63,0.63,0.63,0.63,0.63,0.63,0.64,0.64,0.64,0.63,0.63,0.63,0.64,0.64,0.64,0.64,0.64,0.64,0.65,0.65,0.65,0.65,0.65,0.65,0.65,0.64,0.64,0.65,0.65,0.65,0.65,0.64,0.64,0.64,0.65,0.66,0.65,0.65,0.66,0.66,0.66,0.67,0.66,0.66,0.67,0.67,0.68,0.67,0.67,0.67,0.67,0.67,0.67,0.67,0.67,0.67,0.67,0.67,0.67,0.66,0.66,0.66,0.67,0.67,0.66,0.67,0.67,0.68,0.68,0.68,0.67,0.67,0.66,0.67,0.67,0.66,0.67,0.68,0.69,0.69,0.68,0.68,0.68,0.68,0.69,0.69,0.68,0.69,0.69,0.69,0.7,0.69,0.69,0.69,0.68,0.68,0.69,0.68,0.69,0.7,0.7,0.7,0.7,0.7,0.7,0.69,0.69,0.69,0.68,0.68,0.68,0.68,0.68,0.68,0.68,0.68,0.68,0.69,0.69,0.69,0.69,0.69,0.69,0.69,0.69,0.69,0.69,0.7,0.7,0.7,0.69,0.69,0.7,0.7,0.7,0.69,0.7,0.7,0.7,0.7,0.7,0.69,0.69,0.69,0.7,0.7,0.7,0.69,0.7
0,0.03,0.07,0.1,0.13,0.17,0.19,0.21,0.24,0.27,0.31,0.32,0.34,0.38,0.4,0.43,0.44,0.45,0.47,0.48,0.5,0.52,0.52,0.55,0.57,0.59,0.6,0.6,0.6,0.62,0.64,0.65,0.66,0.66,0.67,0.68,0.7,0.71,0.72,0.72,0.73,0.74,0.76,0.77,0.77,0.78,0.79,0.8,0.8,0.81,0.82,0.83,0.84,0.85,0.85,0.84,0.85,0.87,0.88,0.89,0.89,0.89,0.9,0.9,0.92,0.93,0.93,0.93,0.94,0.94,0.95,0.95,0.95,0.96,0.97,0.98,0.99,0.98,0.99,1,1,1.01,1.01,1,1.01,1.01,1.02,1.03,1.03,1.04,1.05,1.06,1.06,1.05,1.04,1.05,1.06,1.07,1.08,1.07,1.08,1.08,1.08,1.08,1.09,1.09,1.1,1.11,1.11,1.11,1.11,1.11,1.12,1.13,1.15,1.14,1.14,1.15,1.14,1.14,1.14,1.13,1.14,1.15,1.17,1.18,1.17,1.17,1.18,1.18,1.18,1.18,1.17,1.17,1.19,1.2,1.21,1.21,1.2,1.2,1.2,1.2,1.2,1.19,1.2,1.21,1.22,1.23,1.21,1.21,1.22,1.23,1.23,1.23,1.23,1.23,1.24,1.24,1.25,1.24,1.24,1.24,1.25,1.25,1.26,1.25,1.25,1.25,1.26,1.27,1.27,1.27,1.28,1.29,1.3,1.31,1.3,1.3,1.31,1.31,1.32,1.31,1.31,1.32,1.32,1.33,1.33,1.32,1.32,1.33,1.33,1.34,1.33,1.33,1.33,1.33,1.33,1.34,1.33,1.33,1.34,1.34,1.35,1.34,1.34,1.35,1.35,1.35,1.35,1.35,1.35,1.36,1.36,1.36,1.35,1.35,1.36,1.37,1.37,1.37,1.36,1.36,1.37,1.37,1.38,1.37,1.36,1.37,1.38,1.39,1.39,1.38,1.39,1.39,1.39,1.4,1.39,1.38,1.38,1.39,1.4,1.41,1.4,1.4,1.4,1.4,1.41,1.41,1.4,1.41,1.41,1.41,1.41,1.41,1.41,1.41,1.41,1.41,1.41,1.4,1.41,1.42,1.42,1.41,1.4,1.41,1.42,1.42,1.43,1.42,1.41,1.42,1.42,1.42,1.42,1.41,1.41,1.42,1.42,1.42,1.42,1.41,1.41,1.42,1.44,1.44,1.43,1.43,1.43,1.43,1.44,1.43,1.43,1.43,1.43,1.43,1.43,1.42,1.43,1.43,1.43,1.44
0,0.01,0.01,0.01,0.02,0.03,0.05,0.05,0.06,0.06,0.07,0.08,0.08,0.09,0.09,0.09,0.1,0.1,0.1,0.11,0.12,0.12,0.12,0.12,0.13,0.13,0.13,0.14,0.14,0.15,0.15,0.16,0.16,0.15,0.16,0.16,0.16,0.17,0.17,0.17,0.17,0.18,0.18,0.19,0.19,0.18,0.18,0.18,0.2,0.2,0.21,0.21,0.2,0.21,0.21,0.22,0.21,0.21,0.2,0.21,0.21,0.22,0.22,0.23,0.23,0.23,0.23,0.22,0.22,0.22,0.23,0.24,0.23,0.23,0.23,0.24,0.24,0.25,0.25,0.25,0.24,0.24,0.24,0.25,0.25,0.26,0.26,0.26,0.25,0.25,0.25,0.26,0.26,0.27,0.27,0.26,0.25,0.25,0.26,0.27,0.27,0.26,0.26,0.26,0.26,0.27,0.27,0.27,0.27,0.27,0.27,0.27,0.28,0.28,0.28,0.27,0.27,0.28,0.28,0.28,0.29,0.29,0.28,0.27,0.28,0.29,0.29,0.28,0.28,0.28,0.29,0.29,0.3,0.29,0.28,0.28,0.29,0.3,0.3,0.3,0.3,0.3,0.3,0.29,0.29,0.29,0.3,0.3,0.3,0.3,0.3,0.3,0.3,0.3,0.31,0.3,0.3,0.3,0.3,0.31,0.31,0.31,0.3,0.3,0.31,0.32,0.32,0.31,0.31,0.31,0.31,0.31,0.32,0.32,0.31,0.31,0.31,0.31,0.31,0.32,0.32,0.31,0.31,0.31,0.32,0.32,0.32,0.32,0.31,0.31,0.32,0.33,0.33,0.32,0.31,0.31,0.32,0.32,0.33,0.33,0.33,0.34,0.34,0.33,0.33,0.32,0.33,0.33,0.33,0.33,0.33,0.33,0.33,0.32,0.33,0.33,0.33,0.34,0.33,0.33,0.33,0.33,0.33,0.34,0.34,0.34,0.35,0.35,0.34,0.34,0.33,0.34,0.34,0.34,0.35,0.34,0.34,0.33,0.33,0.34,0.35,0.35,0.35,0.33,0.34,0.34,0.34,0.34,0.34,0.34,0.35,0.34,0.34,0.33,0.33,0.34,0.33,0.33,0.34,0.35,0.35,0.35,0.35,0.34,0.34,0.35,0.35,0.35,0.35,0.34,0.35,0.35,0.35,0.34,0.34,0.34,0.34,0.35,0.35,0.34,0.34,0.35,0.35,0.35,0.35,0.35,0.35,0.35,0.35,0.35,0.34,0.34,0.34,0.35,0.35,0.35,0.35,0.34,0.34,0.34,0.35,0.35
0,0.01,0.01,0.01,0.02,0.03,0.04,0.05,0.05,0.06,0.07,0.07,0.08,0.08,0.09,0.09,0.1,0.1,0.1,0.11,0.11,0.12,0.11,0.11,0.12,0.12,0.13,0.14,0.14,0.13,0.13,0.13,0.14,0.15,0.16,0.16,0.16,0.15,0.16,0.16,0.17,0.17,0.18,0.18,0.18,0.18,0.19,0.19,0.18,0.18,0.18,0.18,0.19,0.19,0.2,0.2,0.2,0.2,0.19,0.2,0.21,0.21,0.21,0.21,0.21,0.21,0.21,0.22,0.21,0.21,0.21,0.22,0.22,0.22,0.22,0.22,0.21,0.22,0.22,0.23,0.24,0.23,0.23,0.23,0.23,0.24,0.24,0.24,0.24,0.24,0.24,0.25,0.24,0.24,0.24,0.23,0.24,0.24,0.24,0.25,0.25,0.25,0.25,0.24,0.25,0.25,0.25,0.25,0.24,0.24,0.24,0.25,0.25,0.26,0.25,0.25,0.25,0.25,0.26,0.27,0.27,0.27,0.27,0.26,0.26,0.26,0.27,0.27,0.28,0.27,0.27,0.26,0.26,0.27,0.27,0.28,0.26,0.26,0.26,0.27,0.28,0.28,0.28,0.27,0.27,0.27,0.28,0.28,0.28,0.27,0.27,0.28,0.28,0.28,0.29,0.28,0.28,0.28,0.29,0.29,0.29,0.28,0.28,0.28,0.28,0.29,0.3,0.3,0.29,0.29,0.29,0.29,0.29,0.3,0.3,0.29,0.29,0.29,0.29,0.29,0.29,0.3,0.3,0.3,0.3,0.29,0.29,0.29,0.3,0.3,0.3,0.29,0.29,0.3,0.3,0.31,0.3,0.3,0.3,0.31,0.31,0.3,0.3,0.3,0.3,0.31,0.31,0.31,0.3,0.3,0.3,0.31,0.31,0.31,0.3,0.3,0.3,0.31,0.31,0.3,0.31,0.31,0.32,0.32,0.31,0.31,0.31,0.31,0.32,0.31,0.31,0.31,0.31,0.31,0.32,0.31,0.31,0.31,0.31,0.31,0.32,0.32,0.31,0.31,0.32,0.32,0.32,0.32,0.31,0.31,0.32,0.32,0.31,0.31,0.31,0.31,0.32,0.32,0.33,0.32,0.32,0.32,0.32,0.32,0.33,0.32,0.32,0.32,0.32,0.32,0.32,0.32,0.31,0.31,0.31,0.32,0.33,0.33,0.32,0.31,0.31,0.32,0.33,0.33,0.32,0.32,0.32,0.32,0.32,0.33,0.32,0.32,0.32,0.32,0.33,0.32,0.32,0.32,0.33,0.33,0.33,0.33
0,0.01,0.02,0.03,0.05,0.07,0.07,0.08,0.09,0.09,0.12,0.13,0.13,0.15,0.16,0.17,0.17,0.17,0.18,0.19,0.2,0.21,0.21,0.21,0.21,0.23,0.23,0.24,0.25,0.24,0.25,0.25,0.25,0.26,0.27,0.27,0.28,0.28,0.28,0.27,0.27,0.27,0.28,0.3,0.31,0.3,0.3,0.3,0.31,0.31,0.32,0.32,0.32,0.32,0.32,0.32,0.32,0.32,0.33,0.34,0.35,0.34,0.34,0.34,0.34,0.35,0.36,0.36,0.36,0.36,0.36,0.36,0.36,0.36,0.36,0.37,0.37,0.38,0.38,0.38,0.38,0.38,0.38,0.38,0.38,0.39,0.39,0.39,0.39,0.4,0.4,0.4,0.41,0.41,0.39,0.39,0.39,0.4,0.4,0.41,0.41,0.41,0.4,0.4,0.41,0.41,0.41,0.41,0.41,0.42,0.43,0.43,0.43,0.44,0.45,0.45,0.45,0.45,0.45,0.45,0.46,0.46,0.45,0.45,0.44,0.44,0.44,0.44,0.44,0.44,0.44,0.44,0.44,0.44,0.44,0.44,0.45,0.45,0.45,0.45,0.45,0.46,0.46,0.46,0.46,0.46,0.46,0.46,0.47,0.47,0.47,0.48,0.48,0.48,0.48,0.48,0.48,0.49,0.49,0.49,0.49,0.49,0.49,0.49,0.49,0.48,0.48,0.48,0.49,0.49,0.49,0.49,0.49,0.49,0.49,0.5,0.49,0.49,0.48,0.48,0.48,0.48,0.48,0.48,0.48,0.48,0.48,0.49,0.49,0.49,0.5,0.5,0.5,0.5,0.5,0.5,0.5,0.49,0.49,0.48,0.49,0.49,0.49,0.49,0.48,0.48,0.48,0.49,0.49,0.49,0.49,0.49,0.49,0.5,0.51,0.51,0.51,0.51,0.5,0.51,0.51,0.5,0.49,0.49,0.5,0.5,0.5,0.5,0.51,0.51,0.52,0.52,0.51,0.51,0.51,0.51,0.51,0.5,0.49,0.5,0.51,0.51,0.51,0.51,0.52,0.52,0.52,0.53,0.52,0.51,0.51,0.51,0.51,0.51,0.51,0.51,0.51,0.51,0.51,0.5,0.5,0.5,0.5,0.51,0.51,0.5,0.5,0.5,0.51,0.51,0.51,0.51,0.52,0.53,0.53,0.53,0.52,0.52,0.52,0.52,0.51,0.51,0.51,0.51,0.51,0.51,0.51,0.5,0.5,0.51,0.51,0.52,0.51,0.5,0.51,0.51,0.52,0.51,0.51,0.51,0.52,0.53
0,0.01,0.03,0.04,0.05,0.05,0.06,0.07,0.08,0.09,0.09,0.09,0.1,0.12,0.13,0.13,0.13,0.13,0.14,0.15,0.15,0.16,0.16,0.16,0.17,0.17,0.17,0.17,0.18,0.19,0.2,0.2,0.19,0.19,0.2,0.21,0.22,0.22,0.22,0.23,0.22,0.22,0.23,0.23,0.24,0.24,0.24,0.24,0.24,0.24,0.24,0.25,0.26,0.26,0.26,0.26,0.25,0.26,0.26,0.26,0.26,0.27,0.27,0.28,0.27,0.27,0.27,0.27,0.28,0.28,0.28,0.28,0.29,0.29,0.3,0.3,0.29,0.29,0.3,0.3,0.3,0.29,0.29,0.29,0.29,0.3,0.3,0.3,0.31,0.3,0.3,0.3,0.31,0.31,0.32,0.32,0.32,0.31,0.31,0.31,0.32,0.33,0.33,0.32,0.32,0.32,0.33,0.33,0.33,0.33,0.34,0.33,0.33,0.33,0.33,0.33,0.33,0.34,0.35,0.35,0.34,0.34,0.34,0.34,0.34,0.33,0.34,0.35,0.35,0.36,0.36,0.35,0.35,0.35,0.35,0.35,0.35,0.35,0.36,0.36,0.36,0.36,0.36,0.36,0.36,0.36,0.36,0.36,0.36,0.36,0.36,0.36,0.36,0.35,0.36,0.36,0.36,0.37,0.37,0.37,0.37,0.37,0.37,0.38,0.38,0.38,0.38,0.37,0.37,0.37,0.37,0.37,0.38,0.38,0.38,0.38,0.37,0.37,0.38,0.38,0.38,0.38,0.38,0.38,0.38,0.38,0.38,0.38,0.38,0.38,0.38,0.39,0.39,0.39,0.39,0.38,0.39,0.39,0.39,0.39,0.38,0.39,0.39,0.39,0.4,0.41,0.41,0.41,0.4,0.4,0.4,0.4,0.4,0.39,0.39,0.39,0.39,0.39,0.4,0.4,0.41,0.41,0.41,0.4,0.4,0.4,0.4,0.4,0.41,0.41,0.41,0.41,0.41,0.42,0.42,0.42,0.42,0.43,0.43,0.43,0.43,0.43,0.42,0.42,0.42,0.42,0.41,0.41,0.42,0.42,0.42,0.42,0.42,0.42,0.43,0.43,0.43,0.43,0.43,0.43,0.43,0.43,0.43,0.42,0.42,0.41,0.41,0.42,0.42,0.42,0.42,0.43,0.43,0.43,0.42,0.42,0.41,0.41,0.42,0.41,0.42,0.42,0.43,0.43,0.43,0.43,0.43,0.43,0.43,0.43,0.44,0.43,0.43,0.43,0.42,0.42,0.42,0.41,0.41,0.41,0.42,0.44
0,0.01,0.04,0.07,0.12,0.15,0.17,0.19,0.21,0.24,0.27,0.3,0.31,0.33,0.37,0.39,0.41,0.41,0.42,0.44,0.47,0.49,0.5,0.5,0.52,0.53,0.56,0.57,0.57,0.57,0.58,0.59,0.6,0.61,0.61,0.62,0.64,0.66,0.67,0.66,0.66,0.67,0.69,0.71,0.72,0.71,0.72,0.73,0.74,0.75,0.75,0.75,0.76,0.77,0.77,0.77,0.77,0.78,0.8,0.8,0.81,0.81,0.81,0.82,0.83,0.84,0.85,0.84,0.85,0.85,0.87,0.88,0.87,0.87,0.88,0.89,0.9,0.91,0.9,0.9,0.91,0.91,0.92,0.93,0.92,0.93,0.94,0.94,0.94,0.94,0.95,0.95,0.96,0.96,0.95,0.96,0.97,0.98,0.99,0.99,0.98,0.99,1,1,1.01,0.99,0.98,1,1.02,1.02,1.02,1.01,1.01,1.02,1.03,1.04,1.03,1.02,1.03,1.04,1.05,1.06,1.04,1.04,1.05,1.06,1.07,1.06,1.06,1.07,1.07,1.07,1.08,1.08,1.08,1.08,1.08,1.09,1.09,1.09,1.09,1.1,1.1,1.1,1.09,1.09,1.1,1.11,1.12,1.1,1.1,1.11,1.12,1.12,1.11,1.11,1.12,1.13,1.13,1.14,1.13,1.12,1.14,1.14,1.15,1.15,1.14,1.14,1.15,1.16,1.16,1.14,1.14,1.15,1.16,1.16,1.17,1.16,1.16,1.17,1.18,1.19,1.18,1.17,1.18,1.18,1.19,1.19,1.18,1.18,1.18,1.19,1.2,1.2,1.19,1.2,1.2,1.2,1.2,1.2,1.2,1.2,1.21,1.21,1.2,1.19,1.21,1.22,1.22,1.22,1.21,1.21,1.21,1.23,1.24,1.23,1.22,1.23,1.23,1.23,1.24,1.23,1.23,1.24,1.23,1.24,1.23,1.23,1.25,1.25,1.25,1.25,1.23,1.24,1.24,1.25,1.26,1.25,1.24,1.25,1.25,1.27,1.27,1.26,1.26,1.26,1.26,1.28,1.27,1.26,1.27,1.27,1.27,1.28,1.28,1.28,1.28,1.28,1.29,1.28,1.26,1.27,1.27,1.29,1.29,1.28,1.28,1.28,1.27,1.28,1.28,1.28,1.28,1.28,1.29,1.29,1.28,1.28,1.29,1.29,1.3,1.29,1.27,1.28,1.29,1.3,1.29,1.27,1.27,1.28,1.29,1.3,1.3,1.29,1.3,1.31,1.31,1.3,1.29,1.29,1.3,1.31
0,0.04,0.09,0.16,0.21,0.24,0.27,0.3,0.35,0.39,0.42,0.44,0.46,0.51,0.53,0.56,0.58,0.59,0.62,0.64,0.66,0.68,0.68,0.69,0.72,0.74,0.78,0.79,0.78,0.8,0.83,0.84,0.86,0.86,0.86,0.9,0.91,0.92,0.92,0.92,0.94,0.96,0.98,0.99,0.98,0.99,1.01,1.02,1.03,1.03,1.03,1.04,1.06,1.08,1.09,1.08,1.09,1.1,1.12,1.13,1.13,1.12,1.13,1.15,1.17,1.18,1.17,1.18,1.19,1.19,1.22,1.22,1.21,1.22,1.22,1.24,1.25,1.24,1.24,1.25,1.27,1.28,1.28,1.27,1.28,1.29,1.3,1.3,1.3,1.3,1.32,1.32,1.34,1.34,1.33,1.34,1.35,1.36,1.37,1.36,1.36,1.37,1.37,1.39,1.38,1.37,1.38,1.4,1.4,1.4,1.39,1.4,1.42,1.42,1.44,1.43,1.41,1.43,1.44,1.45,1.46,1.45,1.44,1.44,1.46,1.47,1.48,1.46,1.47,1.48,1.49,1.49,1.48,1.48,1.49,1.49,1.51,1.51,1.49,1.51,1.51,1.52,1.53,1.52,1.51,1.52,1.53,1.54,1.53,1.53,1.53,1.54,1.55,1.56,1.54,1.54,1.56,1.56,1.57,1.57,1.55,1.56,1.57,1.58,1.58,1.57,1.57,1.58,1.59,1.59,1.59,1.58,1.58,1.6,1.61,1.61,1.6,1.6,1.61,1.61,1.62,1.61,1.6,1.61,1.62,1.63,1.63,1.62,1.62,1.63,1.63,1.65,1.64,1.63,1.64,1.65,1.66,1.66,1.64,1.64,1.66,1.66,1.67,1.67,1.65,1.65,1.67,1.67,1.68,1.67,1.67,1.68,1.68,1.7,1.69,1.67,1.68,1.69,1.7,1.71,1.7,1.69,1.7,1.71,1.71,1.71,1.7,1.7,1.72,1.72,1.73,1.71,1.7,1.72,1.72,1.74,1.72,1.71,1.73,1.73,1.74,1.75,1.72,1.73,1.74,1.74,1.75,1.74,1.74,1.74,1.75,1.76,1.76,1.74,1.74,1.75,1.76,1.77,1.76,1.74,1.75,1.75,1.76,1.76,1.74,1.75,1.76,1.76,1.77,1.76,1.74,1.75,1.76,1.76,1.77,1.75,1.74,1.76,1.76,1.77,1.77,1.75,1.75,1.76,1.77,1.77,1.76,1.76,1.77,1.77,1.78,1.77,1.76,1.76,1.77,1.78,1.78,1.76,1.76,1.78,1.78,1.78
0,0.01,0.03,0.04,0.05,0.07,0.08,0.1,0.1,0.12,0.13,0.13,0.15,0.16,0.18,0.18,0.18,0.18,0.19,0.2,0.21,0.21,0.22,0.22,0.23,0.24,0.25,0.24,0.25,0.25,0.26,0.27,0.28,0.28,0.28,0.28,0.28,0.29,0.29,0.3,0.3,0.3,0.3,0.3,0.31,0.32,0.32,0.32,0.32,0.32,0.33,0.34,0.35,0.35,0.34,0.34,0.34,0.34,0.34,0.35,0.35,0.36,0.35,0.36,0.36,0.37,0.37,0.37,0.37,0.38,0.38,0.37,0.37,0.37,0.38,0.38,0.38,0.38,0.38,0.39,0.4,0.4,0.39,0.39,0.39,0.4,0.41,0.41,0.4,0.4,0.4,0.41,0.41,0.4,0.41,0.41,0.41,0.41,0.42,0.42,0.43,0.43,0.43,0.42,0.42,0.42,0.43,0.44,0.44,0.44,0.43,0.43,0.43,0.43,0.43,0.43,0.43,0.44,0.45,0.45,0.45,0.44,0.44,0.45,0.46,0.46,0.45,0.45,0.45,0.45,0.46,0.46,0.46,0.46,0.46,0.46,0.46,0.45,0.46,0.46,0.47,0.46,0.46,0.46,0.46,0.46,0.47,0.47,0.47,0.47,0.48,0.48,0.48,0.48,0.48,0.48,0.49,0.48,0.48,0.47,0.48,0.48,0.49,0.49,0.48,0.48,0.48,0.48,0.49,0.5,0.49,0.49,0.49,0.49,0.49,0.49,0.5,0.5,0.5,0.5,0.49,0.49,0.49,0.49,0.5,0.5,0.5,0.49,0.5,0.5,0.51,0.51,0.5,0.5,0.5,0.51,0.51,0.51,0.51,0.51,0.5,0.51,0.51,0.51,0.51,0.51,0.51,0.51,0.52,0.51,0.51,0.51,0.52,0.52,0.52,0.52,0.53,0.53,0.53,0.52,0.52,0.52,0.52,0.52,0.53,0.53,0.53,0.52,0.52,0.52,0.52,0.52,0.53,0.54,0.53,0.53,0.52,0.52,0.53,0.54,0.54,0.54,0.53,0.53,0.53,0.53,0.53,0.53,0.54,0.54,0.54,0.53,0.53,0.53,0.54,0.54,0.54,0.54,0.54,0.53,0.53,0.53,0.54,0.54,0.54,0.54,0.54,0.53,0.53,0.54,0.54,0.54,0.54,0.54,0.53,0.53,0.54,0.54,0.55,0.55,0.54,0.54,0.54,0.54,0.54,0.54,0.54,0.54,0.54,0.54,0.54,0.54,0.54,0.55,0.55,0.55,0.54,0.54,0.54,0.54,0.54,0.55
0,0.01,0.03,0.05,0.06,0.08,0.1,0.12,0.13,0.15,0.17,0.19,0.19,0.2,0.22,0.23,0.24,0.25,0.27,0.29,0.3,0.31,0.31,0.32,0.34,0.35,0.35,0.37,0.37,0.37,0.38,0.39,0.4,0.4,0.4,0.41,0.41,0.43,0.44,0.45,0.45,0.46,0.46,0.46,0.46,0.47,0.47,0.49,0.49,0.5,0.5,0.51,0.52,0.53,0.54,0.54,0.54,0.55,0.55,0.56,0.56,0.56,0.57,0.57,0.58,0.59,0.59,0.59,0.59,0.6,0.61,0.61,0.61,0.61,0.62,0.62,0.63,0.63,0.63,0.63,0.63,0.64,0.65,0.64,0.65,0.65,0.66,0.67,0.67,0.67,0.67,0.67,0.68,0.68,0.68,0.68,0.69,0.69,0.69,0.7,0.7,0.7,0.7,0.7,0.71,0.7,0.71,0.71,0.72,0.72,0.72,0.72,0.72,0.73,0.73,0.73,0.73,0.73,0.74,0.74,0.74,0.74,0.74,0.75,0.75,0.75,0.75,0.75,0.75,0.76,0.76,0.77,0.77,0.76,0.77,0.78,0.77,0.77,0.77,0.77,0.78,0.78,0.79,0.78,0.78,0.79,0.79,0.79,0.79,0.79,0.79,0.8,0.8,0.8,0.8,0.8,0.8,0.8,0.81,0.82,0.81,0.81,0.81,0.82,0.82,0.82,0.82,0.82,0.82,0.83,0.83,0.83,0.83,0.83,0.84,0.84,0.84,0.83,0.83,0.83,0.84,0.84,0.84,0.84,0.84,0.85,0.85,0.85,0.85,0.85,0.85,0.85,0.85,0.85,0.85,0.86,0.86,0.86,0.86,0.86,0.87,0.87,0.87,0.87,0.87,0.87,0.87,0.88,0.88,0.88,0.87,0.88,0.88,0.88,0.89,0.88,0.88,0.88,0.88,0.88,0.89,0.88,0.89,0.89,0.9,0.89,0.89,0.89,0.89,0.9,0.9,0.9,0.89,0.9,0.9,0.91,0.9,0.9,0.9,0.91,0.91,0.91,0.91,0.91,0.91,0.91,0.91,0.92,0.91,0.91,0.92,0.93,0.93,0.93,0.92,0.92,0.93,0.93,0.93,0.93,0.94,0.94,0.94,0.94,0.94,0.93,0.93,0.93,0.93,0.94,0.93,0.93,0.93,0.93,0.93,0.93,0.93,0.94,0.94,0.94,0.94,0.93,0.94,0.94,0.94,0.94,0.94,0.94,0.94,0.94,0.94,0.94,0.94,0.94,0.94,0.94,0.95,0.95,0.94,0.95,0.94,0.95
0,0.02,0.04,0.07,0.09,0.11,0.14,0.17,0.19,0.21,0.23,0.24,0.26,0.28,0.3,0.31,0.32,0.33,0.35,0.37,0.39,0.4,0.4,0.41,0.43,0.45,0.46,0.46,0.47,0.48,0.5,0.5,0.51,0.51,0.52,0.53,0.54,0.55,0.55,0.56,0.57,0.58,0.58,0.59,0.59,0.6,0.6,0.61,0.62,0.63,0.63,0.64,0.65,0.66,0.67,0.66,0.66,0.67,0.68,0.69,0.69,0.69,0.69,0.7,0.71,0.71,0.71,0.71,0.72,0.73,0.74,0.74,0.74,0.74,0.75,0.75,0.76,0.75,0.75,0.76,0.77,0.77,0.78,0.78,0.78,0.79,0.79,0.8,0.79,0.79,0.8,0.8,0.81,0.81,0.81,0.82,0.82,0.83,0.83,0.82,0.82,0.82,0.84,0.84,0.84,0.84,0.85,0.85,0.86,0.86,0.86,0.85,0.86,0.86,0.87,0.87,0.87,0.87,0.87,0.89,0.89,0.89,0.89,0.9,0.91,0.91,0.91,0.9,0.9,0.91,0.92,0.92,0.92,0.92,0.92,0.93,0.93,0.93,0.93,0.93,0.93,0.94,0.94,0.94,0.94,0.94,0.94,0.94,0.94,0.94,0.95,0.95,0.96,0.96,0.96,0.96,0.97,0.97,0.97,0.97,0.96,0.97,0.97,0.97,0.98,0.98,0.97,0.98,0.98,0.99,0.98,0.98,0.98,0.98,0.99,0.99,0.98,0.99,0.99,0.99,1,1,0.99,0.99,1,1,1.01,1,1,1.01,1.01,1.02,1.02,1.01,1.02,1.02,1.02,1.02,1.02,1.02,1.02,1.03,1.03,1.03,1.03,1.03,1.03,1.04,1.04,1.04,1.03,1.04,1.04,1.05,1.05,1.04,1.04,1.04,1.05,1.05,1.05,1.05,1.05,1.05,1.06,1.06,1.05,1.06,1.06,1.06,1.06,1.06,1.06,1.06,1.07,1.07,1.07,1.06,1.06,1.07,1.07,1.07,1.07,1.07,1.08,1.08,1.08,1.08,1.08,1.08,1.08,1.08,1.08,1.08,1.07,1.08,1.08,1.09,1.08,1.08,1.08,1.08,1.08,1.09,1.08,1.08,1.08,1.08,1.09,1.08,1.08,1.08,1.08,1.09,1.09,1.08,1.08,1.08,1.08,1.09,1.08,1.08,1.08,1.08,1.09,1.09,1.09,1.08,1.09,1.09,1.09,1.09,1.09,1.09,1.09,1.09,1.1,1.09,1.09,1.09,1.1,1.1
0,0.01,0.04,0.11,0.15,0.18,0.22,0.25,0.32,0.35,0.38,0.43,0.45,0.48,0.51,0.54,0.58,0.59,0.61,0.63,0.66,0.69,0.71,0.71,0.73,0.76,0.78,0.8,0.82,0.82,0.85,0.86,0.89,0.91,0.91,0.92,0.94,0.95,0.98,0.98,0.98,0.99,1.01,1.03,1.04,1.03,1.04,1.06,1.08,1.09,1.09,1.09,1.1,1.12,1.13,1.13,1.13,1.13,1.14,1.15,1.16,1.16,1.17,1.18,1.18,1.19,1.21,1.2,1.2,1.22,1.23,1.24,1.23,1.23,1.23,1.26,1.27,1.28,1.27,1.26,1.29,1.3,1.31,1.3,1.29,1.31,1.32,1.34,1.34,1.33,1.34,1.35,1.36,1.37,1.37,1.36,1.36,1.39,1.39,1.4,1.39,1.4,1.4,1.41,1.42,1.42,1.41,1.42,1.43,1.44,1.44,1.43,1.44,1.45,1.45,1.46,1.46,1.45,1.46,1.47,1.48,1.48,1.47,1.48,1.49,1.49,1.5,1.5,1.49,1.5,1.51,1.52,1.53,1.51,1.52,1.53,1.53,1.54,1.54,1.53,1.53,1.55,1.56,1.56,1.55,1.55,1.57,1.57,1.57,1.57,1.57,1.57,1.57,1.59,1.59,1.58,1.58,1.59,1.6,1.6,1.61,1.59,1.6,1.61,1.62,1.62,1.6,1.61,1.62,1.63,1.63,1.63,1.63,1.63,1.63,1.64,1.65,1.63,1.64,1.64,1.65,1.66,1.66,1.65,1.65,1.66,1.67,1.68,1.66,1.67,1.68,1.68,1.68,1.68,1.67,1.68,1.69,1.7,1.69,1.68,1.68,1.7,1.7,1.7,1.7,1.69,1.7,1.7,1.72,1.72,1.71,1.71,1.72,1.72,1.73,1.73,1.72,1.72,1.73,1.74,1.75,1.73,1.73,1.74,1.75,1.75,1.75,1.75,1.75,1.75,1.77,1.77,1.75,1.75,1.76,1.77,1.77,1.77,1.76,1.77,1.77,1.78,1.79,1.77,1.77,1.78,1.78,1.8,1.79,1.78,1.79,1.8,1.8,1.8,1.79,1.79,1.79,1.8,1.81,1.8,1.78,1.79,1.8,1.81,1.81,1.8,1.79,1.8,1.81,1.81,1.8,1.8,1.8,1.81,1.81,1.81,1.8,1.8,1.81,1.81,1.82,1.81,1.79,1.81,1.81,1.82,1.82,1.81,1.81,1.82,1.82,1.83,1.82,1.81,1.82,1.82,1.83,1.83,1.82,1.82,1.83,1.83
0,0.04,0.13,0.19,0.29,0.34,0.39,0.47,0.53,0.61,0.66,0.68,0.75,0.8,0.86,0.91,0.93,0.96,0.99,1.04,1.07,1.1,1.11,1.14,1.18,1.21,1.24,1.27,1.28,1.32,1.34,1.38,1.4,1.4,1.42,1.45,1.48,1.51,1.52,1.53,1.54,1.58,1.6,1.62,1.61,1.63,1.66,1.68,1.7,1.72,1.72,1.75,1.76,1.79,1.8,1.79,1.81,1.83,1.84,1.87,1.87,1.87,1.88,1.9,1.92,1.94,1.93,1.94,1.96,1.97,1.99,1.99,1.99,2.01,2.02,2.04,2.05,2.04,2.06,2.08,2.09,2.12,2.11,2.11,2.12,2.14,2.16,2.17,2.16,2.17,2.18,2.2,2.21,2.21,2.2,2.21,2.23,2.24,2.25,2.24,2.24,2.27,2.28,2.3,2.29,2.28,2.3,2.31,2.33,2.33,2.32,2.33,2.34,2.36,2.37,2.36,2.36,2.37,2.38,2.4,2.4,2.4,2.4,2.41,2.42,2.44,2.43,2.43,2.44,2.45,2.47,2.48,2.46,2.47,2.48,2.49,2.51,2.5,2.49,2.5,2.51,2.53,2.53,2.52,2.52,2.54,2.55,2.56,2.56,2.54,2.56,2.57,2.59,2.59,2.58,2.58,2.6,2.61,2.62,2.62,2.6,2.61,2.63,2.64,2.65,2.63,2.63,2.64,2.65,2.67,2.66,2.65,2.67,2.68,2.68,2.69,2.67,2.68,2.69,2.7,2.71,2.7,2.69,2.71,2.71,2.73,2.73,2.71,2.72,2.73,2.74,2.75,2.74,2.73,2.74,2.76,2.76,2.76,2.75,2.76,2.76,2.77,2.79,2.78,2.77,2.78,2.79,2.8,2.81,2.79,2.79,2.8,2.81,2.82,2.81,2.81,2.82,2.83,2.84,2.84,2.82,2.82,2.84,2.84,2.86,2.85,2.84,2.85,2.86,2.87,2.87,2.85,2.85,2.86,2.88,2.89,2.88,2.86,2.87,2.89,2.89,2.9,2.88,2.89,2.9,2.91,2.92,2.9,2.89,2.91,2.91,2.93,2.93,2.92,2.91,2.92,2.93,2.94,2.93,2.91,2.92,2.93,2.94,2.94,2.92,2.91,2.93,2.93,2.94,2.93,2.92,2.93,2.93,2.94,2.94,2.93,2.93,2.94,2.94,2.95,2.94,2.93,2.94,2.94,2.95,2.96,2.93,2.94,2.95,2.95,2.96,2.95,2.94,2.95,2.96,2.97,2.97,2.96,2.96,2.96,2.97,2.97
0,0.02,0.12,0.21,0.31,0.47,0.54,0.66,0.75,0.89,0.97,1.03,1.11,1.18,1.28,1.35,1.43,1.49,1.53,1.62,1.67,1.73,1.79,1.81,1.89,1.93,1.98,2.05,2.06,2.1,2.15,2.19,2.26,2.29,2.31,2.34,2.38,2.44,2.47,2.49,2.5,2.54,2.59,2.62,2.65,2.65,2.7,2.73,2.76,2.81,2.8,2.83,2.86,2.89,2.93,2.95,2.95,2.97,3,3.05,3.07,3.07,3.08,3.11,3.14,3.17,3.19,3.18,3.21,3.24,3.27,3.3,3.29,3.3,3.33,3.35,3.39,3.4,3.39,3.42,3.43,3.47,3.49,3.48,3.48,3.51,3.53,3.56,3.57,3.56,3.57,3.6,3.62,3.65,3.64,3.64,3.67,3.69,3.72,3.73,3.72,3.73,3.75,3.78,3.8,3.79,3.79,3.81,3.84,3.86,3.86,3.85,3.86,3.88,3.9,3.92,3.91,3.91,3.94,3.95,3.97,3.98,3.97,3.99,4,4.02,4.04,4.03,4.03,4.04,4.07,4.09,4.1,4.07,4.08,4.11,4.13,4.15,4.13,4.13,4.16,4.17,4.19,4.19,4.18,4.19,4.2,4.22,4.24,4.23,4.22,4.24,4.25,4.28,4.28,4.26,4.27,4.29,4.32,4.34,4.31,4.31,4.33,4.34,4.36,4.36,4.34,4.36,4.37,4.39,4.41,4.39,4.39,4.4,4.41,4.44,4.44,4.41,4.43,4.44,4.46,4.48,4.46,4.45,4.47,4.49,4.51,4.51,4.49,4.5,4.52,4.53,4.55,4.53,4.52,4.55,4.56,4.58,4.58,4.56,4.57,4.59,4.61,4.62,4.6,4.59,4.61,4.62,4.64,4.64,4.63,4.63,4.65,4.67,4.69,4.67,4.66,4.68,4.69,4.71,4.7,4.69,4.7,4.71,4.73,4.74,4.73,4.72,4.73,4.74,4.76,4.76,4.73,4.74,4.76,4.77,4.79,4.77,4.76,4.79,4.8,4.82,4.81,4.79,4.8,4.81,4.83,4.84,4.83,4.82,4.83,4.85,4.87,4.87,4.84,4.85,4.86,4.87,4.88,4.85,4.84,4.86,4.86,4.87,4.86,4.84,4.85,4.86,4.87,4.88,4.86,4.85,4.86,4.87,4.89,4.88,4.85,4.86,4.88,4.89,4.9,4.87,4.87,4.88,4.89,4.91,4.9,4.88,4.89,4.9,4.9,4.92,4.9,4.89,4.9,4.91,4.93,4.93,4.9,4.91,4.92,4.93
0,0.06,0.21,0.31,0.49,0.57,0.64,0.79,0.88,1.01,1.1,1.15,1.24,1.33,1.43,1.51,1.57,1.61,1.67,1.77,1.83,1.9,1.92,1.96,2.04,2.1,2.18,2.2,2.21,2.28,2.32,2.39,2.43,2.44,2.48,2.52,2.58,2.63,2.65,2.66,2.69,2.75,2.79,2.82,2.82,2.84,2.9,2.93,2.97,3,3,3.05,3.08,3.11,3.15,3.14,3.17,3.2,3.24,3.27,3.28,3.28,3.3,3.34,3.37,3.39,3.38,3.4,3.43,3.46,3.49,3.5,3.49,3.53,3.56,3.58,3.61,3.6,3.62,3.64,3.66,3.7,3.7,3.7,3.72,3.74,3.77,3.79,3.78,3.79,3.81,3.84,3.87,3.87,3.86,3.89,3.91,3.94,3.97,3.95,3.96,3.98,4,4.03,4.03,4.02,4.05,4.06,4.09,4.11,4.09,4.09,4.12,4.14,4.16,4.16,4.15,4.17,4.2,4.21,4.23,4.21,4.22,4.25,4.26,4.29,4.28,4.27,4.29,4.3,4.33,4.34,4.32,4.33,4.35,4.38,4.4,4.39,4.38,4.39,4.42,4.44,4.46,4.44,4.44,4.47,4.48,4.51,4.5,4.48,4.51,4.52,4.55,4.56,4.54,4.54,4.56,4.58,4.61,4.6,4.58,4.59,4.62,4.63,4.65,4.63,4.63,4.66,4.67,4.69,4.68,4.66,4.68,4.69,4.72,4.73,4.71,4.71,4.73,4.75,4.77,4.77,4.74,4.76,4.78,4.8,4.81,4.79,4.79,4.81,4.82,4.84,4.83,4.82,4.84,4.85,4.87,4.89,4.87,4.87,4.89,4.9,4.92,4.91,4.89,4.9,4.92,4.94,4.95,4.92,4.93,4.94,4.96,4.98,4.97,4.96,4.98,4.99,5,5.01,4.99,4.99,5,5.01,5.04,5.03,5.01,5.03,5.04,5.06,5.07,5.04,5.04,5.06,5.08,5.1,5.08,5.07,5.08,5.1,5.11,5.12,5.1,5.1,5.12,5.13,5.16,5.14,5.12,5.14,5.15,5.17,5.18,5.15,5.15,5.16,5.17,5.19,5.16,5.14,5.15,5.16,5.17,5.18,5.15,5.14,5.16,5.17,5.19,5.17,5.15,5.17,5.17,5.19,5.2,5.17,5.16,5.18,5.19,5.21,5.2,5.17,5.18,5.2,5.21,5.22,5.19,5.18,5.2,5.21,5.23,5.21,5.19,5.21,5.22,5.23,5.24,5.21,5.21,5.22,5.23,5.24
0,0.02,0.14,0.25,0.36,0.52,0.6,0.72,0.83,0.91,1.06,1.14,1.21,1.29,1.37,1.48,1.55,1.61,1.66,1.73,1.82,1.88,1.95,1.97,2.01,2.1,2.15,2.22,2.23,2.26,2.32,2.37,2.43,2.46,2.48,2.52,2.57,2.63,2.67,2.68,2.7,2.74,2.79,2.84,2.87,2.87,2.89,2.95,2.98,3.03,3.03,3.04,3.09,3.12,3.17,3.18,3.17,3.2,3.23,3.27,3.31,3.31,3.31,3.35,3.39,3.42,3.44,3.42,3.44,3.49,3.51,3.55,3.54,3.54,3.58,3.6,3.64,3.65,3.64,3.66,3.69,3.72,3.74,3.73,3.73,3.76,3.79,3.82,3.84,3.81,3.83,3.87,3.89,3.92,3.91,3.9,3.94,3.96,3.98,3.99,3.98,4,4.02,4.04,4.07,4.06,4.05,4.08,4.1,4.13,4.14,4.12,4.13,4.16,4.18,4.2,4.18,4.18,4.21,4.22,4.25,4.26,4.24,4.26,4.28,4.3,4.33,4.31,4.3,4.33,4.35,4.38,4.38,4.36,4.37,4.39,4.42,4.44,4.42,4.42,4.44,4.46,4.48,4.48,4.46,4.47,4.5,4.51,4.54,4.52,4.52,4.54,4.55,4.58,4.58,4.55,4.57,4.59,4.61,4.63,4.6,4.6,4.62,4.64,4.66,4.66,4.64,4.65,4.68,4.69,4.72,4.7,4.69,4.71,4.72,4.75,4.75,4.73,4.73,4.76,4.78,4.8,4.78,4.77,4.79,4.81,4.83,4.82,4.8,4.81,4.83,4.85,4.87,4.85,4.84,4.86,4.88,4.9,4.9,4.87,4.88,4.9,4.92,4.93,4.92,4.9,4.92,4.94,4.96,4.96,4.93,4.94,4.96,4.98,4.99,4.97,4.96,4.98,4.99,5.01,5.01,4.98,5,5.01,5.03,5.05,5.03,5.02,5.04,5.05,5.07,5.07,5.04,5.05,5.08,5.09,5.11,5.08,5.07,5.09,5.1,5.12,5.12,5.1,5.11,5.12,5.14,5.16,5.13,5.12,5.14,5.15,5.17,5.17,5.14,5.15,5.16,5.17,5.19,5.15,5.14,5.15,5.16,5.18,5.17,5.14,5.15,5.16,5.17,5.18,5.16,5.14,5.16,5.17,5.19,5.18,5.15,5.16,5.18,5.19,5.21,5.17,5.17,5.18,5.19,5.21,5.2,5.18,5.18,5.2,5.21,5.23,5.2,5.19,5.21,5.21,5.24,5.23,5.2,5.21,5.22,5.24
0,0.08,0.22,0.32,0.47,0.54,0.62,0.76,0.85,0.98,1.04,1.09,1.19,1.25,1.35,1.42,1.46,1.53,1.58,1.66,1.72,1.77,1.8,1.84,1.92,1.97,2.04,2.06,2.08,2.15,2.19,2.25,2.28,2.28,2.34,2.37,2.43,2.47,2.48,2.5,2.54,2.58,2.62,2.64,2.64,2.67,2.72,2.75,2.79,2.79,2.8,2.85,2.88,2.91,2.94,2.94,2.97,3,3.04,3.06,3.06,3.07,3.11,3.14,3.17,3.18,3.17,3.19,3.23,3.26,3.29,3.28,3.28,3.33,3.35,3.38,3.39,3.38,3.41,3.44,3.45,3.48,3.47,3.47,3.5,3.52,3.55,3.56,3.55,3.57,3.59,3.61,3.64,3.63,3.63,3.66,3.68,3.7,3.7,3.69,3.72,3.74,3.76,3.79,3.77,3.78,3.8,3.82,3.85,3.85,3.84,3.85,3.87,3.9,3.91,3.9,3.9,3.93,3.95,3.97,3.97,3.96,3.97,3.99,4.01,4.03,4.02,4.01,4.04,4.05,4.08,4.08,4.06,4.08,4.1,4.12,4.13,4.12,4.12,4.14,4.16,4.18,4.19,4.17,4.18,4.2,4.22,4.24,4.22,4.21,4.24,4.26,4.28,4.27,4.26,4.28,4.29,4.31,4.33,4.31,4.31,4.33,4.35,4.37,4.37,4.35,4.36,4.37,4.39,4.4,4.38,4.38,4.4,4.42,4.44,4.44,4.42,4.43,4.45,4.46,4.48,4.46,4.46,4.48,4.49,4.51,4.51,4.48,4.5,4.51,4.53,4.55,4.53,4.52,4.54,4.56,4.58,4.57,4.56,4.56,4.58,4.6,4.61,4.59,4.59,4.61,4.62,4.64,4.64,4.62,4.63,4.64,4.66,4.68,4.66,4.65,4.67,4.69,4.71,4.7,4.68,4.69,4.71,4.72,4.74,4.72,4.71,4.73,4.74,4.77,4.76,4.74,4.75,4.77,4.78,4.8,4.78,4.77,4.78,4.8,4.82,4.82,4.79,4.8,4.82,4.83,4.85,4.82,4.82,4.83,4.84,4.87,4.86,4.84,4.85,4.86,4.87,4.88,4.86,4.84,4.86,4.86,4.88,4.87,4.84,4.85,4.86,4.87,4.89,4.85,4.85,4.87,4.88,4.89,4.88,4.86,4.87,4.88,4.89,4.9,4.88,4.87,4.89,4.9,4.91,4.91,4.88,4.89,4.9,4.91,4.92,4.9,4.89,4.91,4.92,4.94,4.93,4.91,4.92,4.92,4.93,4.94
0,0.01,0.03,0.04,0.07,0.07,0.07,0.1,0.11,0.12,0.12,0.13,0.15,0.15,0.16,0.17,0.17,0.18,0.19,0.19,0.2,0.2,0.2,0.21,0.22,0.22,0.22,0.23,0.23,0.25,0.25,0.25,0.25,0.25,0.25,0.26,0.27,0.27,0.27,0.27,0.28,0.29,0.29,0.29,0.28,0.28,0.29,0.3,0.31,0.31,0.31,0.32,0.32,0.31,0.31,0.31,0.32,0.33,0.33,0.33,0.33,0.33,0.34,0.34,0.35,0.35,0.34,0.35,0.35,0.35,0.35,0.34,0.34,0.35,0.36,0.37,0.37,0.36,0.36,0.37,0.37,0.38,0.38,0.38,0.38,0.38,0.38,0.38,0.38,0.38,0.38,0.39,0.39,0.39,0.39,0.39,0.39,0.39,0.39,0.39,0.39,0.39,0.39,0.39,0.39,0.39,0.41,0.42,0.43,0.43,0.42,0.41,0.41,0.41,0.42,0.42,0.42,0.43,0.44,0.44,0.44,0.43,0.42,0.42,0.42,0.42,0.43,0.43,0.44,0.45,0.46,0.46,0.45,0.45,0.45,0.45,0.45,0.45,0.44,0.43,0.44,0.45,0.45,0.45,0.45,0.46,0.46,0.47,0.47,0.46,0.47,0.47,0.47,0.47,0.47,0.47,0.47,0.47,0.47,0.47,0.46,0.47,0.47,0.47,0.47,0.46,0.46,0.47,0.47,0.48,0.47,0.47,0.47,0.47,0.47,0.47,0.47,0.47,0.47,0.47,0.48,0.48,0.47,0.48,0.48,0.48,0.49,0.48,0.48,0.49,0.49,0.49,0.5,0.5,0.5,0.5,0.51,0.51,0.5,0.5,0.51,0.51,0.51,0.51,0.51,0.51,0.51,0.51,0.51,0.51,0.51,0.51,0.51,0.52,0.51,0.51,0.51,0.52,0.52,0.52,0.51,0.51,0.52,0.52,0.52,0.52,0.52,0.52,0.52,0.53,0.53,0.52,0.52,0.52,0.52,0.53,0.53,0.52,0.53,0.53,0.53,0.53,0.53,0.53,0.53,0.53,0.53,0.53,0.53,0.54,0.53,0.54,0.54,0.53,0.54,0.54,0.54,0.54,0.54,0.53,0.54,0.53,0.53,0.53,0.52,0.53,0.53,0.53,0.54,0.53,0.53,0.53,0.53,0.54,0.54,0.53,0.53,0.54,0.54,0.54,0.53,0.53,0.54,0.54,0.54,0.54,0.53,0.53,0.54,0.54,0.55,0.54,0.54,0.54,0.54,0.55,0.55,0.54,0.54,0.54,0.54,0.55
0,0.01,0.02,0.04,0.06,0.08,0.09,0.1,0.11,0.13,0.14,0.16,0.16,0.17,0.19,0.2,0.2,0.21,0.22,0.23,0.24,0.25,0.25,0.25,0.27,0.27,0.28,0.28,0.28,0.29,0.3,0.31,0.32,0.32,0.33,0.34,0.34,0.34,0.34,0.34,0.34,0.34,0.35,0.35,0.36,0.36,0.37,0.38,0.38,0.38,0.38,0.38,0.39,0.4,0.4,0.4,0.4,0.4,0.41,0.41,0.41,0.41,0.4,0.42,0.42,0.43,0.43,0.43,0.44,0.44,0.44,0.45,0.44,0.44,0.45,0.45,0.46,0.47,0.47,0.47,0.47,0.47,0.48,0.47,0.48,0.48,0.48,0.49,0.49,0.49,0.49,0.49,0.49,0.5,0.5,0.5,0.5,0.5,0.51,0.5,0.5,0.51,0.51,0.51,0.52,0.51,0.51,0.52,0.52,0.52,0.53,0.52,0.53,0.53,0.53,0.54,0.54,0.53,0.54,0.54,0.54,0.54,0.54,0.54,0.54,0.54,0.55,0.54,0.54,0.54,0.55,0.55,0.55,0.55,0.55,0.56,0.56,0.56,0.56,0.56,0.56,0.57,0.57,0.56,0.56,0.56,0.56,0.57,0.57,0.57,0.57,0.57,0.57,0.57,0.57,0.56,0.57,0.57,0.58,0.58,0.57,0.57,0.58,0.58,0.58,0.58,0.58,0.58,0.58,0.58,0.59,0.59,0.58,0.59,0.59,0.59,0.59,0.59,0.59,0.59,0.59,0.59,0.59,0.59,0.6,0.6,0.6,0.6,0.6,0.6,0.61,0.6,0.6,0.6,0.6,0.6,0.6,0.6,0.6,0.6,0.6,0.6,0.61,0.61,0.6,0.6,0.6,0.6,0.61,0.61,0.61,0.61,0.61,0.61,0.61,0.61,0.61,0.62,0.62,0.62,0.62,0.62,0.62,0.62,0.62,0.62,0.61,0.61,0.61,0.62,0.62,0.62,0.62,0.62,0.62,0.63,0.63,0.62,0.62,0.63,0.63,0.63,0.63,0.62,0.62,0.63,0.63,0.63,0.63,0.63,0.63,0.63,0.64,0.63,0.63,0.63,0.63,0.63,0.64,0.63,0.63,0.63,0.63,0.63,0.63,0.63,0.63,0.63,0.63,0.64,0.63,0.63,0.63,0.63,0.63,0.63,0.62,0.63,0.63,0.63,0.63,0.63,0.63,0.63,0.63,0.63,0.63,0.63,0.63,0.63,0.63,0.64,0.63,0.63,0.63,0.64,0.64,0.64,0.63,0.63,0.63,0.64
0,0.01,0.02,0.01,0.02,0.02,0.03,0.03,0.03,0.03,0.04,0.04,0.04,0.04,0.05,0.05,0.05,0.05,0.05,0.06,0.06,0.07,0.06,0.06,0.07,0.07,0.07,0.07,0.07,0.07,0.08,0.08,0.07,0.07,0.07,0.08,0.08,0.08,0.08,0.08,0.09,0.09,0.08,0.09,0.09,0.09,0.09,0.08,0.09,0.09,0.09,0.1,0.09,0.09,0.09,0.09,0.1,0.1,0.1,0.1,0.1,0.1,0.1,0.09,0.1,0.1,0.11,0.11,0.1,0.1,0.1,0.1,0.11,0.11,0.1,0.1,0.11,0.11,0.11,0.11,0.11,0.11,0.11,0.12,0.12,0.1,0.11,0.11,0.12,0.12,0.11,0.11,0.11,0.12,0.12,0.11,0.11,0.11,0.11,0.12,0.13,0.12,0.11,0.12,0.12,0.12,0.12,0.11,0.11,0.12,0.13,0.12,0.12,0.11,0.12,0.12,0.11,0.11,0.11,0.12,0.12,0.12,0.12,0.12,0.12,0.12,0.13,0.12,0.12,0.11,0.12,0.12,0.13,0.12,0.12,0.12,0.12,0.12,0.12,0.12,0.12,0.12,0.12,0.13,0.13,0.12,0.12,0.12,0.13,0.13,0.13,0.12,0.12,0.12,0.13,0.13,0.12,0.12,0.12,0.13,0.13,0.13,0.12,0.12,0.12,0.12,0.13,0.13,0.12,0.12,0.12,0.12,0.12,0.13,0.12,0.12,0.12,0.13,0.13,0.13,0.12,0.12,0.13,0.13,0.13,0.13,0.12,0.12,0.13,0.13,0.13,0.12,0.12,0.13,0.13,0.13,0.13,0.13,0.12,0.12,0.13,0.13,0.13,0.12,0.13,0.13,0.13,0.13,0.13,0.12,0.12,0.12,0.13,0.13,0.13,0.13,0.13,0.12,0.12,0.13,0.13,0.14,0.13,0.13,0.13,0.13,0.14,0.13,0.12,0.13,0.13,0.14,0.13,0.12,0.13,0.13,0.13,0.14,0.14,0.12,0.12,0.13,0.13,0.14,0.12,0.12,0.13,0.13,0.13,0.13,0.13,0.12,0.12,0.12,0.13,0.13,0.13,0.12,0.13,0.13,0.13,0.12,0.12,0.13,0.13,0.13,0.12,0.12,0.12,0.13,0.14,0.13,0.12,0.12,0.12,0.13,0.13,0.12,0.12,0.12,0.13,0.13,0.13,0.12,0.12,0.12,0.13,0.13,0.12,0.12,0.12,0.13,0.13,0.13,0.13,0.12,0.12,0.12,0.12,0.13,0.13,0.14
0,0.07,0.18,0.25,0.31,0.37,0.42,0.51,0.56,0.61,0.65,0.68,0.74,0.77,0.83,0.85,0.87,0.93,0.96,1.01,1.03,1.03,1.06,1.09,1.13,1.16,1.17,1.18,1.2,1.25,1.28,1.3,1.3,1.32,1.35,1.38,1.4,1.41,1.41,1.44,1.47,1.48,1.52,1.51,1.52,1.55,1.56,1.59,1.6,1.59,1.61,1.63,1.66,1.68,1.66,1.67,1.71,1.73,1.75,1.75,1.73,1.77,1.78,1.79,1.82,1.8,1.8,1.82,1.84,1.87,1.86,1.86,1.87,1.89,1.91,1.91,1.9,1.91,1.92,1.94,1.96,1.96,1.95,1.96,1.99,2,2.01,2,2,2.02,2.03,2.05,2.05,2.04,2.05,2.06,2.09,2.1,2.08,2.08,2.1,2.12,2.13,2.13,2.12,2.13,2.16,2.17,2.18,2.16,2.16,2.19,2.19,2.21,2.21,2.2,2.21,2.22,2.24,2.25,2.23,2.23,2.25,2.26,2.28,2.27,2.25,2.27,2.28,2.29,2.3,2.28,2.28,2.3,2.31,2.33,2.32,2.31,2.32,2.33,2.35,2.35,2.34,2.34,2.36,2.37,2.39,2.38,2.36,2.37,2.39,2.4,2.41,2.39,2.39,2.41,2.42,2.42,2.42,2.41,2.42,2.43,2.44,2.45,2.44,2.44,2.45,2.46,2.48,2.47,2.45,2.46,2.47,2.49,2.5,2.47,2.47,2.49,2.51,2.52,2.51,2.49,2.5,2.52,2.53,2.54,2.52,2.51,2.53,2.53,2.56,2.55,2.53,2.54,2.56,2.57,2.58,2.55,2.56,2.57,2.59,2.6,2.59,2.57,2.58,2.6,2.61,2.61,2.59,2.59,2.61,2.61,2.63,2.61,2.6,2.62,2.63,2.64,2.65,2.63,2.62,2.64,2.65,2.66,2.66,2.63,2.64,2.66,2.67,2.67,2.66,2.65,2.67,2.68,2.69,2.68,2.66,2.68,2.69,2.7,2.7,2.68,2.68,2.7,2.71,2.72,2.71,2.69,2.7,2.71,2.72,2.73,2.7,2.71,2.72,2.73,2.74,2.72,2.7,2.71,2.72,2.73,2.73,2.71,2.71,2.72,2.72,2.73,2.73,2.71,2.72,2.73,2.73,2.75,2.71,2.71,2.73,2.74,2.75,2.73,2.71,2.72,2.74,2.74,2.75,2.73,2.73,2.74,2.75,2.76,2.75,2.73,2.74,2.75,2.76,2.77,2.73,2.74,2.75,2.76,2.77,2.77
0,0.02,0.08,0.18,0.24,0.34,0.37,0.41,0.49,0.54,0.63,0.67,0.69,0.74,0.78,0.83,0.87,0.89,0.93,0.97,1.01,1.04,1.07,1.07,1.09,1.15,1.18,1.21,1.22,1.23,1.28,1.3,1.32,1.36,1.35,1.38,1.41,1.43,1.45,1.46,1.46,1.49,1.53,1.54,1.56,1.55,1.56,1.6,1.61,1.63,1.63,1.63,1.67,1.68,1.7,1.72,1.7,1.72,1.74,1.76,1.79,1.79,1.78,1.81,1.82,1.85,1.86,1.85,1.85,1.87,1.89,1.91,1.9,1.9,1.92,1.94,1.95,1.96,1.95,1.96,1.99,2,2.02,2.01,2,2.02,2.04,2.06,2.06,2.05,2.06,2.07,2.09,2.11,2.09,2.09,2.1,2.12,2.14,2.14,2.13,2.13,2.16,2.17,2.19,2.18,2.16,2.19,2.2,2.22,2.22,2.21,2.21,2.24,2.25,2.26,2.26,2.24,2.26,2.28,2.29,2.3,2.27,2.28,2.3,2.32,2.32,2.31,2.3,2.33,2.34,2.35,2.35,2.34,2.34,2.36,2.37,2.38,2.37,2.36,2.37,2.39,2.4,2.4,2.38,2.39,2.4,2.41,2.42,2.42,2.41,2.43,2.44,2.45,2.45,2.44,2.44,2.46,2.46,2.47,2.46,2.45,2.47,2.48,2.5,2.5,2.48,2.48,2.5,2.51,2.52,2.5,2.5,2.51,2.53,2.53,2.54,2.52,2.52,2.53,2.54,2.56,2.54,2.54,2.55,2.56,2.57,2.57,2.55,2.56,2.57,2.58,2.6,2.58,2.57,2.59,2.6,2.61,2.61,2.59,2.59,2.61,2.62,2.63,2.62,2.61,2.62,2.63,2.65,2.65,2.63,2.63,2.65,2.65,2.67,2.66,2.64,2.65,2.67,2.68,2.68,2.66,2.66,2.68,2.69,2.7,2.69,2.67,2.69,2.7,2.72,2.71,2.69,2.69,2.71,2.72,2.73,2.71,2.7,2.72,2.73,2.74,2.74,2.71,2.72,2.74,2.74,2.75,2.74,2.73,2.75,2.75,2.76,2.77,2.74,2.75,2.76,2.76,2.77,2.75,2.74,2.75,2.76,2.77,2.77,2.74,2.75,2.76,2.77,2.77,2.75,2.75,2.76,2.77,2.77,2.77,2.75,2.76,2.77,2.77,2.79,2.77,2.76,2.77,2.77,2.79,2.78,2.76,2.77,2.78,2.79,2.79,2.77,2.77,2.78,2.79,2.8,2.79,2.78,2.78,2.79,2.8
0,0.04,0.1,0.14,0.19,0.24,0.27,0.34,0.38,0.42,0.46,0.47,0.52,0.56,0.59,0.63,0.65,0.68,0.7,0.73,0.76,0.79,0.79,0.81,0.83,0.86,0.88,0.89,0.88,0.9,0.92,0.94,0.97,0.96,0.97,1,1.01,1.04,1.04,1.04,1.06,1.08,1.1,1.11,1.11,1.12,1.14,1.16,1.17,1.17,1.17,1.18,1.2,1.22,1.23,1.22,1.23,1.25,1.26,1.28,1.27,1.27,1.3,1.3,1.32,1.32,1.31,1.32,1.34,1.35,1.36,1.36,1.36,1.37,1.37,1.39,1.4,1.39,1.39,1.42,1.42,1.43,1.44,1.43,1.44,1.45,1.47,1.48,1.46,1.46,1.48,1.49,1.5,1.51,1.5,1.5,1.52,1.53,1.54,1.53,1.53,1.55,1.55,1.57,1.56,1.55,1.57,1.57,1.58,1.6,1.58,1.59,1.6,1.61,1.61,1.62,1.61,1.61,1.62,1.64,1.64,1.62,1.62,1.64,1.65,1.66,1.66,1.65,1.65,1.67,1.68,1.68,1.67,1.68,1.69,1.7,1.71,1.7,1.68,1.7,1.71,1.72,1.73,1.71,1.71,1.72,1.73,1.74,1.73,1.73,1.73,1.75,1.75,1.76,1.74,1.74,1.76,1.76,1.78,1.77,1.75,1.77,1.78,1.79,1.79,1.78,1.78,1.78,1.8,1.81,1.81,1.8,1.8,1.82,1.82,1.83,1.81,1.81,1.83,1.83,1.84,1.83,1.82,1.83,1.84,1.85,1.86,1.83,1.84,1.85,1.86,1.87,1.86,1.85,1.85,1.87,1.88,1.88,1.86,1.86,1.88,1.89,1.89,1.89,1.87,1.89,1.89,1.89,1.9,1.89,1.89,1.9,1.9,1.92,1.91,1.9,1.91,1.92,1.93,1.93,1.91,1.91,1.92,1.93,1.94,1.93,1.92,1.93,1.94,1.94,1.96,1.94,1.93,1.95,1.96,1.97,1.97,1.94,1.95,1.96,1.98,1.98,1.96,1.96,1.97,1.98,1.99,1.98,1.96,1.97,1.98,1.99,1.99,1.98,1.98,1.99,1.99,2.01,1.99,1.97,1.99,1.99,2,2,1.99,1.98,1.99,2,2,2,1.98,1.99,2,2.01,2.01,1.99,1.99,2,2,2.01,2,1.98,2,2.01,2.02,2.02,2.01,2,2.01,2.01,2.02,2.01,2,2.01,2.02,2.03,2.03,2.01,2.01,2.02,2.03,2.03
0,0.03,0.11,0.16,0.2,0.25,0.27,0.34,0.37,0.41,0.47,0.48,0.51,0.55,0.57,0.62,0.63,0.65,0.68,0.71,0.74,0.76,0.76,0.78,0.8,0.82,0.84,0.84,0.85,0.87,0.9,0.91,0.92,0.92,0.93,0.97,0.98,1.01,1,1.01,1.02,1.04,1.07,1.08,1.07,1.08,1.1,1.12,1.12,1.13,1.14,1.15,1.15,1.17,1.18,1.18,1.18,1.2,1.21,1.23,1.22,1.22,1.24,1.25,1.27,1.28,1.27,1.27,1.29,1.3,1.31,1.31,1.31,1.32,1.33,1.35,1.36,1.35,1.35,1.37,1.38,1.39,1.39,1.39,1.4,1.41,1.43,1.43,1.42,1.43,1.44,1.44,1.46,1.46,1.45,1.46,1.48,1.48,1.49,1.48,1.48,1.49,1.5,1.51,1.51,1.5,1.51,1.53,1.54,1.54,1.53,1.54,1.54,1.55,1.56,1.57,1.56,1.57,1.57,1.59,1.59,1.58,1.58,1.59,1.59,1.61,1.6,1.59,1.61,1.61,1.62,1.63,1.61,1.62,1.63,1.64,1.65,1.64,1.64,1.64,1.66,1.66,1.67,1.66,1.65,1.67,1.67,1.68,1.68,1.67,1.68,1.69,1.7,1.71,1.69,1.69,1.71,1.71,1.73,1.71,1.71,1.72,1.72,1.73,1.73,1.73,1.72,1.73,1.75,1.75,1.75,1.73,1.74,1.75,1.76,1.77,1.75,1.75,1.77,1.77,1.78,1.78,1.77,1.78,1.79,1.79,1.8,1.78,1.78,1.8,1.8,1.81,1.81,1.79,1.81,1.81,1.83,1.83,1.81,1.81,1.83,1.83,1.84,1.83,1.82,1.83,1.83,1.85,1.85,1.85,1.84,1.86,1.86,1.87,1.87,1.85,1.86,1.87,1.88,1.88,1.87,1.87,1.88,1.89,1.89,1.89,1.88,1.89,1.9,1.9,1.91,1.89,1.89,1.9,1.91,1.92,1.91,1.9,1.91,1.91,1.92,1.92,1.91,1.91,1.92,1.92,1.94,1.92,1.92,1.92,1.94,1.94,1.95,1.93,1.93,1.94,1.94,1.95,1.94,1.93,1.94,1.94,1.95,1.95,1.93,1.93,1.94,1.94,1.95,1.95,1.93,1.93,1.94,1.95,1.95,1.94,1.94,1.95,1.95,1.96,1.95,1.93,1.94,1.95,1.96,1.96,1.95,1.95,1.95,1.97,1.97,1.97,1.95,1.96,1.96,1.97,1.97,1.95,1.96,1.97,1.97,1.97
0,0.01,0.05,0.07,0.1,0.13,0.14,0.16,0.18,0.19,0.22,0.22,0.24,0.25,0.26,0.28,0.29,0.3,0.32,0.34,0.35,0.36,0.36,0.37,0.38,0.39,0.4,0.41,0.42,0.42,0.44,0.45,0.47,0.47,0.47,0.47,0.48,0.5,0.51,0.51,0.52,0.53,0.54,0.54,0.54,0.53,0.54,0.55,0.56,0.57,0.57,0.57,0.59,0.6,0.6,0.6,0.61,0.61,0.62,0.63,0.63,0.63,0.64,0.64,0.64,0.64,0.63,0.63,0.65,0.66,0.66,0.67,0.67,0.67,0.68,0.68,0.68,0.67,0.67,0.68,0.69,0.7,0.7,0.7,0.71,0.72,0.72,0.72,0.71,0.71,0.72,0.73,0.74,0.74,0.74,0.75,0.75,0.75,0.76,0.75,0.75,0.76,0.76,0.76,0.75,0.75,0.76,0.77,0.77,0.78,0.78,0.78,0.78,0.79,0.8,0.8,0.8,0.8,0.8,0.81,0.81,0.81,0.81,0.81,0.81,0.82,0.82,0.81,0.82,0.82,0.83,0.84,0.83,0.83,0.83,0.83,0.84,0.84,0.83,0.84,0.84,0.85,0.85,0.84,0.84,0.85,0.86,0.86,0.86,0.86,0.87,0.87,0.87,0.87,0.87,0.87,0.87,0.87,0.88,0.88,0.87,0.88,0.88,0.89,0.89,0.88,0.88,0.89,0.89,0.9,0.9,0.89,0.89,0.9,0.9,0.91,0.9,0.9,0.91,0.91,0.91,0.91,0.9,0.91,0.92,0.92,0.92,0.91,0.91,0.92,0.93,0.94,0.94,0.92,0.92,0.93,0.94,0.94,0.94,0.93,0.94,0.94,0.95,0.95,0.94,0.95,0.95,0.95,0.96,0.95,0.94,0.95,0.95,0.95,0.95,0.95,0.95,0.95,0.96,0.96,0.95,0.95,0.96,0.96,0.96,0.96,0.95,0.94,0.95,0.97,0.97,0.97,0.97,0.97,0.97,0.98,0.98,0.97,0.97,0.98,0.98,0.98,0.97,0.96,0.97,0.98,0.98,0.99,0.98,0.99,0.99,0.99,0.99,0.99,0.98,0.98,0.98,0.99,1,0.99,0.99,1,1,1,1,0.99,0.99,0.99,1,1,0.99,0.99,1,1,1,0.99,0.99,1,1,1,1,1,1,1,1,1.01,1,1,1.01,1.01,1.01,1.01,0.99,1,1,1,1,1,1,1,1.01,1.01
0,0.02,0.03,0.03,0.04,0.05,0.06,0.07,0.07,0.07,0.07,0.08,0.09,0.09,0.09,0.09,0.09,0.1,0.11,0.11,0.12,0.12,0.12,0.12,0.12,0.12,0.13,0.13,0.14,0.15,0.14,0.14,0.15,0.15,0.15,0.15,0.16,0.16,0.16,0.16,0.15,0.15,0.15,0.16,0.17,0.17,0.16,0.16,0.16,0.16,0.16,0.17,0.17,0.18,0.18,0.17,0.17,0.17,0.17,0.18,0.18,0.19,0.19,0.19,0.18,0.17,0.18,0.18,0.19,0.19,0.19,0.19,0.19,0.19,0.19,0.19,0.2,0.2,0.2,0.2,0.2,0.2,0.2,0.21,0.21,0.2,0.2,0.2,0.2,0.2,0.2,0.2,0.21,0.21,0.2,0.2,0.2,0.21,0.21,0.21,0.2,0.2,0.2,0.21,0.21,0.21,0.22,0.22,0.22,0.21,0.21,0.21,0.21,0.21,0.21,0.21,0.22,0.22,0.22,0.21,0.22,0.22,0.23,0.23,0.22,0.22,0.22,0.22,0.23,0.23,0.23,0.23,0.23,0.24,0.23,0.22,0.22,0.22,0.22,0.23,0.23,0.23,0.22,0.23,0.22,0.22,0.22,0.23,0.23,0.23,0.23,0.22,0.23,0.23,0.23,0.23,0.24,0.23,0.23,0.23,0.23,0.23,0.23,0.24,0.24,0.23,0.23,0.23,0.23,0.23,0.24,0.24,0.24,0.24,0.23,0.23,0.24,0.24,0.24,0.25,0.25,0.25,0.25,0.25,0.24,0.23,0.24,0.24,0.24,0.25,0.25,0.25,0.24,0.24,0.24,0.24,0.24,0.24,0.25,0.25,0.25,0.25,0.25,0.25,0.24,0.24,0.24,0.25,0.26,0.26,0.25,0.24,0.24,0.25,0.25,0.25,0.25,0.25,0.25,0.24,0.25,0.25,0.25,0.25,0.25,0.26,0.26,0.25,0.25,0.25,0.25,0.26,0.26,0.26,0.25,0.25,0.25,0.25,0.26,0.26,0.25,0.25,0.25,0.25,0.26,0.26,0.26,0.26,0.26,0.26,0.25,0.25,0.26,0.26,0.26,0.27,0.26,0.26,0.26,0.26,0.26,0.25,0.25,0.26,0.26,0.26,0.25,0.24,0.25,0.26,0.26,0.26,0.26,0.26,0.26,0.25,0.26,0.25,0.25,0.25,0.26,0.26,0.26,0.25,0.25,0.25,0.26,0.26,0.26,0.26,0.25,0.25,0.25,0.25,0.25,0.26,0.26,0.26,0.26,0.26,0.25,0.27
0,0.02,0.03,0.05,0.06,0.09,0.11,0.12,0.15,0.15,0.16,0.17,0.18,0.2,0.21,0.23,0.24,0.25,0.27,0.27,0.28,0.27,0.28,0.28,0.29,0.31,0.31,0.32,0.34,0.34,0.35,0.35,0.35,0.35,0.35,0.36,0.37,0.38,0.38,0.39,0.4,0.41,0.4,0.4,0.4,0.41,0.42,0.43,0.43,0.43,0.43,0.43,0.43,0.43,0.43,0.43,0.44,0.44,0.45,0.45,0.46,0.47,0.48,0.49,0.5,0.5,0.5,0.5,0.51,0.52,0.52,0.52,0.53,0.53,0.53,0.53,0.53,0.54,0.54,0.54,0.54,0.55,0.55,0.55,0.56,0.56,0.56,0.56,0.56,0.56,0.57,0.57,0.57,0.57,0.57,0.57,0.58,0.58,0.58,0.58,0.59,0.59,0.59,0.58,0.59,0.59,0.59,0.6,0.6,0.59,0.6,0.6,0.6,0.6,0.59,0.58,0.58,0.58,0.59,0.6,0.61,0.61,0.62,0.62,0.62,0.62,0.62,0.62,0.62,0.62,0.63,0.63,0.63,0.63,0.64,0.64,0.64,0.64,0.64,0.64,0.64,0.65,0.64,0.65,0.64,0.64,0.65,0.65,0.65,0.65,0.65,0.65,0.65,0.65,0.65,0.66,0.65,0.66,0.66,0.65,0.65,0.65,0.66,0.66,0.67,0.66,0.66,0.67,0.67,0.67,0.67,0.67,0.67,0.66,0.66,0.66,0.66,0.66,0.66,0.66,0.66,0.67,0.68,0.69,0.69,0.69,0.69,0.68,0.69,0.7,0.7,0.7,0.69,0.7,0.7,0.7,0.7,0.7,0.69,0.69,0.69,0.7,0.7,0.69,0.69,0.69,0.69,0.7,0.7,0.7,0.7,0.71,0.7,0.7,0.7,0.7,0.7,0.7,0.69,0.69,0.7,0.7,0.71,0.72,0.71,0.71,0.71,0.71,0.71,0.7,0.71,0.71,0.72,0.72,0.71,0.71,0.72,0.72,0.72,0.73,0.73,0.73,0.72,0.72,0.72,0.71,0.71,0.71,0.71,0.71,0.73,0.73,0.73,0.73,0.73,0.73,0.73,0.73,0.73,0.73,0.73,0.73,0.72,0.71,0.71,0.71,0.71,0.71,0.71,0.72,0.72,0.73,0.74,0.73,0.73,0.72,0.72,0.72,0.72,0.73,0.73,0.73,0.74,0.74,0.74,0.73,0.73,0.73,0.72,0.72,0.72,0.72,0.73,0.74,0.74,0.74,0.73,0.73,0.72,0.72,0.72,0.74
0,0.02,0.05,0.07,0.1,0.12,0.13,0.16,0.18,0.21,0.22,0.23,0.24,0.25,0.27,0.28,0.29,0.31,0.33,0.35,0.35,0.36,0.36,0.37,0.38,0.39,0.41,0.42,0.43,0.43,0.44,0.44,0.45,0.45,0.46,0.47,0.49,0.49,0.5,0.51,0.52,0.53,0.53,0.53,0.53,0.53,0.54,0.55,0.56,0.55,0.56,0.56,0.57,0.57,0.58,0.58,0.59,0.6,0.6,0.61,0.61,0.61,0.61,0.62,0.63,0.63,0.64,0.64,0.65,0.66,0.66,0.67,0.67,0.68,0.68,0.69,0.68,0.68,0.68,0.68,0.69,0.7,0.7,0.71,0.71,0.71,0.72,0.72,0.72,0.73,0.73,0.73,0.73,0.72,0.72,0.73,0.74,0.74,0.74,0.73,0.74,0.75,0.75,0.76,0.76,0.76,0.77,0.77,0.77,0.76,0.76,0.76,0.77,0.78,0.78,0.78,0.78,0.78,0.79,0.79,0.79,0.79,0.79,0.79,0.8,0.8,0.8,0.8,0.81,0.81,0.81,0.81,0.81,0.82,0.82,0.82,0.82,0.81,0.81,0.81,0.82,0.83,0.83,0.83,0.84,0.84,0.84,0.83,0.82,0.83,0.84,0.85,0.85,0.85,0.85,0.85,0.85,0.85,0.86,0.86,0.86,0.85,0.86,0.86,0.85,0.86,0.86,0.87,0.87,0.87,0.87,0.87,0.88,0.88,0.88,0.87,0.87,0.88,0.88,0.88,0.88,0.88,0.88,0.89,0.89,0.9,0.9,0.89,0.89,0.89,0.9,0.91,0.91,0.91,0.92,0.92,0.91,0.9,0.9,0.91,0.92,0.92,0.91,0.91,0.92,0.92,0.92,0.92,0.92,0.93,0.93,0.94,0.94,0.93,0.93,0.93,0.94,0.93,0.93,0.93,0.93,0.94,0.94,0.94,0.94,0.94,0.94,0.95,0.96,0.95,0.95,0.94,0.95,0.96,0.96,0.96,0.95,0.95,0.95,0.96,0.96,0.96,0.95,0.95,0.96,0.97,0.97,0.96,0.95,0.96,0.97,0.97,0.97,0.96,0.96,0.96,0.97,0.97,0.97,0.96,0.96,0.97,0.97,0.97,0.97,0.96,0.97,0.97,0.97,0.97,0.97,0.97,0.97,0.98,0.97,0.97,0.96,0.96,0.97,0.98,0.98,0.97,0.97,0.97,0.97,0.98,0.98,0.98,0.98,0.97,0.97,0.98,0.98,0.98,0.98,0.98,0.98,0.98,0.98,0.99,0.99,0.99
0,0.03,0.05,0.08,0.09,0.12,0.14,0.17,0.2,0.22,0.23,0.24,0.26,0.29,0.3,0.32,0.33,0.35,0.37,0.39,0.41,0.42,0.43,0.45,0.46,0.48,0.49,0.49,0.5,0.51,0.53,0.53,0.54,0.54,0.55,0.56,0.57,0.58,0.58,0.59,0.59,0.59,0.6,0.6,0.61,0.62,0.63,0.64,0.65,0.65,0.66,0.66,0.67,0.66,0.66,0.67,0.69,0.7,0.7,0.7,0.69,0.69,0.7,0.7,0.72,0.72,0.73,0.74,0.75,0.75,0.75,0.75,0.75,0.76,0.76,0.76,0.76,0.76,0.78,0.78,0.79,0.78,0.78,0.79,0.8,0.8,0.81,0.81,0.81,0.82,0.83,0.84,0.83,0.82,0.84,0.85,0.85,0.86,0.85,0.85,0.85,0.86,0.87,0.87,0.87,0.87,0.87,0.88,0.89,0.88,0.88,0.89,0.89,0.9,0.9,0.89,0.89,0.89,0.9,0.91,0.91,0.91,0.92,0.92,0.93,0.93,0.92,0.92,0.93,0.92,0.92,0.92,0.92,0.93,0.94,0.94,0.94,0.95,0.95,0.96,0.96,0.96,0.95,0.94,0.95,0.96,0.97,0.96,0.96,0.95,0.96,0.98,0.99,0.98,0.97,0.98,0.97,0.98,0.98,0.98,0.99,0.99,0.99,0.99,0.98,0.99,1,1,1.01,1,0.99,1,1.01,1.02,1.02,1.01,1.01,1.01,1.01,1.01,1.02,1.02,1.02,1.03,1.03,1.03,1.01,1.01,1.03,1.03,1.04,1.04,1.03,1.02,1.04,1.04,1.05,1.05,1.05,1.05,1.05,1.04,1.05,1.05,1.05,1.05,1.06,1.05,1.04,1.04,1.05,1.07,1.08,1.07,1.06,1.07,1.06,1.06,1.07,1.07,1.08,1.08,1.08,1.08,1.08,1.07,1.07,1.07,1.08,1.09,1.09,1.08,1.09,1.09,1.09,1.08,1.07,1.08,1.1,1.1,1.1,1.09,1.08,1.08,1.09,1.1,1.11,1.11,1.11,1.11,1.11,1.11,1.11,1.1,1.1,1.11,1.11,1.11,1.1,1.1,1.1,1.1,1.11,1.11,1.11,1.1,1.1,1.11,1.1,1.09,1.11,1.11,1.12,1.12,1.11,1.11,1.1,1.11,1.12,1.11,1.1,1.1,1.1,1.1,1.11,1.11,1.11,1.12,1.12,1.12,1.11,1.1,1.1,1.1,1.11,1.12,1.12,1.12,1.12,1.12,1.12,1.12
0,0.08,0.13,0.19,0.23,0.26,0.31,0.34,0.4,0.42,0.44,0.49,0.52,0.57,0.6,0.62,0.65,0.67,0.7,0.72,0.74,0.75,0.77,0.81,0.84,0.86,0.86,0.87,0.9,0.92,0.94,0.96,0.95,0.98,0.99,1.02,1.04,1.04,1.04,1.06,1.08,1.1,1.11,1.1,1.11,1.14,1.16,1.17,1.17,1.17,1.19,1.21,1.23,1.23,1.23,1.25,1.26,1.27,1.28,1.29,1.29,1.3,1.31,1.33,1.34,1.33,1.34,1.35,1.36,1.37,1.37,1.38,1.39,1.39,1.41,1.41,1.4,1.41,1.43,1.44,1.45,1.44,1.44,1.45,1.46,1.47,1.47,1.47,1.48,1.48,1.5,1.5,1.51,1.51,1.52,1.52,1.53,1.54,1.53,1.54,1.56,1.56,1.56,1.56,1.56,1.58,1.59,1.59,1.59,1.59,1.59,1.6,1.61,1.61,1.62,1.61,1.62,1.64,1.64,1.64,1.63,1.64,1.65,1.66,1.67,1.66,1.66,1.67,1.67,1.68,1.68,1.68,1.68,1.7,1.71,1.71,1.7,1.7,1.71,1.72,1.73,1.73,1.72,1.73,1.74,1.74,1.75,1.74,1.74,1.75,1.75,1.76,1.76,1.75,1.76,1.76,1.77,1.79,1.78,1.77,1.78,1.79,1.8,1.8,1.79,1.8,1.8,1.81,1.82,1.8,1.8,1.82,1.82,1.83,1.83,1.82,1.82,1.83,1.84,1.84,1.84,1.83,1.84,1.85,1.86,1.86,1.85,1.85,1.86,1.86,1.88,1.86,1.86,1.87,1.87,1.88,1.88,1.87,1.87,1.88,1.88,1.9,1.89,1.89,1.89,1.9,1.9,1.9,1.89,1.9,1.91,1.92,1.92,1.92,1.91,1.92,1.92,1.93,1.94,1.92,1.92,1.94,1.94,1.94,1.93,1.92,1.94,1.94,1.95,1.95,1.94,1.95,1.95,1.95,1.96,1.95,1.96,1.96,1.96,1.97,1.97,1.96,1.96,1.97,1.98,1.98,1.98,1.97,1.98,1.98,1.99,1.99,1.97,1.98,1.99,2,1.99,1.99,1.98,1.99,1.99,1.99,1.99,1.98,1.98,1.99,1.99,2,1.99,1.98,1.99,1.99,2,2,1.99,1.99,1.99,2,2,1.99,1.98,2,2,2.01,2.01,1.99,1.99,2,2,2.01,2,2,2,2.01,2.02,2.01,2,2,2,2.01,2.02,2.02
0,0.01,0.02,0.03,0.09,0.14,0.2,0.29,0.33,0.39,0.44,0.48,0.55,0.58,0.61,0.66,0.71,0.77,0.8,0.82,0.85,0.88,0.92,0.96,0.99,1,1.02,1.06,1.09,1.12,1.12,1.15,1.17,1.2,1.23,1.24,1.24,1.27,1.3,1.33,1.35,1.36,1.38,1.39,1.41,1.43,1.43,1.44,1.46,1.48,1.5,1.52,1.52,1.52,1.55,1.57,1.59,1.59,1.59,1.61,1.63,1.64,1.66,1.65,1.66,1.67,1.69,1.71,1.71,1.71,1.73,1.74,1.76,1.77,1.77,1.77,1.8,1.81,1.83,1.82,1.82,1.83,1.84,1.87,1.88,1.87,1.87,1.89,1.91,1.91,1.91,1.91,1.92,1.93,1.94,1.96,1.94,1.95,1.96,1.98,1.98,1.98,1.98,2,2,2.02,2.02,2.02,2.03,2.03,2.05,2.06,2.06,2.05,2.06,2.07,2.08,2.09,2.09,2.09,2.1,2.11,2.12,2.12,2.12,2.13,2.13,2.14,2.15,2.14,2.15,2.16,2.17,2.18,2.18,2.17,2.19,2.19,2.2,2.21,2.2,2.2,2.22,2.23,2.24,2.23,2.22,2.23,2.25,2.26,2.26,2.25,2.25,2.26,2.27,2.28,2.28,2.28,2.28,2.29,2.3,2.31,2.29,2.3,2.31,2.32,2.33,2.31,2.31,2.32,2.34,2.34,2.35,2.34,2.33,2.35,2.35,2.37,2.36,2.35,2.36,2.37,2.38,2.38,2.37,2.37,2.38,2.39,2.4,2.39,2.39,2.39,2.41,2.42,2.42,2.41,2.41,2.42,2.42,2.43,2.43,2.41,2.43,2.43,2.44,2.44,2.44,2.44,2.45,2.46,2.47,2.46,2.46,2.46,2.48,2.48,2.49,2.47,2.47,2.49,2.49,2.49,2.49,2.48,2.49,2.5,2.5,2.51,2.5,2.49,2.5,2.51,2.52,2.52,2.51,2.52,2.52,2.54,2.54,2.53,2.52,2.53,2.54,2.55,2.54,2.53,2.54,2.55,2.56,2.56,2.55,2.55,2.56,2.56,2.57,2.57,2.56,2.56,2.57,2.58,2.58,2.56,2.56,2.57,2.57,2.58,2.57,2.56,2.57,2.57,2.58,2.58,2.57,2.56,2.57,2.58,2.59,2.58,2.57,2.57,2.58,2.59,2.59,2.58,2.58,2.59,2.59,2.6,2.59,2.58,2.59,2.6,2.61,2.61,2.59,2.59,2.6,2.6,2.61,2.61,2.59,2.61
0,0.08,0.23,0.38,0.63,0.8,0.97,1.1,1.25,1.47,1.61,1.75,1.84,1.96,2.14,2.25,2.4,2.44,2.51,2.67,2.76,2.9,2.95,3.02,3.11,3.19,3.31,3.38,3.41,3.46,3.54,3.65,3.72,3.77,3.79,3.85,3.95,4.02,4.1,4.1,4.14,4.23,4.28,4.37,4.39,4.39,4.46,4.51,4.59,4.64,4.63,4.67,4.72,4.79,4.85,4.87,4.87,4.92,4.99,5.04,5.08,5.07,5.09,5.16,5.2,5.27,5.27,5.26,5.32,5.36,5.43,5.46,5.44,5.47,5.51,5.57,5.61,5.62,5.61,5.64,5.7,5.74,5.78,5.76,5.77,5.83,5.87,5.91,5.91,5.9,5.95,5.98,6.02,6.06,6.03,6.05,6.1,6.12,6.18,6.18,6.15,6.19,6.22,6.27,6.3,6.27,6.28,6.32,6.37,6.41,6.4,6.38,6.43,6.46,6.49,6.53,6.49,6.51,6.55,6.57,6.62,6.62,6.59,6.62,6.65,6.7,6.73,6.69,6.7,6.73,6.78,6.81,6.79,6.77,6.8,6.85,6.88,6.9,6.87,6.87,6.91,6.94,6.99,6.97,6.95,6.98,7,7.04,7.07,7.04,7.03,7.07,7.1,7.13,7.13,7.09,7.12,7.16,7.19,7.21,7.18,7.17,7.22,7.25,7.29,7.27,7.24,7.28,7.3,7.34,7.36,7.33,7.32,7.36,7.39,7.42,7.41,7.38,7.4,7.44,7.47,7.49,7.44,7.44,7.49,7.51,7.54,7.53,7.5,7.53,7.55,7.57,7.6,7.56,7.56,7.59,7.61,7.66,7.65,7.61,7.64,7.67,7.7,7.72,7.67,7.67,7.72,7.74,7.77,7.74,7.71,7.75,7.77,7.8,7.83,7.78,7.79,7.81,7.83,7.87,7.85,7.82,7.85,7.87,7.9,7.92,7.87,7.87,7.9,7.93,7.96,7.93,7.91,7.93,7.96,7.99,8,7.96,7.95,7.99,8.01,8.05,8.03,8,8.02,8.04,8.08,8.09,8.04,8.04,8.07,8.1,8.13,8.1,8.07,8.09,8.12,8.13,8.14,8.09,8.08,8.11,8.12,8.15,8.12,8.08,8.11,8.12,8.15,8.16,8.12,8.1,8.13,8.15,8.18,8.16,8.11,8.13,8.16,8.18,8.2,8.14,8.13,8.17,8.18,8.21,8.19,8.16,8.19,8.2,8.23,8.24,8.2,8.19,8.22,8.24,8.27,8.25,8.2,8.23,8.25,8.27
0,0.01,0.06,0.18,0.27,0.36,0.48,0.55,0.69,0.78,0.86,0.97,1.03,1.12,1.19,1.25,1.37,1.42,1.47,1.52,1.58,1.66,1.71,1.75,1.79,1.84,1.91,1.95,2.01,2.02,2.06,2.12,2.16,2.22,2.23,2.27,2.3,2.34,2.4,2.42,2.43,2.47,2.5,2.55,2.59,2.6,2.62,2.65,2.69,2.72,2.75,2.75,2.77,2.82,2.85,2.89,2.89,2.89,2.93,2.96,3,3.01,3.01,3.04,3.07,3.1,3.13,3.13,3.13,3.16,3.19,3.22,3.24,3.23,3.25,3.28,3.31,3.33,3.33,3.33,3.36,3.38,3.42,3.42,3.42,3.44,3.46,3.48,3.5,3.49,3.5,3.52,3.55,3.57,3.58,3.57,3.58,3.61,3.63,3.65,3.64,3.64,3.67,3.69,3.71,3.72,3.71,3.73,3.75,3.77,3.79,3.79,3.79,3.8,3.82,3.85,3.85,3.84,3.86,3.87,3.89,3.91,3.9,3.9,3.93,3.95,3.97,3.97,3.96,3.98,3.99,4.01,4.03,4.02,4.02,4.04,4.05,4.08,4.08,4.06,4.08,4.09,4.12,4.13,4.12,4.12,4.13,4.16,4.18,4.18,4.17,4.18,4.2,4.22,4.23,4.22,4.21,4.24,4.25,4.28,4.27,4.26,4.27,4.28,4.3,4.31,4.3,4.29,4.31,4.33,4.35,4.35,4.33,4.34,4.36,4.37,4.39,4.37,4.37,4.39,4.4,4.43,4.42,4.41,4.42,4.43,4.45,4.46,4.45,4.45,4.46,4.48,4.49,4.49,4.47,4.48,4.5,4.52,4.53,4.51,4.5,4.52,4.54,4.55,4.56,4.54,4.55,4.56,4.59,4.6,4.58,4.58,4.59,4.62,4.63,4.63,4.6,4.61,4.63,4.65,4.67,4.64,4.64,4.66,4.67,4.69,4.68,4.67,4.68,4.69,4.7,4.72,4.7,4.7,4.71,4.72,4.75,4.74,4.72,4.73,4.74,4.75,4.77,4.75,4.74,4.76,4.77,4.79,4.78,4.77,4.78,4.79,4.8,4.82,4.8,4.8,4.81,4.81,4.83,4.82,4.8,4.8,4.81,4.82,4.83,4.8,4.8,4.81,4.82,4.83,4.82,4.8,4.81,4.82,4.83,4.84,4.82,4.81,4.83,4.84,4.86,4.85,4.83,4.83,4.84,4.86,4.87,4.84,4.84,4.85,4.86,4.87,4.86,4.85,4.85,4.86,4.88,4.89,4.87,4.86,4.88,4.89
0,0.01,0.05,0.13,0.25,0.33,0.44,0.5,0.57,0.68,0.75,0.84,0.88,0.92,1.02,1.07,1.16,1.2,1.22,1.29,1.34,1.41,1.45,1.48,1.52,1.56,1.62,1.66,1.68,1.71,1.73,1.78,1.82,1.85,1.87,1.89,1.94,1.97,2.02,2.04,2.04,2.07,2.1,2.15,2.17,2.17,2.19,2.22,2.25,2.28,2.3,2.29,2.32,2.36,2.38,2.41,2.42,2.42,2.45,2.47,2.49,2.51,2.51,2.54,2.56,2.58,2.61,2.61,2.61,2.64,2.65,2.69,2.7,2.69,2.71,2.73,2.75,2.77,2.76,2.77,2.79,2.82,2.84,2.85,2.84,2.86,2.88,2.9,2.92,2.92,2.93,2.94,2.96,2.98,2.99,2.98,2.99,3.01,3.03,3.05,3.04,3.04,3.06,3.08,3.1,3.1,3.09,3.1,3.12,3.14,3.16,3.15,3.14,3.17,3.18,3.2,3.2,3.19,3.2,3.22,3.24,3.26,3.25,3.25,3.26,3.28,3.3,3.31,3.29,3.3,3.32,3.34,3.36,3.34,3.34,3.36,3.37,3.39,3.39,3.38,3.39,3.4,3.43,3.44,3.43,3.42,3.43,3.45,3.47,3.47,3.45,3.46,3.48,3.49,3.5,3.49,3.49,3.5,3.51,3.53,3.54,3.52,3.53,3.55,3.56,3.57,3.56,3.56,3.57,3.58,3.6,3.61,3.59,3.59,3.61,3.62,3.63,3.62,3.62,3.64,3.64,3.65,3.66,3.64,3.65,3.66,3.68,3.69,3.68,3.67,3.69,3.69,3.71,3.72,3.7,3.71,3.72,3.74,3.76,3.74,3.73,3.74,3.76,3.78,3.78,3.76,3.76,3.78,3.79,3.81,3.79,3.78,3.8,3.81,3.83,3.83,3.81,3.82,3.83,3.85,3.86,3.84,3.84,3.85,3.86,3.87,3.87,3.86,3.86,3.88,3.89,3.9,3.88,3.88,3.89,3.91,3.92,3.92,3.9,3.91,3.92,3.94,3.95,3.93,3.92,3.93,3.95,3.96,3.96,3.94,3.95,3.96,3.97,3.99,3.97,3.96,3.98,3.99,4,3.99,3.97,3.98,3.98,3.99,4,3.98,3.97,3.98,3.99,4,4,3.97,3.98,3.99,4,4.01,3.98,3.97,3.99,4,4.01,4.01,3.99,4,4.01,4.01,4.03,4.01,4,4.02,4.02,4.04,4.03,4.01,4.02,4.03,4.03,4.04,4.02,4.02,4.03,4.04
0,0.11,0.28,0.4,0.5,0.62,0.74,0.9,1,1.09,1.18,1.25,1.39,1.46,1.54,1.63,1.67,1.77,1.84,1.91,1.99,2.02,2.08,2.15,2.2,2.29,2.32,2.36,2.41,2.45,2.53,2.58,2.6,2.63,2.68,2.74,2.79,2.82,2.83,2.86,2.92,2.96,3.01,3.02,3.03,3.09,3.12,3.19,3.2,3.21,3.25,3.28,3.33,3.36,3.36,3.38,3.41,3.46,3.5,3.51,3.51,3.53,3.58,3.61,3.64,3.63,3.64,3.68,3.71,3.76,3.76,3.75,3.78,3.81,3.85,3.88,3.87,3.88,3.91,3.95,3.98,3.98,3.97,4,4.03,4.06,4.08,4.07,4.07,4.11,4.13,4.18,4.17,4.16,4.19,4.21,4.25,4.27,4.25,4.26,4.29,4.32,4.35,4.35,4.33,4.35,4.39,4.41,4.44,4.42,4.42,4.45,4.47,4.5,4.5,4.49,4.51,4.53,4.55,4.58,4.56,4.56,4.59,4.6,4.63,4.64,4.62,4.64,4.66,4.69,4.7,4.68,4.68,4.71,4.74,4.76,4.76,4.74,4.76,4.78,4.8,4.82,4.8,4.8,4.82,4.84,4.88,4.87,4.85,4.87,4.89,4.92,4.94,4.91,4.91,4.93,4.96,4.98,4.98,4.97,4.98,5,5.02,5.03,5.01,5.01,5.04,5.05,5.08,5.07,5.05,5.07,5.09,5.11,5.12,5.1,5.1,5.12,5.15,5.17,5.17,5.14,5.15,5.18,5.2,5.21,5.19,5.19,5.22,5.23,5.26,5.25,5.22,5.24,5.26,5.29,5.3,5.27,5.27,5.29,5.31,5.34,5.34,5.31,5.32,5.34,5.36,5.38,5.35,5.35,5.37,5.39,5.41,5.4,5.38,5.4,5.41,5.43,5.44,5.42,5.42,5.43,5.45,5.47,5.47,5.44,5.46,5.47,5.49,5.51,5.48,5.48,5.5,5.51,5.53,5.52,5.51,5.52,5.54,5.55,5.57,5.54,5.54,5.56,5.58,5.6,5.59,5.57,5.58,5.59,5.62,5.63,5.6,5.6,5.62,5.63,5.64,5.62,5.6,5.61,5.62,5.64,5.65,5.62,5.6,5.62,5.63,5.65,5.63,5.61,5.62,5.64,5.66,5.66,5.62,5.62,5.64,5.65,5.67,5.65,5.64,5.65,5.66,5.68,5.69,5.66,5.65,5.67,5.68,5.71,5.69,5.67,5.68,5.69,5.71,5.72,5.69,5.69,5.7,5.72,5.74,5.74
0,0.02,0.06,0.08,0.11,0.13,0.16,0.19,0.21,0.23,0.26,0.26,0.28,0.29,0.3,0.31,0.31,0.32,0.33,0.34,0.37,0.38,0.39,0.4,0.41,0.42,0.43,0.43,0.42,0.43,0.44,0.45,0.46,0.46,0.48,0.49,0.49,0.5,0.5,0.51,0.51,0.52,0.52,0.52,0.51,0.52,0.53,0.55,0.56,0.56,0.56,0.57,0.58,0.59,0.59,0.58,0.58,0.58,0.59,0.6,0.6,0.61,0.61,0.61,0.62,0.63,0.62,0.63,0.63,0.64,0.65,0.64,0.63,0.63,0.64,0.64,0.65,0.65,0.65,0.65,0.66,0.67,0.67,0.67,0.67,0.67,0.69,0.69,0.68,0.68,0.68,0.68,0.68,0.68,0.68,0.68,0.68,0.69,0.7,0.7,0.7,0.72,0.72,0.72,0.71,0.71,0.72,0.72,0.73,0.72,0.72,0.73,0.73,0.74,0.74,0.74,0.74,0.74,0.74,0.75,0.75,0.74,0.74,0.74,0.74,0.74,0.74,0.74,0.75,0.76,0.76,0.76,0.76,0.76,0.77,0.77,0.77,0.76,0.75,0.75,0.76,0.77,0.77,0.77,0.77,0.77,0.78,0.79,0.78,0.78,0.78,0.78,0.79,0.79,0.79,0.79,0.79,0.79,0.79,0.79,0.79,0.79,0.8,0.81,0.81,0.79,0.8,0.81,0.82,0.82,0.81,0.8,0.8,0.8,0.8,0.81,0.8,0.81,0.82,0.82,0.83,0.82,0.81,0.82,0.82,0.82,0.81,0.8,0.8,0.82,0.83,0.83,0.83,0.82,0.83,0.83,0.83,0.83,0.81,0.81,0.83,0.84,0.85,0.84,0.83,0.84,0.84,0.85,0.85,0.84,0.85,0.85,0.85,0.85,0.85,0.85,0.85,0.85,0.86,0.86,0.85,0.85,0.86,0.86,0.87,0.86,0.86,0.86,0.86,0.86,0.86,0.86,0.86,0.87,0.87,0.88,0.87,0.86,0.87,0.86,0.87,0.88,0.87,0.88,0.88,0.89,0.89,0.88,0.87,0.86,0.87,0.87,0.87,0.87,0.87,0.88,0.88,0.89,0.89,0.88,0.89,0.88,0.88,0.88,0.87,0.87,0.87,0.88,0.88,0.88,0.88,0.89,0.89,0.9,0.89,0.88,0.88,0.89,0.89,0.89,0.87,0.87,0.88,0.88,0.89,0.89,0.89,0.9,0.9,0.9,0.9,0.89,0.88,0.88,0.88,0.89,0.9,0.9,0.89,0.9,0.9,0.9
0,0.04,0.11,0.21,0.28,0.34,0.39,0.44,0.52,0.57,0.62,0.65,0.67,0.74,0.77,0.81,0.86,0.86,0.91,0.94,0.98,1.01,1.01,1.05,1.08,1.11,1.14,1.16,1.16,1.19,1.22,1.25,1.27,1.28,1.29,1.32,1.35,1.37,1.39,1.38,1.41,1.43,1.45,1.48,1.47,1.48,1.5,1.51,1.54,1.55,1.54,1.57,1.58,1.61,1.63,1.61,1.61,1.64,1.66,1.68,1.69,1.67,1.69,1.72,1.73,1.76,1.74,1.74,1.77,1.78,1.8,1.81,1.79,1.81,1.83,1.85,1.86,1.86,1.85,1.87,1.89,1.91,1.91,1.89,1.9,1.92,1.93,1.95,1.93,1.93,1.96,1.97,1.99,1.99,1.98,1.98,2,2.02,2.03,2.02,2.02,2.04,2.05,2.06,2.07,2.04,2.05,2.07,2.08,2.1,2.08,2.08,2.1,2.11,2.12,2.13,2.11,2.12,2.14,2.15,2.17,2.16,2.15,2.16,2.17,2.19,2.2,2.18,2.19,2.21,2.22,2.24,2.22,2.21,2.23,2.23,2.25,2.25,2.23,2.25,2.26,2.27,2.29,2.27,2.26,2.28,2.29,2.3,2.31,2.28,2.3,2.31,2.32,2.33,2.31,2.31,2.32,2.34,2.35,2.35,2.33,2.33,2.35,2.36,2.38,2.36,2.35,2.37,2.38,2.4,2.4,2.38,2.38,2.4,2.41,2.42,2.41,2.4,2.41,2.43,2.44,2.43,2.42,2.42,2.44,2.45,2.46,2.44,2.44,2.45,2.46,2.48,2.48,2.46,2.46,2.47,2.48,2.5,2.48,2.47,2.49,2.5,2.51,2.52,2.49,2.5,2.51,2.52,2.53,2.52,2.51,2.52,2.53,2.54,2.55,2.53,2.53,2.55,2.55,2.57,2.56,2.55,2.56,2.57,2.58,2.58,2.56,2.57,2.58,2.59,2.6,2.58,2.57,2.59,2.6,2.61,2.61,2.59,2.6,2.61,2.62,2.64,2.63,2.61,2.63,2.63,2.65,2.65,2.62,2.63,2.64,2.66,2.67,2.65,2.64,2.65,2.66,2.66,2.66,2.64,2.64,2.66,2.66,2.67,2.65,2.63,2.65,2.66,2.68,2.67,2.65,2.65,2.67,2.68,2.69,2.66,2.65,2.67,2.68,2.68,2.68,2.66,2.66,2.68,2.68,2.69,2.67,2.66,2.68,2.69,2.7,2.69,2.68,2.68,2.69,2.7,2.71,2.69,2.68,2.7,2.7,2.71
0,0.01,0.04,0.08,0.12,0.16,0.18,0.2,0.24,0.27,0.3,0.33,0.35,0.39,0.41,0.44,0.47,0.47,0.48,0.5,0.52,0.54,0.55,0.55,0.57,0.59,0.61,0.62,0.63,0.64,0.66,0.68,0.7,0.71,0.7,0.71,0.73,0.74,0.76,0.76,0.75,0.77,0.79,0.81,0.82,0.81,0.81,0.83,0.85,0.86,0.86,0.85,0.86,0.88,0.89,0.9,0.89,0.9,0.91,0.91,0.94,0.94,0.94,0.95,0.95,0.96,0.96,0.95,0.96,0.98,1,1.01,1.01,1,1.01,1.02,1.02,1.02,1.02,1.03,1.04,1.05,1.06,1.05,1.04,1.05,1.06,1.09,1.09,1.08,1.08,1.08,1.09,1.09,1.09,1.1,1.1,1.1,1.11,1.11,1.11,1.11,1.13,1.14,1.15,1.14,1.13,1.15,1.15,1.16,1.18,1.17,1.17,1.17,1.18,1.2,1.19,1.18,1.19,1.2,1.21,1.21,1.19,1.2,1.21,1.21,1.21,1.21,1.21,1.22,1.23,1.23,1.24,1.23,1.24,1.25,1.25,1.25,1.25,1.25,1.26,1.26,1.27,1.27,1.25,1.26,1.27,1.28,1.28,1.27,1.27,1.27,1.29,1.29,1.3,1.29,1.3,1.3,1.31,1.31,1.3,1.29,1.31,1.31,1.32,1.32,1.31,1.31,1.32,1.32,1.33,1.32,1.32,1.33,1.34,1.35,1.35,1.34,1.33,1.34,1.35,1.36,1.35,1.34,1.34,1.35,1.36,1.36,1.35,1.35,1.35,1.37,1.37,1.37,1.36,1.37,1.37,1.38,1.37,1.36,1.37,1.38,1.38,1.38,1.37,1.37,1.39,1.39,1.4,1.4,1.38,1.38,1.39,1.4,1.41,1.4,1.39,1.4,1.4,1.41,1.41,1.4,1.41,1.42,1.42,1.42,1.42,1.41,1.41,1.42,1.42,1.42,1.41,1.42,1.43,1.43,1.44,1.43,1.43,1.44,1.44,1.44,1.44,1.43,1.42,1.44,1.45,1.46,1.44,1.43,1.43,1.45,1.45,1.46,1.44,1.44,1.45,1.46,1.46,1.44,1.44,1.45,1.45,1.46,1.46,1.44,1.45,1.46,1.46,1.46,1.45,1.45,1.46,1.46,1.46,1.46,1.45,1.45,1.46,1.46,1.47,1.46,1.45,1.46,1.46,1.47,1.47,1.45,1.46,1.46,1.47,1.48,1.47,1.46,1.46,1.47,1.48,1.48,1.46,1.46,1.47,1.48
0,0.04,0.12,0.17,0.22,0.26,0.28,0.35,0.39,0.43,0.48,0.48,0.52,0.56,0.59,0.63,0.64,0.65,0.68,0.71,0.75,0.77,0.77,0.78,0.81,0.84,0.86,0.87,0.88,0.91,0.93,0.95,0.96,0.95,0.97,1,1.01,1.04,1.04,1.03,1.05,1.07,1.1,1.11,1.1,1.11,1.13,1.15,1.16,1.17,1.17,1.18,1.19,1.2,1.22,1.22,1.22,1.24,1.25,1.27,1.27,1.26,1.27,1.28,1.3,1.31,1.3,1.3,1.32,1.34,1.35,1.34,1.34,1.35,1.36,1.38,1.39,1.37,1.37,1.4,1.41,1.42,1.42,1.41,1.43,1.43,1.45,1.46,1.44,1.44,1.46,1.47,1.48,1.49,1.47,1.48,1.5,1.51,1.52,1.5,1.5,1.51,1.53,1.54,1.54,1.53,1.54,1.55,1.55,1.57,1.56,1.56,1.57,1.57,1.59,1.59,1.57,1.59,1.6,1.6,1.61,1.59,1.6,1.62,1.63,1.64,1.63,1.61,1.63,1.63,1.64,1.65,1.64,1.64,1.66,1.66,1.67,1.67,1.66,1.67,1.68,1.69,1.7,1.68,1.68,1.7,1.7,1.71,1.7,1.7,1.71,1.71,1.72,1.73,1.71,1.71,1.73,1.74,1.75,1.74,1.73,1.74,1.75,1.76,1.77,1.75,1.74,1.76,1.77,1.77,1.76,1.75,1.77,1.78,1.78,1.79,1.77,1.78,1.79,1.8,1.8,1.8,1.79,1.8,1.81,1.82,1.82,1.81,1.81,1.82,1.83,1.84,1.83,1.82,1.83,1.83,1.84,1.85,1.82,1.83,1.85,1.85,1.86,1.85,1.84,1.86,1.86,1.87,1.87,1.85,1.86,1.88,1.87,1.89,1.88,1.86,1.87,1.89,1.9,1.9,1.88,1.88,1.9,1.9,1.91,1.9,1.89,1.91,1.91,1.92,1.92,1.91,1.91,1.91,1.92,1.94,1.92,1.91,1.93,1.94,1.94,1.95,1.92,1.92,1.94,1.95,1.95,1.95,1.94,1.95,1.96,1.96,1.97,1.95,1.94,1.95,1.96,1.97,1.96,1.94,1.96,1.96,1.97,1.97,1.94,1.95,1.96,1.96,1.97,1.95,1.94,1.95,1.96,1.97,1.97,1.95,1.95,1.96,1.97,1.98,1.97,1.95,1.97,1.98,1.98,1.98,1.97,1.96,1.97,1.98,1.99,1.98,1.97,1.98,1.98,1.98,2,1.98,1.98,1.99,2,2
0,0.04,0.16,0.24,0.32,0.42,0.45,0.56,0.62,0.68,0.76,0.79,0.84,0.91,0.96,1.03,1.07,1.09,1.13,1.17,1.23,1.26,1.27,1.29,1.34,1.4,1.43,1.46,1.46,1.48,1.53,1.55,1.61,1.61,1.61,1.66,1.68,1.72,1.74,1.73,1.75,1.79,1.83,1.86,1.85,1.86,1.89,1.91,1.94,1.96,1.95,1.97,2.01,2.03,2.06,2.05,2.05,2.08,2.1,2.13,2.14,2.12,2.14,2.16,2.2,2.21,2.21,2.2,2.23,2.25,2.28,2.29,2.27,2.29,2.32,2.34,2.36,2.35,2.35,2.38,2.39,2.41,2.42,2.41,2.43,2.45,2.47,2.48,2.47,2.47,2.48,2.51,2.53,2.53,2.51,2.53,2.55,2.56,2.58,2.56,2.56,2.59,2.6,2.62,2.63,2.61,2.63,2.65,2.66,2.68,2.66,2.66,2.68,2.69,2.72,2.72,2.69,2.71,2.73,2.75,2.77,2.74,2.74,2.76,2.78,2.79,2.8,2.78,2.79,2.81,2.83,2.85,2.83,2.82,2.84,2.85,2.87,2.87,2.85,2.86,2.88,2.9,2.91,2.89,2.88,2.9,2.91,2.93,2.93,2.91,2.91,2.94,2.95,2.96,2.94,2.93,2.96,2.97,2.99,2.99,2.97,2.98,2.99,3.01,3.02,3.01,2.99,3.01,3.03,3.04,3.05,3.02,3.02,3.04,3.05,3.07,3.05,3.05,3.07,3.07,3.09,3.08,3.07,3.08,3.09,3.11,3.12,3.1,3.09,3.11,3.12,3.14,3.14,3.11,3.12,3.14,3.15,3.16,3.14,3.14,3.16,3.17,3.18,3.18,3.16,3.17,3.18,3.19,3.21,3.19,3.18,3.2,3.21,3.23,3.23,3.2,3.21,3.22,3.24,3.25,3.22,3.22,3.25,3.25,3.26,3.26,3.24,3.26,3.26,3.27,3.29,3.27,3.27,3.29,3.3,3.31,3.31,3.28,3.29,3.3,3.32,3.33,3.3,3.3,3.31,3.32,3.33,3.33,3.31,3.32,3.34,3.35,3.36,3.34,3.33,3.35,3.35,3.36,3.35,3.33,3.33,3.34,3.35,3.37,3.35,3.33,3.35,3.35,3.36,3.35,3.33,3.34,3.36,3.37,3.38,3.35,3.34,3.36,3.36,3.38,3.38,3.35,3.36,3.37,3.39,3.39,3.37,3.36,3.38,3.39,3.4,3.4,3.37,3.37,3.39,3.4,3.41,3.38,3.38,3.4,3.4,3.41
0,0.03,0.09,0.2,0.27,0.35,0.41,0.47,0.58,0.64,0.7,0.76,0.79,0.88,0.93,0.97,1.03,1.04,1.08,1.13,1.17,1.22,1.24,1.27,1.31,1.35,1.4,1.43,1.43,1.45,1.49,1.53,1.56,1.58,1.59,1.62,1.66,1.68,1.73,1.72,1.73,1.77,1.8,1.84,1.84,1.84,1.87,1.9,1.92,1.95,1.94,1.95,1.98,2.01,2.03,2.04,2.04,2.06,2.08,2.1,2.13,2.12,2.13,2.16,2.18,2.21,2.21,2.2,2.23,2.24,2.27,2.29,2.28,2.29,2.31,2.33,2.35,2.35,2.34,2.36,2.38,2.4,2.42,2.4,2.41,2.43,2.45,2.47,2.47,2.45,2.48,2.49,2.52,2.53,2.52,2.52,2.54,2.56,2.57,2.57,2.57,2.58,2.6,2.62,2.63,2.61,2.61,2.64,2.66,2.68,2.67,2.66,2.68,2.69,2.71,2.72,2.71,2.71,2.73,2.74,2.76,2.76,2.74,2.75,2.77,2.79,2.8,2.78,2.79,2.8,2.81,2.83,2.82,2.81,2.82,2.84,2.85,2.87,2.85,2.85,2.87,2.88,2.9,2.9,2.88,2.89,2.9,2.92,2.94,2.91,2.91,2.93,2.95,2.96,2.95,2.94,2.95,2.97,2.98,2.99,2.97,2.97,2.99,3,3.02,3.01,2.99,3.01,3.02,3.04,3.05,3.03,3.03,3.04,3.06,3.07,3.07,3.05,3.06,3.08,3.09,3.1,3.08,3.08,3.1,3.11,3.13,3.12,3.11,3.12,3.13,3.14,3.15,3.13,3.13,3.15,3.16,3.18,3.17,3.15,3.16,3.18,3.19,3.2,3.17,3.17,3.2,3.2,3.22,3.21,3.19,3.2,3.21,3.22,3.24,3.21,3.21,3.23,3.24,3.26,3.25,3.23,3.24,3.25,3.27,3.28,3.25,3.25,3.27,3.28,3.29,3.28,3.27,3.29,3.29,3.3,3.31,3.29,3.29,3.3,3.31,3.33,3.32,3.3,3.32,3.33,3.34,3.35,3.32,3.32,3.33,3.34,3.36,3.35,3.34,3.34,3.36,3.37,3.37,3.34,3.34,3.35,3.36,3.38,3.37,3.34,3.35,3.36,3.37,3.37,3.35,3.35,3.36,3.37,3.38,3.37,3.35,3.36,3.37,3.38,3.38,3.36,3.35,3.38,3.38,3.39,3.38,3.36,3.38,3.39,3.4,3.4,3.38,3.38,3.39,3.4,3.41,3.4,3.38,3.39,3.4,3.41
0,0.01,0.02,0.02,0.01,0.01,0.01,0.02,0.02,0.03,0.03,0.03,0.02,0.02,0.04,0.03,0.03,0.04,0.04,0.04,0.04,0.04,0.04,0.04,0.04,0.05,0.05,0.05,0.05,0.06,0.05,0.05,0.06,0.06,0.05,0.05,0.06,0.07,0.06,0.05,0.05,0.05,0.07,0.07,0.06,0.06,0.06,0.08,0.08,0.08,0.07,0.07,0.07,0.08,0.08,0.08,0.07,0.07,0.08,0.07,0.07,0.07,0.07,0.08,0.08,0.07,0.07,0.08,0.08,0.08,0.08,0.09,0.09,0.08,0.08,0.09,0.08,0.08,0.08,0.09,0.09,0.09,0.09,0.08,0.09,0.09,0.08,0.09,0.09,0.1,0.09,0.09,0.09,0.1,0.1,0.09,0.1,0.1,0.09,0.1,0.1,0.09,0.09,0.09,0.09,0.09,0.1,0.1,0.09,0.1,0.09,0.09,0.09,0.1,0.1,0.1,0.1,0.11,0.11,0.1,0.1,0.1,0.09,0.09,0.1,0.1,0.1,0.1,0.1,0.1,0.1,0.1,0.1,0.11,0.11,0.11,0.11,0.11,0.1,0.1,0.1,0.11,0.11,0.1,0.11,0.11,0.11,0.11,0.11,0.11,0.1,0.1,0.11,0.11,0.1,0.1,0.11,0.11,0.11,0.11,0.11,0.11,0.11,0.11,0.12,0.11,0.11,0.11,0.12,0.12,0.12,0.11,0.11,0.11,0.11,0.11,0.11,0.11,0.11,0.12,0.11,0.11,0.11,0.12,0.11,0.11,0.11,0.12,0.11,0.11,0.12,0.12,0.11,0.11,0.12,0.12,0.11,0.11,0.12,0.12,0.12,0.12,0.12,0.12,0.12,0.12,0.12,0.12,0.12,0.12,0.12,0.11,0.11,0.12,0.12,0.13,0.12,0.12,0.12,0.12,0.11,0.12,0.12,0.12,0.11,0.12,0.12,0.13,0.12,0.12,0.12,0.13,0.12,0.12,0.12,0.12,0.12,0.12,0.12,0.13,0.13,0.13,0.12,0.13,0.13,0.12,0.12,0.13,0.13,0.12,0.13,0.13,0.13,0.13,0.12,0.12,0.13,0.12,0.12,0.13,0.13,0.13,0.13,0.13,0.13,0.12,0.12,0.12,0.12,0.12,0.12,0.12,0.13,0.13,0.13,0.13,0.13,0.13,0.13,0.12,0.12,0.13,0.13,0.13,0.13,0.12,0.12,0.13,0.13,0.13,0.12,0.12,0.12,0.12,0.13,0.13,0.13,0.13,0.13,0.12,0.12,0.13
0,0.02,0.04,0.06,0.07,0.09,0.1,0.12,0.14,0.15,0.15,0.16,0.17,0.19,0.2,0.21,0.2,0.21,0.21,0.22,0.23,0.23,0.24,0.25,0.25,0.26,0.26,0.26,0.27,0.28,0.29,0.29,0.28,0.28,0.29,0.3,0.31,0.31,0.31,0.31,0.31,0.32,0.34,0.33,0.32,0.33,0.33,0.34,0.34,0.34,0.35,0.36,0.36,0.36,0.36,0.36,0.36,0.37,0.37,0.37,0.37,0.37,0.39,0.39,0.39,0.38,0.38,0.39,0.4,0.41,0.41,0.4,0.4,0.4,0.4,0.4,0.4,0.4,0.41,0.42,0.42,0.43,0.42,0.43,0.44,0.44,0.45,0.44,0.44,0.44,0.44,0.43,0.43,0.42,0.42,0.43,0.43,0.43,0.43,0.43,0.44,0.45,0.46,0.46,0.46,0.46,0.46,0.45,0.45,0.44,0.44,0.44,0.45,0.45,0.45,0.45,0.46,0.46,0.47,0.48,0.48,0.48,0.48,0.48,0.49,0.49,0.48,0.47,0.47,0.47,0.47,0.47,0.48,0.48,0.49,0.49,0.49,0.48,0.49,0.48,0.48,0.48,0.47,0.47,0.49,0.5,0.5,0.5,0.5,0.5,0.51,0.51,0.51,0.51,0.5,0.51,0.52,0.52,0.51,0.51,0.51,0.52,0.52,0.52,0.51,0.51,0.52,0.52,0.53,0.53,0.52,0.53,0.53,0.53,0.53,0.53,0.52,0.52,0.53,0.53,0.53,0.53,0.53,0.52,0.52,0.52,0.52,0.52,0.53,0.53,0.54,0.54,0.53,0.54,0.54,0.54,0.54,0.54,0.54,0.54,0.54,0.55,0.55,0.54,0.55,0.55,0.55,0.55,0.55,0.54,0.55,0.55,0.55,0.55,0.54,0.54,0.54,0.54,0.54,0.53,0.53,0.53,0.53,0.53,0.53,0.53,0.53,0.54,0.54,0.55,0.55,0.56,0.56,0.56,0.56,0.56,0.55,0.56,0.56,0.56,0.57,0.56,0.56,0.56,0.57,0.57,0.57,0.56,0.57,0.57,0.57,0.58,0.56,0.57,0.57,0.57,0.57,0.57,0.56,0.57,0.57,0.57,0.57,0.56,0.56,0.57,0.57,0.57,0.57,0.56,0.57,0.57,0.57,0.58,0.57,0.56,0.56,0.55,0.55,0.55,0.55,0.55,0.56,0.57,0.57,0.56,0.56,0.57,0.57,0.58,0.57,0.57,0.57,0.58,0.58,0.58,0.57,0.57,0.58,0.58,0.58,0.58
0,0.01,0.05,0.07,0.09,0.12,0.14,0.16,0.18,0.2,0.24,0.26,0.27,0.29,0.31,0.33,0.35,0.36,0.37,0.38,0.39,0.4,0.4,0.41,0.42,0.43,0.44,0.45,0.45,0.46,0.47,0.48,0.5,0.5,0.5,0.51,0.52,0.53,0.54,0.54,0.54,0.56,0.57,0.58,0.58,0.58,0.59,0.6,0.6,0.61,0.61,0.61,0.62,0.62,0.63,0.63,0.63,0.65,0.65,0.66,0.66,0.66,0.67,0.68,0.7,0.71,0.71,0.71,0.72,0.73,0.73,0.74,0.73,0.73,0.74,0.74,0.74,0.73,0.74,0.75,0.76,0.77,0.77,0.76,0.77,0.78,0.78,0.79,0.79,0.79,0.8,0.81,0.81,0.82,0.81,0.81,0.82,0.82,0.83,0.82,0.82,0.83,0.83,0.83,0.83,0.83,0.84,0.84,0.85,0.85,0.85,0.85,0.85,0.86,0.86,0.86,0.86,0.86,0.86,0.87,0.87,0.87,0.86,0.87,0.88,0.88,0.88,0.88,0.88,0.88,0.88,0.88,0.88,0.88,0.88,0.88,0.9,0.9,0.9,0.9,0.91,0.92,0.92,0.91,0.91,0.92,0.92,0.91,0.92,0.91,0.91,0.92,0.93,0.93,0.93,0.92,0.92,0.93,0.94,0.94,0.94,0.94,0.94,0.94,0.94,0.94,0.94,0.93,0.93,0.93,0.93,0.94,0.94,0.96,0.96,0.97,0.97,0.96,0.96,0.96,0.97,0.97,0.97,0.97,0.97,0.96,0.96,0.96,0.96,0.97,0.98,0.98,0.99,0.98,0.98,0.98,0.99,0.99,0.99,0.98,0.99,0.99,0.99,0.98,0.97,0.98,0.99,1,1,1,1,1,1,1,0.99,0.99,0.99,1,1.01,1.02,1.01,1.01,1.01,1.01,1.01,1.02,1.01,1.01,1.01,1.01,1.01,1.01,1,1,1,1.02,1.02,1.01,1.01,1.02,1.02,1.03,1.03,1.03,1.03,1.04,1.04,1.03,1.02,1.02,1.02,1.02,1.03,1.03,1.03,1.04,1.04,1.04,1.04,1.03,1.03,1.03,1.04,1.05,1.04,1.04,1.04,1.03,1.03,1.03,1.03,1.03,1.04,1.04,1.04,1.04,1.03,1.03,1.03,1.03,1.03,1.02,1.02,1.02,1.02,1.03,1.03,1.03,1.04,1.05,1.05,1.05,1.04,1.04,1.04,1.04,1.05,1.05,1.05,1.05,1.05,1.05
0,0.01,0.03,0.04,0.05,0.06,0.07,0.08,0.09,0.09,0.1,0.11,0.13,0.14,0.14,0.14,0.14,0.14,0.15,0.16,0.17,0.17,0.18,0.19,0.19,0.19,0.19,0.19,0.2,0.21,0.22,0.22,0.22,0.22,0.22,0.23,0.24,0.24,0.24,0.24,0.24,0.25,0.26,0.26,0.26,0.26,0.26,0.26,0.26,0.26,0.27,0.28,0.28,0.28,0.28,0.28,0.28,0.28,0.28,0.29,0.29,0.29,0.29,0.29,0.3,0.3,0.3,0.3,0.3,0.3,0.3,0.3,0.31,0.31,0.32,0.32,0.33,0.33,0.34,0.34,0.34,0.33,0.33,0.34,0.34,0.35,0.35,0.35,0.35,0.35,0.35,0.35,0.36,0.36,0.36,0.36,0.37,0.37,0.37,0.37,0.36,0.36,0.36,0.36,0.36,0.36,0.37,0.37,0.38,0.37,0.38,0.37,0.37,0.37,0.38,0.38,0.39,0.39,0.39,0.39,0.38,0.38,0.37,0.38,0.39,0.39,0.39,0.4,0.4,0.4,0.4,0.4,0.4,0.39,0.4,0.4,0.4,0.4,0.41,0.41,0.41,0.4,0.4,0.41,0.41,0.42,0.42,0.42,0.42,0.42,0.42,0.41,0.42,0.4,0.4,0.4,0.41,0.42,0.42,0.42,0.42,0.42,0.43,0.43,0.43,0.42,0.41,0.41,0.41,0.41,0.42,0.42,0.43,0.43,0.43,0.43,0.43,0.44,0.43,0.42,0.42,0.42,0.42,0.43,0.44,0.44,0.44,0.44,0.44,0.44,0.44,0.43,0.43,0.42,0.43,0.43,0.43,0.42,0.42,0.42,0.43,0.44,0.44,0.45,0.45,0.45,0.45,0.45,0.45,0.45,0.45,0.44,0.45,0.45,0.45,0.46,0.46,0.47,0.46,0.46,0.46,0.46,0.47,0.47,0.47,0.47,0.47,0.47,0.47,0.47,0.46,0.47,0.47,0.47,0.47,0.47,0.46,0.45,0.45,0.45,0.45,0.45,0.46,0.46,0.47,0.47,0.47,0.47,0.47,0.48,0.48,0.48,0.47,0.47,0.48,0.48,0.48,0.48,0.48,0.48,0.48,0.48,0.48,0.48,0.48,0.48,0.49,0.49,0.48,0.48,0.48,0.48,0.48,0.48,0.48,0.48,0.48,0.48,0.48,0.48,0.48,0.48,0.48,0.49,0.48,0.48,0.48,0.48,0.48,0.48,0.48,0.49,0.49,0.49,0.48,0.48,0.48,0.49,0.48,0.47,0.47,0.49
0,0.01,0.04,0.06,0.08,0.09,0.09,0.11,0.13,0.15,0.15,0.15,0.17,0.19,0.2,0.21,0.21,0.22,0.23,0.25,0.26,0.27,0.27,0.28,0.3,0.3,0.31,0.32,0.32,0.33,0.33,0.33,0.34,0.34,0.35,0.36,0.37,0.37,0.38,0.38,0.38,0.39,0.4,0.39,0.38,0.38,0.38,0.4,0.41,0.41,0.42,0.43,0.43,0.44,0.44,0.44,0.45,0.44,0.45,0.46,0.46,0.46,0.46,0.45,0.45,0.45,0.45,0.45,0.46,0.46,0.47,0.47,0.46,0.47,0.48,0.48,0.48,0.49,0.49,0.5,0.5,0.51,0.51,0.52,0.52,0.52,0.53,0.53,0.53,0.52,0.53,0.54,0.54,0.54,0.54,0.54,0.54,0.55,0.55,0.55,0.55,0.55,0.56,0.56,0.56,0.56,0.56,0.57,0.57,0.57,0.56,0.56,0.57,0.58,0.58,0.57,0.57,0.58,0.58,0.58,0.58,0.58,0.58,0.58,0.59,0.6,0.59,0.59,0.59,0.6,0.6,0.6,0.6,0.6,0.6,0.6,0.61,0.6,0.6,0.6,0.61,0.61,0.61,0.61,0.61,0.61,0.62,0.62,0.62,0.61,0.62,0.63,0.63,0.63,0.63,0.63,0.63,0.63,0.63,0.63,0.63,0.64,0.64,0.64,0.64,0.63,0.64,0.64,0.64,0.64,0.64,0.64,0.64,0.65,0.65,0.65,0.65,0.65,0.65,0.65,0.65,0.65,0.65,0.65,0.66,0.66,0.66,0.65,0.66,0.66,0.66,0.67,0.67,0.66,0.67,0.67,0.68,0.68,0.67,0.67,0.67,0.68,0.68,0.68,0.67,0.66,0.66,0.66,0.66,0.66,0.66,0.67,0.67,0.67,0.67,0.66,0.67,0.67,0.67,0.67,0.67,0.67,0.68,0.68,0.69,0.69,0.68,0.69,0.69,0.7,0.7,0.7,0.7,0.7,0.69,0.69,0.69,0.69,0.69,0.69,0.69,0.69,0.68,0.68,0.69,0.69,0.7,0.7,0.7,0.71,0.71,0.71,0.71,0.71,0.71,0.71,0.71,0.71,0.7,0.7,0.71,0.71,0.71,0.71,0.7,0.69,0.69,0.69,0.7,0.7,0.7,0.69,0.69,0.7,0.7,0.7,0.71,0.71,0.72,0.72,0.72,0.71,0.72,0.72,0.72,0.72,0.71,0.71,0.72,0.72,0.73,0.73,0.73,0.73,0.73,0.73,0.73,0.73,0.72,0.72,0.72,0.73
0,0.03,0.06,0.08,0.13,0.15,0.19,0.22,0.26,0.28,0.29,0.31,0.34,0.37,0.39,0.41,0.42,0.43,0.46,0.47,0.49,0.5,0.51,0.53,0.54,0.55,0.57,0.58,0.58,0.6,0.61,0.63,0.63,0.62,0.63,0.64,0.66,0.67,0.68,0.69,0.7,0.72,0.73,0.73,0.73,0.74,0.74,0.75,0.76,0.76,0.78,0.79,0.79,0.8,0.8,0.8,0.81,0.81,0.82,0.83,0.83,0.83,0.83,0.85,0.86,0.86,0.85,0.86,0.86,0.87,0.89,0.89,0.89,0.9,0.9,0.91,0.91,0.91,0.91,0.92,0.94,0.94,0.94,0.94,0.94,0.95,0.96,0.96,0.96,0.96,0.96,0.96,0.97,0.97,0.97,0.99,0.99,1.01,1.01,1,1,1,1,1.01,1.02,1.02,1.03,1.02,1.03,1.03,1.03,1.03,1.04,1.04,1.05,1.05,1.04,1.05,1.06,1.07,1.06,1.06,1.07,1.07,1.08,1.08,1.08,1.08,1.09,1.09,1.1,1.1,1.1,1.1,1.1,1.11,1.11,1.11,1.1,1.11,1.12,1.13,1.12,1.11,1.12,1.13,1.14,1.13,1.12,1.13,1.14,1.14,1.14,1.14,1.14,1.15,1.15,1.16,1.16,1.15,1.16,1.16,1.17,1.17,1.17,1.17,1.17,1.18,1.17,1.18,1.18,1.17,1.18,1.18,1.19,1.19,1.19,1.19,1.19,1.19,1.2,1.2,1.2,1.2,1.19,1.21,1.21,1.21,1.21,1.21,1.21,1.22,1.21,1.21,1.22,1.22,1.22,1.23,1.23,1.23,1.23,1.23,1.23,1.23,1.23,1.24,1.24,1.24,1.24,1.24,1.24,1.25,1.25,1.25,1.24,1.24,1.25,1.25,1.26,1.26,1.25,1.24,1.25,1.26,1.27,1.26,1.26,1.26,1.26,1.27,1.27,1.27,1.27,1.27,1.28,1.28,1.28,1.27,1.28,1.29,1.29,1.28,1.27,1.28,1.29,1.29,1.29,1.29,1.29,1.3,1.3,1.3,1.3,1.3,1.3,1.3,1.3,1.3,1.3,1.3,1.3,1.3,1.3,1.3,1.3,1.3,1.3,1.3,1.3,1.29,1.3,1.3,1.3,1.3,1.3,1.3,1.31,1.31,1.31,1.31,1.31,1.3,1.31,1.31,1.31,1.31,1.31,1.31,1.3,1.31,1.32,1.31,1.31,1.31,1.31,1.32,1.32,1.31,1.31,1.32,1.32,1.32
0,0.05,0.09,0.17,0.21,0.24,0.28,0.32,0.38,0.42,0.46,0.48,0.5,0.55,0.57,0.62,0.63,0.65,0.68,0.69,0.73,0.75,0.76,0.78,0.8,0.82,0.84,0.84,0.86,0.88,0.9,0.92,0.93,0.94,0.95,0.97,0.99,1.01,1.02,1.02,1.03,1.05,1.07,1.09,1.08,1.09,1.11,1.12,1.15,1.15,1.15,1.16,1.18,1.18,1.2,1.2,1.21,1.23,1.23,1.25,1.25,1.26,1.27,1.27,1.28,1.3,1.29,1.3,1.31,1.32,1.33,1.33,1.34,1.35,1.35,1.37,1.38,1.37,1.37,1.39,1.4,1.42,1.41,1.4,1.41,1.42,1.44,1.44,1.43,1.44,1.45,1.47,1.48,1.48,1.47,1.48,1.49,1.51,1.51,1.5,1.51,1.51,1.52,1.53,1.52,1.52,1.53,1.54,1.55,1.55,1.54,1.54,1.56,1.57,1.58,1.57,1.57,1.57,1.59,1.6,1.59,1.59,1.6,1.6,1.61,1.62,1.61,1.62,1.63,1.63,1.64,1.65,1.64,1.64,1.65,1.66,1.66,1.66,1.66,1.66,1.67,1.68,1.68,1.67,1.68,1.69,1.7,1.71,1.7,1.69,1.7,1.71,1.71,1.71,1.7,1.7,1.72,1.73,1.73,1.71,1.72,1.73,1.73,1.75,1.75,1.74,1.74,1.74,1.76,1.76,1.75,1.75,1.76,1.77,1.77,1.78,1.76,1.76,1.78,1.78,1.79,1.78,1.78,1.79,1.79,1.8,1.8,1.79,1.8,1.81,1.81,1.82,1.81,1.8,1.82,1.82,1.83,1.83,1.81,1.82,1.83,1.83,1.84,1.83,1.83,1.84,1.84,1.85,1.85,1.84,1.84,1.85,1.85,1.87,1.86,1.85,1.86,1.86,1.88,1.88,1.86,1.86,1.87,1.88,1.88,1.88,1.87,1.88,1.88,1.9,1.9,1.88,1.89,1.89,1.9,1.91,1.9,1.9,1.9,1.91,1.92,1.92,1.91,1.91,1.92,1.93,1.94,1.93,1.92,1.93,1.94,1.94,1.94,1.93,1.92,1.94,1.94,1.94,1.93,1.92,1.94,1.94,1.95,1.95,1.93,1.94,1.94,1.94,1.95,1.94,1.93,1.93,1.94,1.95,1.95,1.94,1.94,1.94,1.94,1.95,1.95,1.94,1.95,1.95,1.95,1.95,1.94,1.95,1.95,1.96,1.96,1.95,1.95,1.95,1.96,1.96,1.96,1.95,1.96,1.96,1.97,1.97
0,0.03,0.09,0.19,0.25,0.32,0.38,0.44,0.54,0.6,0.66,0.72,0.76,0.83,0.88,0.92,0.97,0.99,1.04,1.08,1.12,1.19,1.21,1.22,1.25,1.31,1.34,1.37,1.38,1.41,1.45,1.48,1.51,1.52,1.54,1.57,1.59,1.62,1.65,1.65,1.67,1.7,1.72,1.76,1.77,1.78,1.79,1.81,1.85,1.86,1.86,1.86,1.88,1.92,1.94,1.95,1.95,1.97,2,2.02,2.04,2.03,2.04,2.06,2.08,2.11,2.11,2.11,2.13,2.14,2.16,2.18,2.17,2.18,2.19,2.22,2.23,2.23,2.23,2.24,2.27,2.28,2.3,2.28,2.29,2.31,2.32,2.35,2.35,2.34,2.35,2.37,2.39,2.4,2.39,2.4,2.42,2.43,2.45,2.45,2.44,2.45,2.47,2.49,2.5,2.48,2.49,2.51,2.52,2.54,2.53,2.52,2.54,2.55,2.57,2.57,2.57,2.57,2.58,2.6,2.61,2.61,2.6,2.61,2.63,2.64,2.66,2.64,2.64,2.65,2.66,2.68,2.68,2.67,2.68,2.69,2.71,2.72,2.7,2.7,2.71,2.73,2.75,2.74,2.74,2.74,2.75,2.76,2.78,2.76,2.77,2.78,2.79,2.81,2.8,2.79,2.8,2.81,2.82,2.84,2.83,2.83,2.84,2.85,2.87,2.86,2.85,2.87,2.87,2.88,2.9,2.88,2.88,2.89,2.9,2.91,2.91,2.9,2.92,2.92,2.93,2.95,2.93,2.93,2.94,2.95,2.96,2.96,2.95,2.96,2.97,2.98,2.99,2.97,2.97,2.98,3,3.01,3,2.99,3,3.01,3.02,3.03,3.01,3.01,3.03,3.03,3.05,3.04,3.03,3.04,3.05,3.07,3.08,3.05,3.05,3.07,3.08,3.09,3.08,3.07,3.07,3.09,3.1,3.11,3.09,3.09,3.1,3.11,3.13,3.12,3.11,3.12,3.12,3.14,3.14,3.13,3.13,3.14,3.15,3.16,3.16,3.14,3.15,3.16,3.17,3.17,3.15,3.16,3.18,3.18,3.2,3.19,3.17,3.18,3.19,3.2,3.2,3.18,3.18,3.18,3.19,3.2,3.19,3.18,3.18,3.19,3.2,3.2,3.18,3.18,3.19,3.2,3.21,3.2,3.19,3.19,3.2,3.21,3.21,3.19,3.19,3.2,3.2,3.22,3.22,3.2,3.2,3.21,3.23,3.23,3.21,3.2,3.22,3.23,3.23,3.23,3.21,3.22,3.23,3.23
0,0.01,0.1,0.18,0.32,0.41,0.49,0.59,0.68,0.82,0.9,1,1.05,1.11,1.21,1.28,1.38,1.42,1.45,1.53,1.59,1.66,1.71,1.73,1.79,1.84,1.91,1.96,1.98,2.01,2.06,2.11,2.15,2.19,2.21,2.24,2.29,2.33,2.37,2.39,2.4,2.45,2.48,2.51,2.56,2.56,2.58,2.62,2.66,2.7,2.71,2.72,2.75,2.79,2.82,2.85,2.84,2.86,2.91,2.93,2.96,2.97,2.97,3.01,3.03,3.05,3.08,3.08,3.1,3.13,3.15,3.19,3.19,3.19,3.21,3.23,3.27,3.29,3.28,3.29,3.31,3.34,3.36,3.37,3.37,3.39,3.41,3.43,3.45,3.44,3.45,3.48,3.49,3.53,3.52,3.52,3.54,3.56,3.59,3.61,3.59,3.6,3.63,3.65,3.67,3.67,3.67,3.68,3.71,3.72,3.74,3.73,3.73,3.76,3.77,3.8,3.8,3.79,3.81,3.82,3.85,3.86,3.84,3.85,3.87,3.89,3.91,3.91,3.9,3.92,3.94,3.96,3.97,3.95,3.96,3.99,4,4.03,4.02,4.01,4.03,4.04,4.07,4.08,4.06,4.07,4.08,4.11,4.13,4.13,4.11,4.12,4.14,4.16,4.17,4.15,4.16,4.18,4.19,4.22,4.21,4.2,4.21,4.22,4.25,4.25,4.23,4.24,4.25,4.26,4.29,4.28,4.27,4.29,4.31,4.32,4.33,4.31,4.31,4.33,4.34,4.37,4.36,4.35,4.37,4.37,4.39,4.4,4.38,4.38,4.4,4.41,4.43,4.42,4.41,4.42,4.43,4.46,4.47,4.44,4.45,4.47,4.48,4.5,4.49,4.47,4.49,4.51,4.52,4.53,4.51,4.51,4.53,4.54,4.57,4.55,4.54,4.56,4.56,4.58,4.59,4.57,4.57,4.59,4.61,4.62,4.61,4.6,4.61,4.62,4.64,4.64,4.63,4.63,4.65,4.66,4.67,4.66,4.64,4.66,4.67,4.69,4.7,4.68,4.68,4.69,4.71,4.72,4.72,4.69,4.71,4.72,4.74,4.74,4.72,4.72,4.74,4.75,4.77,4.75,4.73,4.74,4.74,4.76,4.76,4.73,4.73,4.74,4.75,4.77,4.75,4.74,4.75,4.76,4.77,4.78,4.75,4.75,4.76,4.77,4.78,4.77,4.75,4.77,4.77,4.78,4.79,4.77,4.78,4.79,4.8,4.81,4.8,4.78,4.8,4.81,4.82,4.82,4.8,4.8,4.81,4.82
0,0.09,0.19,0.33,0.43,0.5,0.6,0.69,0.81,0.89,0.96,1.03,1.09,1.19,1.26,1.35,1.38,1.41,1.5,1.54,1.63,1.67,1.68,1.74,1.79,1.84,1.9,1.92,1.94,1.99,2.05,2.09,2.12,2.13,2.16,2.21,2.25,2.28,2.3,2.31,2.36,2.4,2.43,2.47,2.47,2.5,2.53,2.55,2.6,2.6,2.61,2.64,2.67,2.71,2.73,2.72,2.74,2.79,2.81,2.85,2.85,2.85,2.89,2.91,2.93,2.96,2.95,2.97,2.99,3.01,3.05,3.05,3.04,3.07,3.09,3.12,3.14,3.12,3.13,3.16,3.19,3.21,3.21,3.2,3.23,3.26,3.28,3.3,3.28,3.29,3.33,3.34,3.38,3.37,3.36,3.39,3.4,3.43,3.44,3.42,3.43,3.46,3.48,3.5,3.49,3.49,3.51,3.53,3.55,3.57,3.55,3.55,3.58,3.6,3.63,3.61,3.6,3.62,3.64,3.67,3.68,3.66,3.67,3.69,3.71,3.73,3.73,3.71,3.73,3.76,3.78,3.79,3.77,3.77,3.8,3.81,3.84,3.82,3.81,3.84,3.85,3.87,3.88,3.86,3.87,3.88,3.91,3.92,3.92,3.9,3.92,3.94,3.95,3.96,3.94,3.94,3.97,3.98,4,3.99,3.97,3.99,4.01,4.02,4.04,4.01,4.01,4.03,4.06,4.07,4.06,4.04,4.06,4.08,4.1,4.1,4.08,4.08,4.1,4.11,4.13,4.12,4.11,4.13,4.14,4.15,4.17,4.15,4.15,4.16,4.17,4.21,4.19,4.17,4.19,4.21,4.23,4.24,4.2,4.21,4.23,4.25,4.26,4.25,4.23,4.26,4.27,4.29,4.29,4.27,4.27,4.29,4.3,4.32,4.31,4.29,4.31,4.32,4.34,4.35,4.32,4.32,4.34,4.35,4.37,4.35,4.34,4.35,4.38,4.39,4.39,4.37,4.37,4.39,4.4,4.42,4.41,4.39,4.41,4.42,4.44,4.45,4.42,4.42,4.44,4.45,4.47,4.45,4.44,4.45,4.46,4.48,4.48,4.46,4.46,4.48,4.48,4.5,4.48,4.46,4.47,4.48,4.49,4.5,4.47,4.47,4.48,4.49,4.5,4.49,4.46,4.47,4.49,4.5,4.5,4.47,4.47,4.49,4.5,4.52,4.5,4.48,4.5,4.51,4.53,4.53,4.5,4.5,4.51,4.53,4.54,4.52,4.5,4.52,4.53,4.55,4.55,4.52,4.52,4.54,4.55,4.55
0,0.05,0.21,0.31,0.49,0.57,0.64,0.79,0.88,1.02,1.1,1.15,1.24,1.31,1.41,1.49,1.55,1.59,1.65,1.75,1.8,1.86,1.9,1.93,2.02,2.08,2.15,2.18,2.19,2.25,2.29,2.36,2.4,2.41,2.44,2.49,2.55,2.59,2.62,2.63,2.67,2.72,2.75,2.79,2.79,2.81,2.86,2.89,2.93,2.96,2.95,3,3.03,3.06,3.11,3.1,3.12,3.15,3.18,3.23,3.24,3.23,3.25,3.29,3.33,3.36,3.35,3.36,3.41,3.43,3.46,3.47,3.47,3.5,3.52,3.54,3.58,3.56,3.57,3.6,3.62,3.66,3.67,3.65,3.68,3.71,3.74,3.76,3.74,3.75,3.77,3.8,3.83,3.84,3.83,3.84,3.88,3.9,3.93,3.91,3.91,3.94,3.96,4,4,3.98,4,4.02,4.05,4.06,4.05,4.05,4.08,4.1,4.13,4.12,4.11,4.12,4.15,4.17,4.19,4.17,4.17,4.2,4.22,4.25,4.25,4.23,4.25,4.27,4.3,4.32,4.3,4.29,4.32,4.34,4.37,4.37,4.34,4.36,4.38,4.4,4.42,4.4,4.39,4.42,4.44,4.46,4.46,4.44,4.46,4.48,4.5,4.51,4.49,4.49,4.52,4.54,4.56,4.56,4.53,4.55,4.57,4.59,4.6,4.58,4.58,4.61,4.62,4.64,4.64,4.62,4.64,4.65,4.66,4.68,4.66,4.66,4.68,4.69,4.72,4.72,4.69,4.71,4.72,4.75,4.77,4.73,4.73,4.75,4.78,4.8,4.8,4.77,4.78,4.8,4.82,4.84,4.82,4.81,4.84,4.85,4.87,4.87,4.84,4.86,4.87,4.9,4.91,4.88,4.88,4.9,4.92,4.94,4.93,4.91,4.92,4.94,4.95,4.97,4.95,4.94,4.97,4.98,5,4.99,4.97,4.99,5,5.02,5.04,5.01,4.99,5.02,5.03,5.05,5.05,5.02,5.04,5.06,5.08,5.09,5.06,5.06,5.08,5.09,5.12,5.1,5.08,5.1,5.11,5.13,5.15,5.12,5.11,5.13,5.14,5.15,5.14,5.11,5.12,5.13,5.14,5.16,5.12,5.11,5.13,5.14,5.15,5.14,5.12,5.13,5.14,5.15,5.17,5.14,5.13,5.15,5.15,5.17,5.17,5.14,5.15,5.16,5.18,5.19,5.16,5.15,5.17,5.18,5.2,5.19,5.17,5.19,5.19,5.2,5.22,5.19,5.19,5.21,5.22,5.22
0,0.04,0.13,0.31,0.44,0.62,0.71,0.8,0.97,1.08,1.24,1.32,1.41,1.5,1.59,1.72,1.81,1.87,1.93,2.01,2.11,2.19,2.25,2.28,2.34,2.43,2.49,2.58,2.59,2.63,2.71,2.76,2.84,2.87,2.87,2.94,2.99,3.06,3.1,3.11,3.14,3.19,3.26,3.3,3.33,3.34,3.37,3.44,3.48,3.53,3.53,3.55,3.6,3.63,3.69,3.7,3.7,3.74,3.77,3.82,3.86,3.85,3.87,3.9,3.95,3.99,4.01,4,4.03,4.08,4.11,4.14,4.13,4.13,4.18,4.21,4.24,4.26,4.25,4.28,4.3,4.33,4.38,4.37,4.38,4.41,4.43,4.48,4.48,4.47,4.49,4.53,4.56,4.58,4.56,4.57,4.61,4.63,4.66,4.67,4.65,4.68,4.7,4.72,4.75,4.74,4.75,4.78,4.79,4.84,4.85,4.82,4.84,4.87,4.91,4.93,4.91,4.91,4.93,4.96,4.99,4.99,4.97,4.99,5.02,5.04,5.07,5.05,5.05,5.08,5.09,5.13,5.13,5.12,5.14,5.16,5.18,5.21,5.18,5.18,5.21,5.23,5.26,5.25,5.23,5.25,5.28,5.3,5.33,5.3,5.3,5.33,5.35,5.38,5.38,5.35,5.37,5.39,5.42,5.44,5.42,5.41,5.43,5.45,5.48,5.47,5.45,5.46,5.49,5.51,5.53,5.51,5.5,5.53,5.54,5.58,5.57,5.55,5.56,5.58,5.61,5.62,5.6,5.6,5.62,5.64,5.67,5.67,5.64,5.65,5.68,5.69,5.7,5.68,5.67,5.7,5.72,5.74,5.74,5.72,5.73,5.75,5.78,5.79,5.77,5.76,5.78,5.8,5.82,5.82,5.79,5.8,5.83,5.85,5.87,5.84,5.83,5.86,5.87,5.89,5.89,5.86,5.88,5.9,5.91,5.93,5.91,5.9,5.93,5.94,5.96,5.96,5.93,5.94,5.95,5.98,6,5.96,5.96,5.98,6,6.02,6.01,5.99,6.01,6.02,6.04,6.06,6.03,6.02,6.04,6.06,6.09,6.08,6.04,6.06,6.07,6.08,6.1,6.05,6.05,6.07,6.08,6.1,6.08,6.05,6.05,6.07,6.09,6.1,6.07,6.06,6.08,6.09,6.11,6.1,6.07,6.08,6.09,6.11,6.12,6.08,6.08,6.1,6.11,6.13,6.11,6.09,6.1,6.12,6.13,6.14,6.11,6.1,6.13,6.13,6.17,6.15,6.12,6.13,6.14,6.17
0,0.03,0.04,0.05,0.06,0.08,0.09,0.1,0.12,0.12,0.14,0.15,0.14,0.16,0.16,0.17,0.18,0.19,0.19,0.2,0.2,0.21,0.22,0.22,0.22,0.23,0.23,0.24,0.25,0.26,0.25,0.25,0.25,0.26,0.26,0.27,0.27,0.28,0.28,0.28,0.29,0.29,0.29,0.28,0.29,0.3,0.31,0.31,0.31,0.31,0.31,0.31,0.32,0.32,0.32,0.33,0.33,0.34,0.34,0.34,0.34,0.34,0.35,0.35,0.35,0.34,0.34,0.35,0.36,0.36,0.36,0.37,0.37,0.37,0.37,0.37,0.37,0.38,0.38,0.39,0.39,0.38,0.38,0.39,0.4,0.41,0.41,0.4,0.41,0.41,0.41,0.41,0.4,0.41,0.41,0.41,0.41,0.41,0.41,0.42,0.43,0.43,0.42,0.42,0.43,0.43,0.43,0.43,0.42,0.43,0.43,0.44,0.44,0.44,0.43,0.44,0.44,0.44,0.45,0.44,0.44,0.44,0.45,0.45,0.45,0.44,0.45,0.45,0.45,0.46,0.46,0.45,0.46,0.46,0.46,0.46,0.46,0.46,0.46,0.46,0.47,0.46,0.46,0.47,0.47,0.48,0.47,0.47,0.47,0.47,0.48,0.47,0.47,0.47,0.48,0.48,0.48,0.48,0.47,0.48,0.48,0.49,0.49,0.48,0.48,0.49,0.49,0.49,0.49,0.48,0.48,0.49,0.49,0.49,0.49,0.49,0.49,0.5,0.5,0.5,0.5,0.5,0.5,0.5,0.5,0.5,0.5,0.5,0.51,0.51,0.51,0.5,0.51,0.51,0.51,0.51,0.51,0.51,0.51,0.51,0.51,0.51,0.51,0.51,0.51,0.52,0.52,0.51,0.52,0.52,0.52,0.52,0.52,0.52,0.52,0.52,0.52,0.53,0.52,0.52,0.52,0.53,0.53,0.52,0.52,0.52,0.53,0.53,0.53,0.53,0.53,0.53,0.53,0.53,0.53,0.52,0.53,0.53,0.53,0.53,0.53,0.53,0.53,0.54,0.54,0.53,0.53,0.54,0.54,0.54,0.55,0.54,0.54,0.54,0.54,0.54,0.54,0.54,0.54,0.54,0.54,0.54,0.54,0.54,0.54,0.54,0.54,0.54,0.53,0.53,0.54,0.54,0.54,0.53,0.53,0.54,0.54,0.54,0.53,0.53,0.54,0.54,0.54,0.54,0.54,0.54,0.54,0.54,0.55,0.54,0.54,0.54,0.54,0.54,0.54,0.54,0.54,0.54,0.54,0.54,0.54,0.55
0,0.02,0.05,0.07,0.09,0.1,0.12,0.14,0.16,0.17,0.18,0.19,0.2,0.21,0.23,0.25,0.25,0.26,0.27,0.28,0.29,0.3,0.29,0.3,0.32,0.33,0.34,0.34,0.34,0.35,0.36,0.37,0.38,0.38,0.39,0.41,0.42,0.43,0.43,0.43,0.43,0.44,0.45,0.45,0.45,0.45,0.46,0.47,0.48,0.48,0.48,0.49,0.49,0.5,0.5,0.5,0.5,0.51,0.51,0.52,0.52,0.52,0.53,0.53,0.54,0.54,0.53,0.53,0.54,0.55,0.56,0.55,0.55,0.56,0.57,0.57,0.58,0.57,0.58,0.59,0.59,0.6,0.6,0.59,0.6,0.6,0.61,0.61,0.6,0.61,0.61,0.62,0.62,0.62,0.62,0.63,0.63,0.63,0.63,0.63,0.63,0.63,0.64,0.65,0.64,0.64,0.64,0.64,0.65,0.65,0.64,0.65,0.65,0.66,0.66,0.66,0.66,0.66,0.67,0.67,0.67,0.67,0.66,0.67,0.68,0.68,0.68,0.68,0.68,0.68,0.69,0.69,0.68,0.68,0.68,0.69,0.7,0.69,0.69,0.7,0.7,0.7,0.7,0.7,0.7,0.71,0.71,0.72,0.71,0.71,0.71,0.72,0.72,0.72,0.71,0.72,0.72,0.73,0.73,0.73,0.72,0.73,0.73,0.74,0.74,0.73,0.73,0.74,0.74,0.75,0.74,0.74,0.74,0.75,0.75,0.75,0.75,0.75,0.75,0.76,0.76,0.75,0.74,0.75,0.76,0.76,0.76,0.76,0.76,0.76,0.76,0.77,0.77,0.76,0.77,0.77,0.77,0.77,0.77,0.77,0.77,0.78,0.78,0.78,0.77,0.78,0.78,0.78,0.79,0.78,0.78,0.79,0.79,0.8,0.8,0.79,0.8,0.8,0.8,0.81,0.8,0.81,0.81,0.81,0.82,0.82,0.81,0.81,0.82,0.82,0.82,0.81,0.81,0.82,0.82,0.82,0.82,0.81,0.82,0.83,0.83,0.83,0.82,0.82,0.83,0.83,0.84,0.83,0.83,0.83,0.83,0.84,0.84,0.83,0.83,0.83,0.83,0.84,0.83,0.83,0.83,0.83,0.84,0.84,0.83,0.83,0.84,0.84,0.84,0.83,0.83,0.84,0.84,0.84,0.84,0.84,0.84,0.84,0.84,0.84,0.83,0.82,0.82,0.82,0.83,0.83,0.82,0.82,0.83,0.83,0.84,0.83,0.83,0.83,0.83,0.84,0.84,0.83,0.83,0.83,0.84,0.84
0,0.02,0.06,0.12,0.16,0.22,0.25,0.28,0.36,0.39,0.45,0.48,0.5,0.54,0.57,0.62,0.65,0.66,0.68,0.72,0.76,0.79,0.81,0.82,0.84,0.87,0.88,0.9,0.9,0.91,0.95,0.96,0.99,1,0.99,1.02,1.04,1.07,1.08,1.08,1.08,1.1,1.13,1.14,1.15,1.14,1.15,1.18,1.2,1.21,1.2,1.21,1.24,1.25,1.27,1.28,1.27,1.29,1.3,1.31,1.33,1.33,1.33,1.34,1.35,1.38,1.38,1.37,1.38,1.39,1.41,1.43,1.42,1.42,1.43,1.45,1.46,1.47,1.46,1.46,1.47,1.49,1.5,1.49,1.49,1.51,1.52,1.53,1.53,1.53,1.54,1.55,1.56,1.58,1.57,1.56,1.57,1.6,1.61,1.6,1.59,1.61,1.62,1.63,1.65,1.64,1.63,1.64,1.66,1.68,1.67,1.66,1.67,1.68,1.7,1.7,1.69,1.69,1.71,1.72,1.72,1.72,1.71,1.71,1.73,1.73,1.75,1.74,1.74,1.75,1.76,1.77,1.76,1.76,1.77,1.77,1.79,1.79,1.78,1.78,1.79,1.81,1.81,1.81,1.81,1.81,1.82,1.83,1.84,1.83,1.83,1.84,1.85,1.86,1.85,1.84,1.85,1.86,1.87,1.87,1.86,1.86,1.87,1.88,1.89,1.89,1.88,1.89,1.89,1.9,1.91,1.89,1.9,1.9,1.91,1.92,1.92,1.91,1.91,1.92,1.93,1.94,1.93,1.93,1.94,1.94,1.95,1.95,1.94,1.95,1.96,1.96,1.97,1.96,1.95,1.96,1.97,1.98,1.97,1.96,1.97,1.99,1.99,2,1.99,1.98,2,2,2.01,2.01,2,2.01,2.01,2.02,2.02,2.01,2.01,2.02,2.03,2.04,2.03,2.02,2.03,2.04,2.05,2.05,2.04,2.03,2.05,2.05,2.07,2.06,2.04,2.06,2.06,2.08,2.09,2.07,2.06,2.07,2.08,2.09,2.08,2.07,2.09,2.09,2.11,2.11,2.1,2.09,2.1,2.11,2.11,2.11,2.1,2.11,2.11,2.12,2.12,2.11,2.1,2.11,2.12,2.12,2.12,2.1,2.11,2.11,2.12,2.13,2.12,2.11,2.12,2.12,2.13,2.12,2.11,2.12,2.12,2.13,2.13,2.12,2.11,2.13,2.13,2.14,2.14,2.12,2.12,2.14,2.14,2.15,2.13,2.13,2.14,2.15,2.15,2.15,2.13,2.14,2.15,2.15
0,0.06,0.11,0.19,0.24,0.27,0.31,0.35,0.4,0.44,0.48,0.51,0.54,0.6,0.63,0.66,0.69,0.7,0.74,0.76,0.79,0.81,0.81,0.85,0.87,0.88,0.9,0.9,0.92,0.95,0.98,1,1.01,1,1.01,1.05,1.07,1.08,1.09,1.09,1.12,1.13,1.14,1.16,1.16,1.17,1.19,1.2,1.23,1.22,1.22,1.25,1.26,1.27,1.28,1.27,1.29,1.31,1.31,1.33,1.33,1.33,1.33,1.36,1.37,1.38,1.37,1.37,1.39,1.41,1.43,1.41,1.4,1.43,1.44,1.46,1.46,1.45,1.46,1.47,1.5,1.5,1.5,1.5,1.51,1.53,1.54,1.54,1.53,1.53,1.56,1.56,1.58,1.57,1.56,1.59,1.59,1.61,1.61,1.6,1.61,1.62,1.63,1.64,1.63,1.63,1.64,1.65,1.67,1.67,1.66,1.66,1.68,1.68,1.69,1.69,1.68,1.69,1.7,1.72,1.72,1.7,1.72,1.73,1.74,1.74,1.73,1.73,1.74,1.75,1.76,1.76,1.75,1.76,1.78,1.78,1.79,1.78,1.77,1.78,1.79,1.8,1.81,1.79,1.8,1.8,1.81,1.82,1.81,1.81,1.82,1.83,1.84,1.84,1.82,1.83,1.84,1.85,1.86,1.85,1.84,1.86,1.87,1.87,1.88,1.86,1.87,1.88,1.88,1.9,1.88,1.88,1.89,1.89,1.91,1.91,1.9,1.91,1.92,1.93,1.94,1.93,1.92,1.93,1.94,1.95,1.95,1.93,1.93,1.95,1.96,1.97,1.96,1.95,1.96,1.97,1.98,1.98,1.97,1.97,1.98,1.99,1.99,1.99,1.98,1.99,2,2,2.01,1.99,1.99,2.01,2.02,2.02,2.01,2,2.02,2.02,2.03,2.03,2.02,2.02,2.03,2.04,2.05,2.04,2.02,2.04,2.05,2.05,2.06,2.04,2.04,2.05,2.06,2.07,2.06,2.05,2.07,2.07,2.08,2.08,2.06,2.07,2.08,2.09,2.1,2.09,2.08,2.08,2.09,2.1,2.11,2.09,2.09,2.1,2.1,2.11,2.09,2.09,2.09,2.1,2.11,2.1,2.09,2.09,2.09,2.1,2.11,2.1,2.09,2.1,2.1,2.11,2.11,2.09,2.09,2.11,2.11,2.12,2.1,2.1,2.1,2.11,2.12,2.12,2.11,2.1,2.12,2.12,2.13,2.11,2.11,2.12,2.13,2.14,2.14,2.12,2.12,2.12,2.13,2.14
0,0.01,0.05,0.18,0.27,0.36,0.49,0.53,0.63,0.71,0.77,0.89,0.94,1,1.06,1.11,1.2,1.25,1.27,1.32,1.38,1.45,1.5,1.53,1.54,1.59,1.64,1.68,1.73,1.73,1.78,1.82,1.86,1.91,1.92,1.93,1.97,2,2.05,2.07,2.07,2.09,2.13,2.17,2.2,2.21,2.21,2.24,2.29,2.32,2.35,2.33,2.34,2.39,2.41,2.45,2.45,2.44,2.48,2.5,2.54,2.55,2.54,2.55,2.58,2.61,2.63,2.64,2.63,2.65,2.69,2.7,2.72,2.71,2.72,2.76,2.78,2.82,2.81,2.8,2.83,2.85,2.88,2.89,2.87,2.88,2.91,2.93,2.96,2.95,2.94,2.97,2.99,3.01,3.03,3,3.01,3.04,3.07,3.08,3.08,3.07,3.09,3.11,3.13,3.15,3.13,3.13,3.16,3.18,3.21,3.2,3.18,3.2,3.22,3.24,3.26,3.23,3.24,3.27,3.29,3.3,3.29,3.28,3.31,3.32,3.34,3.35,3.33,3.34,3.36,3.37,3.4,3.39,3.37,3.4,3.41,3.44,3.44,3.41,3.42,3.44,3.46,3.48,3.46,3.45,3.47,3.49,3.51,3.52,3.49,3.49,3.52,3.53,3.56,3.54,3.52,3.55,3.56,3.58,3.59,3.56,3.57,3.59,3.61,3.63,3.6,3.59,3.6,3.62,3.65,3.66,3.63,3.63,3.66,3.67,3.69,3.67,3.66,3.68,3.69,3.71,3.72,3.7,3.7,3.72,3.73,3.75,3.74,3.72,3.74,3.75,3.77,3.78,3.75,3.75,3.78,3.79,3.81,3.79,3.77,3.8,3.81,3.82,3.83,3.81,3.81,3.83,3.84,3.85,3.84,3.82,3.84,3.86,3.87,3.88,3.86,3.86,3.87,3.89,3.9,3.89,3.87,3.89,3.9,3.91,3.92,3.89,3.9,3.92,3.93,3.95,3.94,3.91,3.93,3.95,3.97,3.97,3.94,3.94,3.96,3.97,3.99,3.97,3.95,3.97,3.99,4,4.01,3.98,3.98,4,4.01,4.03,4.02,4,4.01,4.02,4.03,4.03,3.99,4,4.01,4.02,4.04,4.01,3.99,4.01,4.02,4.03,4.03,4.01,4,4.02,4.03,4.05,4.03,4,4.03,4.03,4.05,4.05,4.02,4.02,4.04,4.05,4.07,4.05,4.03,4.04,4.05,4.07,4.07,4.04,4.04,4.06,4.07,4.09,4.07,4.05,4.07,4.09
0,0.02,0.09,0.2,0.34,0.44,0.55,0.61,0.7,0.82,0.9,1,1.03,1.08,1.17,1.23,1.33,1.35,1.37,1.46,1.51,1.58,1.63,1.64,1.69,1.74,1.79,1.84,1.86,1.88,1.92,1.99,2.03,2.07,2.07,2.09,2.15,2.18,2.24,2.24,2.24,2.29,2.33,2.38,2.41,2.39,2.42,2.46,2.5,2.53,2.53,2.53,2.56,2.6,2.63,2.65,2.64,2.66,2.7,2.72,2.75,2.76,2.75,2.79,2.81,2.84,2.87,2.86,2.87,2.9,2.93,2.96,2.96,2.95,2.98,3.01,3.03,3.06,3.03,3.04,3.08,3.1,3.13,3.12,3.12,3.15,3.17,3.19,3.22,3.2,3.2,3.23,3.25,3.29,3.28,3.27,3.29,3.31,3.34,3.35,3.33,3.34,3.36,3.39,3.41,3.4,3.39,3.41,3.44,3.46,3.47,3.46,3.46,3.49,3.5,3.53,3.52,3.5,3.53,3.55,3.57,3.58,3.55,3.55,3.58,3.6,3.63,3.61,3.6,3.62,3.65,3.66,3.68,3.65,3.65,3.69,3.7,3.73,3.71,3.69,3.72,3.73,3.76,3.77,3.75,3.76,3.78,3.79,3.81,3.81,3.78,3.8,3.82,3.84,3.85,3.82,3.82,3.85,3.87,3.89,3.88,3.86,3.88,3.89,3.92,3.92,3.9,3.9,3.92,3.94,3.96,3.95,3.92,3.94,3.97,3.98,4,3.96,3.97,3.99,4,4.02,4.01,3.99,4.02,4.03,4.05,4.06,4.03,4.04,4.06,4.07,4.09,4.08,4.05,4.07,4.09,4.11,4.12,4.09,4.09,4.12,4.13,4.15,4.13,4.12,4.15,4.16,4.17,4.18,4.15,4.15,4.18,4.19,4.21,4.2,4.17,4.19,4.21,4.22,4.23,4.2,4.2,4.22,4.24,4.26,4.24,4.23,4.24,4.25,4.27,4.28,4.25,4.25,4.27,4.28,4.3,4.29,4.27,4.28,4.3,4.32,4.33,4.3,4.3,4.31,4.33,4.35,4.33,4.31,4.33,4.35,4.36,4.36,4.34,4.33,4.35,4.36,4.37,4.35,4.33,4.35,4.35,4.37,4.37,4.35,4.34,4.35,4.37,4.38,4.37,4.34,4.36,4.37,4.38,4.39,4.36,4.36,4.37,4.38,4.39,4.37,4.36,4.38,4.38,4.4,4.4,4.37,4.38,4.39,4.4,4.42,4.4,4.38,4.39,4.41,4.42,4.43,4.39,4.39,4.42,4.43
0,0.01,0.02,0.03,0.03,0.03,0.03,0.04,0.04,0.05,0.05,0.05,0.05,0.05,0.06,0.07,0.08,0.08,0.07,0.07,0.08,0.08,0.09,0.1,0.1,0.1,0.09,0.09,0.09,0.09,0.1,0.11,0.11,0.1,0.1,0.1,0.11,0.11,0.11,0.12,0.13,0.12,0.12,0.11,0.11,0.12,0.12,0.13,0.13,0.14,0.13,0.13,0.13,0.13,0.13,0.14,0.15,0.15,0.14,0.13,0.13,0.13,0.14,0.15,0.15,0.15,0.14,0.14,0.13,0.13,0.13,0.14,0.14,0.15,0.16,0.16,0.17,0.17,0.17,0.17,0.17,0.17,0.17,0.17,0.17,0.16,0.15,0.15,0.14,0.15,0.16,0.16,0.17,0.18,0.18,0.18,0.18,0.17,0.16,0.16,0.16,0.17,0.17,0.17,0.17,0.18,0.19,0.18,0.18,0.18,0.18,0.17,0.17,0.16,0.16,0.16,0.16,0.17,0.17,0.18,0.18,0.19,0.19,0.19,0.19,0.19,0.18,0.18,0.18,0.18,0.17,0.17,0.16,0.17,0.17,0.17,0.17,0.17,0.17,0.17,0.18,0.18,0.18,0.19,0.19,0.19,0.19,0.19,0.19,0.19,0.19,0.19,0.19,0.19,0.19,0.19,0.19,0.19,0.19,0.18,0.17,0.18,0.18,0.19,0.19,0.19,0.18,0.19,0.19,0.2,0.2,0.19,0.19,0.19,0.19,0.19,0.19,0.19,0.19,0.19,0.19,0.19,0.19,0.19,0.19,0.19,0.19,0.19,0.19,0.19,0.18,0.18,0.18,0.17,0.18,0.18,0.17,0.17,0.18,0.18,0.18,0.18,0.19,0.19,0.2,0.2,0.2,0.2,0.2,0.2,0.2,0.2,0.19,0.18,0.18,0.18,0.18,0.18,0.19,0.19,0.19,0.2,0.21,0.21,0.2,0.2,0.2,0.2,0.19,0.19,0.19,0.19,0.19,0.2,0.2,0.2,0.2,0.2,0.2,0.2,0.19,0.19,0.19,0.19,0.18,0.18,0.19,0.19,0.2,0.2,0.21,0.2,0.2,0.2,0.2,0.2,0.19,0.18,0.18,0.18,0.18,0.18,0.18,0.18,0.18,0.18,0.19,0.19,0.2,0.2,0.21,0.21,0.2,0.2,0.2,0.2,0.2,0.2,0.19,0.19,0.18,0.18,0.18,0.18,0.19,0.2,0.2,0.2,0.2,0.2,0.2,0.2,0.2,0.2,0.2,0.2,0.2,0.2,0.19,0.19,0.19,0.21
0,0.01,0.01,0.01,0.01,0.01,0.02,0.02,0.02,0.02,0.02,0.03,0.03,0.03,0.03,0.04,0.03,0.03,0.03,0.03,0.04,0.03,0.03,0.04,0.04,0.04,0.04,0.04,0.04,0.05,0.05,0.04,0.04,0.05,0.05,0.05,0.05,0.05,0.06,0.06,0.04,0.05,0.05,0.06,0.06,0.05,0.05,0.06,0.06,0.06,0.06,0.06,0.06,0.06,0.06,0.05,0.06,0.06,0.06,0.06,0.05,0.06,0.06,0.07,0.06,0.06,0.06,0.06,0.07,0.06,0.06,0.06,0.06,0.07,0.07,0.06,0.06,0.07,0.07,0.07,0.06,0.06,0.07,0.07,0.07,0.06,0.06,0.07,0.07,0.07,0.07,0.07,0.07,0.08,0.07,0.06,0.07,0.07,0.08,0.07,0.07,0.07,0.07,0.07,0.07,0.06,0.07,0.07,0.07,0.07,0.06,0.07,0.07,0.08,0.07,0.07,0.07,0.07,0.08,0.07,0.07,0.07,0.07,0.08,0.07,0.07,0.07,0.07,0.08,0.07,0.07,0.07,0.07,0.08,0.07,0.07,0.07,0.08,0.08,0.07,0.07,0.07,0.08,0.08,0.07,0.07,0.07,0.08,0.08,0.07,0.07,0.08,0.08,0.08,0.07,0.08,0.08,0.08,0.08,0.07,0.07,0.08,0.08,0.08,0.07,0.07,0.08,0.08,0.08,0.08,0.08,0.08,0.08,0.08,0.08,0.08,0.08,0.08,0.07,0.07,0.07,0.08,0.07,0.07,0.08,0.08,0.08,0.08,0.08,0.07,0.08,0.08,0.08,0.08,0.08,0.08,0.08,0.08,0.09,0.09,0.09,0.09,0.08,0.08,0.08,0.08,0.09,0.08,0.08,0.08,0.08,0.09,0.08,0.07,0.08,0.08,0.09,0.08,0.07,0.08,0.08,0.08,0.09,0.08,0.08,0.08,0.09,0.09,0.08,0.08,0.08,0.09,0.09,0.08,0.08,0.08,0.08,0.09,0.08,0.08,0.08,0.09,0.09,0.08,0.08,0.08,0.09,0.09,0.08,0.08,0.08,0.08,0.09,0.08,0.08,0.08,0.09,0.09,0.08,0.08,0.08,0.08,0.09,0.08,0.07,0.08,0.08,0.08,0.07,0.07,0.08,0.08,0.09,0.08,0.08,0.08,0.09,0.09,0.08,0.08,0.08,0.08,0.09,0.08,0.08,0.08,0.08,0.09,0.09,0.08,0.08,0.08,0.09,0.09,0.08,0.08,0.08,0.09,0.09,0.08,0.08,0.09
0,0.02,0.03,0.05,0.08,0.1,0.12,0.13,0.14,0.17,0.19,0.2,0.22,0.23,0.25,0.25,0.27,0.28,0.28,0.3,0.32,0.33,0.33,0.34,0.35,0.36,0.38,0.38,0.39,0.4,0.4,0.42,0.42,0.42,0.43,0.44,0.45,0.45,0.46,0.46,0.46,0.47,0.48,0.49,0.49,0.49,0.5,0.5,0.52,0.52,0.51,0.52,0.53,0.53,0.54,0.54,0.54,0.55,0.55,0.56,0.56,0.56,0.56,0.57,0.58,0.59,0.58,0.58,0.59,0.59,0.6,0.61,0.6,0.6,0.6,0.61,0.62,0.61,0.61,0.62,0.63,0.63,0.64,0.63,0.63,0.64,0.64,0.65,0.64,0.64,0.65,0.65,0.66,0.66,0.65,0.66,0.66,0.66,0.67,0.67,0.67,0.68,0.68,0.69,0.69,0.68,0.68,0.69,0.69,0.69,0.69,0.69,0.69,0.7,0.7,0.7,0.7,0.7,0.7,0.71,0.71,0.71,0.71,0.72,0.72,0.72,0.72,0.72,0.72,0.73,0.73,0.73,0.72,0.72,0.73,0.73,0.74,0.74,0.73,0.73,0.74,0.74,0.75,0.75,0.74,0.75,0.75,0.76,0.75,0.75,0.75,0.75,0.76,0.77,0.76,0.76,0.77,0.77,0.77,0.77,0.77,0.77,0.78,0.78,0.78,0.78,0.78,0.78,0.78,0.78,0.79,0.78,0.78,0.79,0.8,0.8,0.79,0.79,0.79,0.8,0.8,0.8,0.79,0.79,0.8,0.81,0.81,0.8,0.8,0.81,0.81,0.81,0.82,0.81,0.81,0.81,0.82,0.82,0.82,0.82,0.82,0.83,0.83,0.83,0.82,0.82,0.83,0.83,0.83,0.82,0.82,0.83,0.83,0.84,0.83,0.83,0.83,0.84,0.84,0.84,0.83,0.83,0.84,0.84,0.84,0.84,0.84,0.84,0.84,0.84,0.85,0.84,0.84,0.85,0.85,0.85,0.85,0.85,0.85,0.85,0.85,0.86,0.85,0.85,0.85,0.85,0.86,0.86,0.85,0.86,0.86,0.86,0.86,0.86,0.86,0.86,0.86,0.86,0.86,0.85,0.85,0.86,0.86,0.87,0.86,0.86,0.86,0.86,0.87,0.87,0.86,0.85,0.86,0.86,0.87,0.86,0.86,0.86,0.86,0.86,0.86,0.86,0.86,0.87,0.87,0.87,0.86,0.86,0.87,0.87,0.87,0.87,0.86,0.87,0.87,0.87,0.87,0.87,0.86,0.86,0.87,0.87
0,0.05,0.11,0.23,0.31,0.41,0.45,0.52,0.62,0.68,0.77,0.8,0.83,0.9,0.94,1.02,1.06,1.07,1.12,1.16,1.22,1.26,1.27,1.31,1.35,1.39,1.43,1.46,1.47,1.49,1.54,1.57,1.61,1.61,1.62,1.66,1.69,1.73,1.73,1.73,1.77,1.79,1.83,1.85,1.86,1.87,1.89,1.93,1.95,1.96,1.96,1.98,2,2.03,2.05,2.05,2.05,2.08,2.1,2.12,2.14,2.12,2.15,2.17,2.18,2.22,2.21,2.22,2.24,2.25,2.28,2.29,2.28,2.29,2.32,2.33,2.35,2.34,2.34,2.37,2.38,2.4,2.4,2.39,2.42,2.43,2.44,2.47,2.46,2.46,2.47,2.48,2.51,2.51,2.5,2.51,2.53,2.55,2.57,2.55,2.55,2.57,2.59,2.6,2.6,2.59,2.6,2.62,2.63,2.65,2.63,2.63,2.65,2.67,2.69,2.69,2.68,2.69,2.7,2.72,2.74,2.72,2.72,2.73,2.75,2.77,2.77,2.76,2.77,2.78,2.79,2.81,2.8,2.79,2.81,2.82,2.84,2.84,2.83,2.83,2.84,2.86,2.88,2.87,2.86,2.87,2.89,2.9,2.9,2.89,2.9,2.91,2.92,2.94,2.92,2.92,2.93,2.94,2.96,2.96,2.95,2.96,2.97,2.98,3,2.98,2.97,2.99,3,3.01,3.02,3,3,3.02,3.03,3.04,3.03,3.03,3.04,3.05,3.06,3.06,3.05,3.06,3.07,3.08,3.09,3.08,3.07,3.08,3.09,3.11,3.11,3.1,3.11,3.11,3.13,3.14,3.13,3.12,3.13,3.15,3.16,3.16,3.14,3.14,3.16,3.17,3.19,3.18,3.17,3.19,3.19,3.21,3.21,3.18,3.19,3.2,3.22,3.23,3.21,3.21,3.22,3.23,3.24,3.23,3.22,3.23,3.25,3.25,3.26,3.24,3.23,3.25,3.26,3.28,3.28,3.26,3.26,3.28,3.28,3.29,3.28,3.27,3.28,3.29,3.3,3.31,3.29,3.29,3.3,3.31,3.32,3.31,3.3,3.31,3.32,3.33,3.32,3.3,3.31,3.31,3.33,3.33,3.32,3.31,3.32,3.32,3.33,3.33,3.3,3.31,3.32,3.33,3.34,3.32,3.31,3.32,3.33,3.34,3.34,3.32,3.32,3.33,3.34,3.35,3.33,3.32,3.34,3.34,3.35,3.35,3.33,3.34,3.35,3.36,3.37,3.35,3.34,3.35,3.36,3.37
0,0.01,0.06,0.18,0.26,0.34,0.44,0.5,0.61,0.67,0.74,0.82,0.85,0.92,0.97,1.02,1.1,1.13,1.16,1.21,1.26,1.31,1.36,1.38,1.4,1.44,1.49,1.53,1.55,1.57,1.6,1.64,1.68,1.71,1.72,1.75,1.78,1.81,1.85,1.86,1.87,1.9,1.92,1.96,1.98,1.98,2,2.02,2.06,2.09,2.09,2.1,2.12,2.15,2.17,2.2,2.2,2.2,2.24,2.25,2.29,2.29,2.28,2.31,2.33,2.36,2.37,2.36,2.37,2.39,2.41,2.43,2.43,2.43,2.45,2.47,2.49,2.5,2.49,2.5,2.53,2.54,2.56,2.56,2.55,2.58,2.59,2.62,2.63,2.62,2.63,2.65,2.67,2.68,2.68,2.68,2.69,2.71,2.73,2.74,2.73,2.73,2.76,2.77,2.78,2.78,2.78,2.8,2.81,2.83,2.84,2.82,2.83,2.85,2.86,2.88,2.88,2.87,2.88,2.89,2.91,2.92,2.9,2.91,2.93,2.95,2.96,2.96,2.95,2.96,2.98,2.99,3,2.99,2.99,3.01,3.02,3.04,3.03,3.02,3.04,3.05,3.07,3.08,3.06,3.06,3.08,3.1,3.12,3.11,3.09,3.11,3.13,3.14,3.15,3.13,3.14,3.16,3.16,3.18,3.17,3.16,3.17,3.18,3.2,3.21,3.19,3.19,3.2,3.22,3.23,3.23,3.21,3.23,3.24,3.25,3.26,3.24,3.24,3.26,3.27,3.29,3.28,3.26,3.27,3.29,3.3,3.31,3.3,3.3,3.31,3.32,3.33,3.33,3.31,3.32,3.34,3.35,3.36,3.34,3.34,3.35,3.36,3.37,3.36,3.36,3.37,3.38,3.39,3.39,3.38,3.38,3.39,3.4,3.42,3.42,3.4,3.41,3.42,3.44,3.44,3.42,3.42,3.44,3.45,3.46,3.45,3.44,3.46,3.46,3.47,3.47,3.46,3.46,3.47,3.48,3.5,3.49,3.47,3.48,3.49,3.51,3.51,3.49,3.49,3.51,3.52,3.53,3.52,3.51,3.51,3.53,3.54,3.55,3.54,3.53,3.55,3.55,3.56,3.55,3.53,3.53,3.54,3.55,3.56,3.54,3.53,3.54,3.55,3.56,3.54,3.53,3.53,3.55,3.56,3.56,3.54,3.54,3.56,3.56,3.58,3.56,3.54,3.56,3.56,3.58,3.58,3.56,3.56,3.57,3.58,3.59,3.59,3.56,3.58,3.58,3.59,3.6,3.58,3.58,3.59,3.6
0,0.06,0.14,0.26,0.35,0.44,0.5,0.58,0.68,0.74,0.81,0.85,0.9,0.98,1.03,1.1,1.12,1.15,1.22,1.26,1.33,1.36,1.37,1.41,1.45,1.5,1.54,1.56,1.57,1.61,1.65,1.69,1.73,1.73,1.75,1.8,1.83,1.87,1.87,1.88,1.91,1.94,1.98,2,1.99,2.02,2.04,2.07,2.1,2.11,2.11,2.14,2.17,2.19,2.21,2.2,2.22,2.24,2.26,2.29,2.29,2.29,2.32,2.33,2.36,2.37,2.36,2.38,2.4,2.42,2.45,2.44,2.44,2.46,2.49,2.51,2.52,2.5,2.52,2.54,2.56,2.58,2.58,2.58,2.6,2.62,2.63,2.64,2.63,2.65,2.66,2.68,2.71,2.7,2.69,2.71,2.72,2.74,2.75,2.74,2.75,2.77,2.79,2.81,2.8,2.8,2.81,2.83,2.85,2.86,2.85,2.85,2.87,2.88,2.9,2.9,2.89,2.9,2.91,2.94,2.95,2.93,2.94,2.96,2.98,2.99,2.98,2.98,2.99,3.01,3.02,3.03,3.02,3.02,3.04,3.05,3.07,3.06,3.06,3.07,3.09,3.1,3.11,3.09,3.1,3.11,3.13,3.14,3.13,3.12,3.13,3.15,3.17,3.17,3.15,3.15,3.17,3.18,3.2,3.19,3.18,3.2,3.21,3.22,3.22,3.21,3.22,3.23,3.24,3.26,3.25,3.23,3.25,3.26,3.27,3.28,3.26,3.26,3.28,3.29,3.31,3.29,3.28,3.3,3.3,3.32,3.33,3.31,3.32,3.33,3.34,3.35,3.34,3.34,3.35,3.35,3.37,3.38,3.35,3.36,3.37,3.39,3.4,3.39,3.38,3.39,3.4,3.41,3.42,3.4,3.4,3.43,3.44,3.45,3.44,3.43,3.44,3.45,3.46,3.47,3.44,3.45,3.46,3.48,3.49,3.47,3.46,3.48,3.49,3.5,3.51,3.49,3.49,3.51,3.52,3.53,3.52,3.51,3.52,3.53,3.54,3.55,3.53,3.53,3.54,3.55,3.57,3.56,3.54,3.55,3.57,3.58,3.58,3.56,3.56,3.57,3.58,3.59,3.57,3.56,3.57,3.58,3.59,3.59,3.57,3.57,3.58,3.58,3.59,3.58,3.56,3.57,3.58,3.6,3.6,3.57,3.57,3.58,3.59,3.6,3.59,3.58,3.59,3.59,3.6,3.61,3.59,3.59,3.6,3.6,3.62,3.6,3.59,3.61,3.61,3.63,3.63,3.6,3.61,3.62,3.63,3.63
0,0.06,0.14,0.26,0.35,0.44,0.5,0.57,0.67,0.74,0.81,0.84,0.93,0.98,1.03,1.1,1.13,1.18,1.22,1.26,1.33,1.35,1.38,1.42,1.46,1.51,1.55,1.56,1.58,1.61,1.66,1.7,1.73,1.73,1.75,1.8,1.82,1.87,1.87,1.88,1.92,1.95,1.98,2,1.99,2.03,2.05,2.09,2.11,2.11,2.12,2.14,2.17,2.2,2.21,2.21,2.22,2.25,2.27,2.3,2.29,2.29,2.33,2.34,2.38,2.38,2.37,2.39,2.41,2.44,2.46,2.46,2.45,2.47,2.5,2.52,2.53,2.52,2.53,2.56,2.58,2.6,2.59,2.59,2.62,2.63,2.65,2.66,2.65,2.66,2.68,2.69,2.72,2.71,2.71,2.73,2.74,2.77,2.77,2.76,2.77,2.79,2.81,2.82,2.81,2.81,2.84,2.85,2.87,2.87,2.86,2.87,2.88,2.9,2.92,2.91,2.91,2.93,2.94,2.97,2.97,2.95,2.96,2.97,2.99,3.01,2.99,2.99,3.01,3.03,3.04,3.04,3.03,3.03,3.05,3.06,3.08,3.07,3.06,3.08,3.09,3.11,3.11,3.1,3.11,3.12,3.14,3.15,3.14,3.13,3.14,3.16,3.18,3.18,3.16,3.16,3.19,3.2,3.22,3.2,3.19,3.21,3.22,3.24,3.24,3.22,3.23,3.24,3.26,3.27,3.26,3.24,3.26,3.28,3.29,3.29,3.27,3.28,3.3,3.31,3.32,3.31,3.3,3.32,3.32,3.34,3.34,3.32,3.33,3.34,3.35,3.38,3.36,3.35,3.36,3.37,3.4,3.4,3.38,3.38,3.4,3.41,3.42,3.4,3.4,3.42,3.43,3.44,3.44,3.42,3.43,3.44,3.45,3.46,3.45,3.44,3.46,3.46,3.48,3.48,3.46,3.47,3.48,3.5,3.51,3.49,3.48,3.49,3.5,3.52,3.52,3.5,3.51,3.52,3.53,3.54,3.53,3.52,3.54,3.54,3.56,3.56,3.54,3.54,3.56,3.57,3.58,3.56,3.56,3.57,3.58,3.59,3.58,3.57,3.58,3.59,3.59,3.6,3.58,3.57,3.58,3.59,3.6,3.59,3.57,3.58,3.58,3.6,3.6,3.59,3.57,3.59,3.6,3.61,3.61,3.58,3.58,3.6,3.61,3.62,3.6,3.59,3.6,3.61,3.62,3.62,3.6,3.61,3.61,3.63,3.63,3.61,3.6,3.62,3.63,3.64,3.64,3.62,3.62,3.63,3.64,3.64
0,0.03,0.14,0.21,0.34,0.41,0.46,0.57,0.64,0.74,0.8,0.86,0.9,0.95,1.03,1.09,1.14,1.16,1.21,1.27,1.31,1.37,1.39,1.41,1.47,1.5,1.56,1.58,1.58,1.63,1.66,1.71,1.74,1.74,1.76,1.79,1.84,1.87,1.89,1.89,1.92,1.96,1.98,2.01,2.02,2.03,2.06,2.08,2.11,2.13,2.12,2.15,2.17,2.2,2.24,2.23,2.24,2.26,2.29,2.31,2.32,2.32,2.33,2.36,2.38,2.41,2.4,2.4,2.43,2.45,2.46,2.48,2.47,2.49,2.5,2.52,2.55,2.54,2.54,2.56,2.58,2.61,2.62,2.6,2.62,2.63,2.66,2.68,2.66,2.67,2.68,2.71,2.73,2.73,2.72,2.73,2.75,2.77,2.79,2.78,2.77,2.8,2.81,2.83,2.83,2.82,2.83,2.85,2.87,2.89,2.87,2.88,2.89,2.91,2.93,2.93,2.92,2.92,2.94,2.95,2.97,2.96,2.96,2.98,2.99,3.01,3.01,3,3.01,3.02,3.04,3.06,3.05,3.04,3.06,3.07,3.09,3.09,3.07,3.08,3.1,3.12,3.13,3.11,3.11,3.13,3.14,3.16,3.17,3.15,3.16,3.17,3.19,3.2,3.19,3.18,3.19,3.21,3.23,3.23,3.21,3.22,3.24,3.25,3.26,3.25,3.24,3.26,3.27,3.28,3.28,3.27,3.28,3.29,3.3,3.32,3.3,3.3,3.31,3.32,3.34,3.34,3.32,3.33,3.34,3.36,3.37,3.35,3.35,3.36,3.37,3.38,3.38,3.36,3.37,3.39,3.4,3.41,3.39,3.39,3.4,3.41,3.43,3.43,3.41,3.42,3.43,3.45,3.46,3.44,3.44,3.45,3.46,3.47,3.46,3.45,3.45,3.47,3.48,3.5,3.48,3.47,3.49,3.5,3.51,3.51,3.49,3.5,3.51,3.53,3.53,3.52,3.51,3.52,3.54,3.55,3.55,3.53,3.53,3.55,3.56,3.57,3.56,3.55,3.57,3.58,3.6,3.59,3.57,3.58,3.59,3.6,3.61,3.6,3.58,3.59,3.6,3.61,3.61,3.58,3.59,3.6,3.6,3.61,3.59,3.58,3.6,3.6,3.61,3.61,3.59,3.6,3.6,3.61,3.62,3.6,3.59,3.6,3.61,3.62,3.62,3.59,3.6,3.61,3.63,3.64,3.61,3.61,3.62,3.63,3.63,3.63,3.62,3.62,3.63,3.64,3.65,3.63,3.62,3.63,3.64,3.65
0,0.11,0.19,0.27,0.38,0.44,0.54,0.62,0.72,0.78,0.82,0.87,0.93,1,1.06,1.11,1.15,1.18,1.25,1.29,1.34,1.36,1.39,1.45,1.49,1.52,1.56,1.57,1.61,1.65,1.67,1.72,1.73,1.74,1.78,1.81,1.85,1.87,1.87,1.9,1.93,1.97,1.99,2,2.01,2.04,2.07,2.09,2.12,2.11,2.13,2.15,2.18,2.21,2.21,2.22,2.24,2.26,2.3,2.31,2.3,2.32,2.34,2.37,2.39,2.39,2.39,2.41,2.44,2.46,2.47,2.46,2.47,2.5,2.52,2.54,2.53,2.53,2.55,2.57,2.6,2.61,2.59,2.6,2.62,2.64,2.66,2.66,2.65,2.67,2.69,2.71,2.73,2.71,2.72,2.73,2.75,2.78,2.77,2.76,2.78,2.8,2.83,2.83,2.81,2.82,2.84,2.87,2.88,2.88,2.87,2.88,2.9,2.92,2.93,2.91,2.92,2.94,2.95,2.96,2.96,2.95,2.98,2.99,3,3.01,3,3,3.02,3.03,3.05,3.04,3.04,3.05,3.06,3.09,3.09,3.07,3.08,3.1,3.11,3.13,3.12,3.11,3.13,3.14,3.15,3.16,3.14,3.15,3.17,3.18,3.2,3.19,3.17,3.19,3.21,3.23,3.24,3.21,3.21,3.23,3.25,3.26,3.25,3.24,3.25,3.27,3.29,3.29,3.28,3.27,3.29,3.31,3.33,3.31,3.3,3.32,3.33,3.35,3.35,3.33,3.33,3.34,3.36,3.38,3.37,3.35,3.37,3.38,3.39,3.39,3.38,3.38,3.4,3.41,3.43,3.41,3.4,3.42,3.43,3.45,3.44,3.43,3.43,3.44,3.46,3.47,3.46,3.44,3.46,3.47,3.48,3.49,3.47,3.47,3.49,3.5,3.51,3.49,3.48,3.5,3.51,3.52,3.52,3.51,3.51,3.52,3.53,3.55,3.53,3.52,3.53,3.54,3.56,3.57,3.55,3.55,3.57,3.58,3.59,3.57,3.56,3.57,3.58,3.59,3.6,3.58,3.59,3.6,3.6,3.62,3.61,3.59,3.61,3.61,3.63,3.63,3.6,3.6,3.61,3.62,3.63,3.61,3.6,3.61,3.62,3.63,3.62,3.6,3.6,3.61,3.62,3.64,3.62,3.6,3.62,3.63,3.65,3.65,3.63,3.62,3.63,3.64,3.66,3.63,3.62,3.63,3.64,3.66,3.65,3.63,3.63,3.65,3.66,3.67,3.65,3.65,3.66,3.67,3.69,3.69
0,0.11,0.19,0.27,0.39,0.44,0.54,0.61,0.71,0.76,0.8,0.87,0.93,1.01,1.06,1.1,1.14,1.17,1.25,1.29,1.34,1.36,1.39,1.44,1.48,1.51,1.55,1.56,1.6,1.63,1.66,1.71,1.72,1.73,1.77,1.8,1.85,1.86,1.87,1.89,1.92,1.96,1.99,1.99,2,2.02,2.06,2.08,2.1,2.1,2.13,2.15,2.17,2.2,2.2,2.21,2.24,2.26,2.29,2.3,2.3,2.32,2.34,2.36,2.38,2.38,2.38,2.4,2.43,2.45,2.46,2.45,2.46,2.49,2.5,2.53,2.52,2.52,2.54,2.55,2.58,2.59,2.58,2.59,2.61,2.63,2.65,2.64,2.64,2.66,2.68,2.7,2.71,2.7,2.71,2.74,2.75,2.77,2.76,2.75,2.78,2.79,2.82,2.82,2.8,2.81,2.83,2.85,2.87,2.86,2.86,2.87,2.89,2.9,2.91,2.9,2.91,2.93,2.94,2.96,2.94,2.93,2.96,2.97,2.99,2.99,2.98,2.99,3.01,3.02,3.04,3.02,3.02,3.04,3.05,3.07,3.07,3.06,3.07,3.08,3.1,3.11,3.1,3.1,3.11,3.13,3.14,3.15,3.13,3.14,3.16,3.17,3.19,3.17,3.17,3.18,3.19,3.21,3.21,3.19,3.21,3.22,3.24,3.25,3.23,3.23,3.24,3.25,3.27,3.27,3.25,3.26,3.28,3.29,3.3,3.29,3.28,3.3,3.31,3.33,3.33,3.31,3.32,3.33,3.35,3.35,3.34,3.33,3.35,3.36,3.37,3.38,3.35,3.36,3.37,3.38,3.39,3.38,3.38,3.39,3.4,3.42,3.42,3.4,3.41,3.42,3.44,3.44,3.43,3.42,3.44,3.45,3.46,3.46,3.45,3.45,3.47,3.48,3.49,3.47,3.46,3.48,3.49,3.5,3.5,3.49,3.49,3.5,3.51,3.53,3.51,3.5,3.52,3.52,3.54,3.54,3.52,3.53,3.54,3.55,3.56,3.55,3.54,3.55,3.56,3.58,3.57,3.56,3.57,3.57,3.58,3.6,3.59,3.58,3.59,3.59,3.61,3.61,3.58,3.58,3.59,3.6,3.61,3.58,3.58,3.59,3.6,3.61,3.61,3.59,3.59,3.6,3.61,3.62,3.6,3.59,3.6,3.61,3.63,3.62,3.61,3.61,3.61,3.63,3.64,3.61,3.61,3.62,3.63,3.64,3.63,3.61,3.62,3.63,3.64,3.66,3.64,3.63,3.65,3.65,3.67,3.67
0,0.08,0.16,0.29,0.37,0.43,0.53,0.6,0.7,0.76,0.81,0.87,0.93,1.01,1.06,1.11,1.16,1.18,1.24,1.29,1.34,1.38,1.4,1.45,1.49,1.53,1.58,1.59,1.61,1.65,1.68,1.73,1.75,1.76,1.78,1.82,1.86,1.89,1.9,1.91,1.93,1.97,2,2.02,2.02,2.04,2.08,2.1,2.13,2.13,2.15,2.17,2.2,2.23,2.24,2.24,2.26,2.29,2.32,2.34,2.33,2.33,2.36,2.38,2.41,2.42,2.41,2.43,2.46,2.47,2.49,2.49,2.48,2.51,2.53,2.55,2.56,2.55,2.57,2.59,2.61,2.63,2.62,2.62,2.64,2.66,2.68,2.69,2.67,2.68,2.71,2.72,2.74,2.74,2.73,2.76,2.78,2.8,2.8,2.79,2.8,2.82,2.84,2.86,2.85,2.84,2.86,2.88,2.9,2.91,2.89,2.9,2.92,2.93,2.95,2.94,2.93,2.95,2.97,2.98,2.99,2.98,2.99,3.01,3.02,3.04,3.02,3.02,3.04,3.05,3.07,3.08,3.05,3.06,3.08,3.1,3.11,3.1,3.1,3.12,3.13,3.14,3.15,3.14,3.15,3.16,3.16,3.19,3.17,3.17,3.19,3.2,3.22,3.23,3.2,3.21,3.22,3.24,3.25,3.24,3.23,3.25,3.27,3.28,3.28,3.27,3.28,3.29,3.3,3.32,3.3,3.3,3.31,3.32,3.34,3.34,3.33,3.33,3.34,3.36,3.37,3.36,3.35,3.36,3.38,3.39,3.4,3.37,3.38,3.4,3.41,3.42,3.41,3.4,3.42,3.42,3.44,3.43,3.42,3.42,3.44,3.46,3.47,3.46,3.45,3.46,3.47,3.48,3.49,3.47,3.47,3.48,3.49,3.51,3.49,3.49,3.5,3.51,3.52,3.53,3.51,3.51,3.52,3.53,3.55,3.53,3.52,3.53,3.54,3.57,3.57,3.55,3.56,3.57,3.58,3.59,3.57,3.56,3.58,3.59,3.6,3.6,3.58,3.59,3.6,3.61,3.62,3.61,3.6,3.61,3.62,3.64,3.64,3.62,3.63,3.64,3.64,3.65,3.63,3.62,3.63,3.64,3.65,3.64,3.63,3.62,3.64,3.65,3.66,3.64,3.63,3.64,3.64,3.66,3.66,3.63,3.64,3.65,3.67,3.68,3.65,3.64,3.65,3.66,3.68,3.67,3.65,3.65,3.67,3.68,3.69,3.67,3.66,3.67,3.68,3.7,3.69,3.67,3.67,3.69,3.7,3.7
0,0.01,0.02,0.03,0.04,0.05,0.06,0.06,0.08,0.08,0.08,0.09,0.1,0.11,0.11,0.12,0.12,0.13,0.13,0.14,0.14,0.14,0.14,0.14,0.15,0.16,0.16,0.16,0.16,0.16,0.17,0.17,0.17,0.18,0.19,0.2,0.2,0.18,0.19,0.2,0.2,0.2,0.2,0.2,0.21,0.21,0.21,0.21,0.21,0.21,0.21,0.21,0.21,0.21,0.22,0.22,0.22,0.22,0.23,0.23,0.23,0.24,0.24,0.24,0.23,0.23,0.23,0.24,0.25,0.26,0.26,0.25,0.26,0.25,0.25,0.25,0.25,0.25,0.26,0.27,0.28,0.27,0.27,0.27,0.28,0.28,0.28,0.27,0.28,0.28,0.28,0.29,0.28,0.28,0.27,0.27,0.27,0.27,0.27,0.28,0.28,0.28,0.29,0.29,0.29,0.29,0.3,0.3,0.3,0.28,0.28,0.28,0.28,0.28,0.27,0.28,0.28,0.29,0.29,0.3,0.3,0.3,0.3,0.29,0.29,0.3,0.3,0.3,0.31,0.31,0.3,0.31,0.31,0.31,0.31,0.31,0.31,0.31,0.31,0.3,0.3,0.29,0.29,0.3,0.3,0.31,0.31,0.31,0.31,0.31,0.31,0.31,0.3,0.3,0.31,0.31,0.31,0.32,0.31,0.31,0.32,0.32,0.33,0.32,0.32,0.32,0.32,0.31,0.32,0.32,0.32,0.32,0.33,0.33,0.33,0.31,0.31,0.31,0.31,0.32,0.32,0.33,0.33,0.33,0.33,0.33,0.33,0.33,0.34,0.34,0.34,0.34,0.34,0.34,0.33,0.33,0.34,0.33,0.34,0.34,0.34,0.34,0.32,0.32,0.32,0.32,0.32,0.32,0.31,0.31,0.32,0.32,0.33,0.33,0.33,0.34,0.34,0.35,0.34,0.34,0.34,0.35,0.35,0.35,0.34,0.35,0.35,0.35,0.34,0.33,0.33,0.33,0.33,0.33,0.33,0.33,0.33,0.34,0.35,0.35,0.35,0.35,0.34,0.35,0.35,0.35,0.35,0.34,0.34,0.34,0.34,0.34,0.33,0.34,0.34,0.35,0.35,0.35,0.35,0.35,0.35,0.35,0.35,0.35,0.35,0.35,0.35,0.35,0.35,0.34,0.34,0.33,0.33,0.33,0.33,0.33,0.33,0.33,0.34,0.33,0.33,0.33,0.33,0.34,0.34,0.34,0.35,0.35,0.36,0.35,0.34,0.34,0.33,0.34,0.34,0.34,0.34,0.35,0.35,0.35,0.35,0.36
0,0.01,0.02,0.03,0.03,0.04,0.04,0.05,0.06,0.06,0.08,0.08,0.08,0.09,0.09,0.09,0.1,0.11,0.11,0.11,0.11,0.11,0.12,0.13,0.13,0.12,0.12,0.13,0.13,0.13,0.14,0.14,0.14,0.14,0.15,0.15,0.16,0.15,0.15,0.15,0.15,0.15,0.16,0.16,0.16,0.16,0.17,0.17,0.17,0.18,0.18,0.19,0.19,0.18,0.17,0.18,0.18,0.19,0.2,0.19,0.18,0.18,0.18,0.19,0.18,0.18,0.19,0.19,0.2,0.2,0.21,0.21,0.2,0.2,0.2,0.19,0.2,0.2,0.21,0.21,0.21,0.22,0.22,0.23,0.23,0.23,0.23,0.22,0.21,0.21,0.22,0.22,0.22,0.22,0.22,0.23,0.22,0.21,0.21,0.21,0.21,0.22,0.22,0.22,0.22,0.23,0.23,0.24,0.24,0.24,0.24,0.24,0.24,0.23,0.22,0.22,0.23,0.23,0.24,0.24,0.24,0.24,0.24,0.25,0.25,0.25,0.25,0.25,0.25,0.25,0.25,0.24,0.23,0.24,0.25,0.24,0.25,0.25,0.25,0.25,0.25,0.24,0.23,0.23,0.24,0.24,0.25,0.25,0.25,0.24,0.24,0.23,0.23,0.23,0.24,0.24,0.26,0.26,0.26,0.25,0.25,0.25,0.25,0.25,0.26,0.26,0.26,0.27,0.26,0.25,0.25,0.25,0.25,0.26,0.26,0.26,0.26,0.27,0.26,0.25,0.25,0.25,0.25,0.26,0.27,0.26,0.27,0.27,0.28,0.28,0.28,0.27,0.27,0.27,0.27,0.28,0.27,0.27,0.27,0.26,0.26,0.25,0.25,0.25,0.25,0.25,0.26,0.25,0.27,0.27,0.28,0.28,0.28,0.27,0.27,0.26,0.26,0.27,0.27,0.27,0.28,0.28,0.28,0.28,0.28,0.28,0.28,0.27,0.27,0.26,0.26,0.26,0.26,0.27,0.27,0.28,0.28,0.28,0.28,0.29,0.29,0.29,0.29,0.28,0.27,0.27,0.26,0.26,0.26,0.27,0.27,0.27,0.28,0.28,0.28,0.29,0.29,0.28,0.28,0.28,0.29,0.29,0.29,0.28,0.27,0.27,0.27,0.27,0.26,0.26,0.26,0.27,0.27,0.27,0.27,0.27,0.28,0.29,0.29,0.28,0.29,0.29,0.29,0.29,0.28,0.28,0.28,0.27,0.27,0.27,0.27,0.27,0.28,0.28,0.29,0.29,0.29,0.29,0.29,0.28,0.27,0.29
0,0.02,0.03,0.04,0.05,0.04,0.05,0.06,0.06,0.07,0.08,0.08,0.08,0.08,0.09,0.1,0.11,0.11,0.11,0.1,0.1,0.11,0.12,0.13,0.12,0.12,0.13,0.14,0.14,0.15,0.15,0.15,0.14,0.14,0.14,0.14,0.15,0.16,0.16,0.16,0.16,0.16,0.15,0.15,0.16,0.17,0.17,0.17,0.17,0.18,0.17,0.17,0.17,0.17,0.18,0.18,0.18,0.18,0.18,0.17,0.17,0.17,0.17,0.17,0.17,0.18,0.19,0.19,0.19,0.19,0.19,0.19,0.19,0.19,0.19,0.19,0.2,0.2,0.2,0.2,0.2,0.2,0.2,0.2,0.21,0.2,0.19,0.19,0.19,0.2,0.2,0.2,0.21,0.21,0.21,0.22,0.21,0.21,0.21,0.21,0.2,0.2,0.2,0.2,0.2,0.2,0.21,0.21,0.21,0.22,0.22,0.22,0.22,0.22,0.22,0.22,0.22,0.23,0.22,0.22,0.21,0.21,0.21,0.2,0.2,0.2,0.21,0.22,0.23,0.22,0.23,0.23,0.23,0.23,0.23,0.23,0.22,0.22,0.21,0.21,0.21,0.21,0.22,0.22,0.23,0.23,0.23,0.23,0.23,0.24,0.24,0.24,0.24,0.24,0.24,0.25,0.24,0.24,0.24,0.24,0.24,0.24,0.24,0.23,0.23,0.23,0.22,0.22,0.21,0.22,0.22,0.22,0.23,0.24,0.24,0.24,0.24,0.25,0.24,0.24,0.24,0.24,0.24,0.24,0.23,0.23,0.22,0.22,0.23,0.23,0.23,0.24,0.24,0.25,0.25,0.25,0.25,0.25,0.25,0.26,0.25,0.25,0.25,0.25,0.25,0.25,0.25,0.24,0.23,0.23,0.23,0.24,0.23,0.23,0.23,0.23,0.23,0.23,0.23,0.24,0.25,0.25,0.26,0.26,0.26,0.26,0.26,0.26,0.26,0.26,0.26,0.26,0.26,0.26,0.26,0.26,0.26,0.26,0.26,0.26,0.26,0.26,0.26,0.26,0.26,0.26,0.26,0.26,0.26,0.26,0.26,0.26,0.26,0.25,0.25,0.24,0.24,0.24,0.24,0.25,0.25,0.25,0.25,0.26,0.26,0.26,0.26,0.26,0.26,0.26,0.27,0.26,0.26,0.26,0.27,0.27,0.27,0.27,0.26,0.26,0.26,0.26,0.26,0.26,0.26,0.26,0.26,0.26,0.26,0.25,0.26,0.26,0.27,0.27,0.27,0.27,0.27,0.27,0.27,0.27,0.26,0.27
0,0.01,0.02,0.04,0.04,0.04,0.05,0.06,0.08,0.09,0.09,0.09,0.09,0.09,0.09,0.1,0.11,0.11,0.12,0.12,0.11,0.11,0.12,0.12,0.13,0.14,0.14,0.13,0.13,0.14,0.14,0.14,0.14,0.15,0.16,0.16,0.16,0.14,0.14,0.14,0.14,0.14,0.14,0.15,0.16,0.17,0.17,0.18,0.18,0.18,0.18,0.18,0.18,0.18,0.18,0.18,0.18,0.19,0.19,0.19,0.19,0.19,0.19,0.19,0.18,0.17,0.17,0.17,0.17,0.17,0.18,0.18,0.19,0.19,0.2,0.2,0.2,0.21,0.2,0.2,0.2,0.2,0.2,0.2,0.21,0.21,0.2,0.21,0.21,0.21,0.21,0.21,0.21,0.21,0.21,0.21,0.22,0.21,0.21,0.21,0.21,0.21,0.21,0.21,0.21,0.21,0.22,0.22,0.22,0.22,0.22,0.22,0.22,0.22,0.22,0.21,0.22,0.22,0.22,0.22,0.22,0.22,0.22,0.22,0.22,0.22,0.22,0.23,0.23,0.23,0.23,0.23,0.23,0.23,0.23,0.23,0.22,0.23,0.23,0.23,0.24,0.23,0.23,0.23,0.22,0.22,0.21,0.21,0.21,0.21,0.21,0.22,0.21,0.21,0.21,0.22,0.23,0.23,0.23,0.24,0.24,0.24,0.24,0.24,0.22,0.22,0.22,0.21,0.22,0.22,0.23,0.24,0.24,0.24,0.24,0.24,0.25,0.24,0.24,0.24,0.24,0.24,0.25,0.25,0.25,0.24,0.24,0.24,0.23,0.22,0.22,0.22,0.22,0.22,0.22,0.22,0.22,0.22,0.23,0.23,0.24,0.24,0.25,0.25,0.25,0.25,0.25,0.24,0.23,0.23,0.24,0.25,0.25,0.25,0.25,0.25,0.26,0.26,0.26,0.26,0.26,0.26,0.26,0.26,0.25,0.26,0.26,0.26,0.26,0.26,0.25,0.26,0.26,0.26,0.26,0.26,0.26,0.26,0.25,0.25,0.24,0.23,0.24,0.24,0.24,0.24,0.24,0.25,0.26,0.26,0.26,0.27,0.26,0.26,0.26,0.26,0.25,0.25,0.25,0.26,0.26,0.26,0.26,0.26,0.26,0.26,0.26,0.26,0.26,0.26,0.26,0.26,0.26,0.26,0.26,0.26,0.26,0.26,0.26,0.26,0.26,0.26,0.26,0.27,0.27,0.27,0.26,0.26,0.27,0.27,0.26,0.26,0.26,0.26,0.26,0.25,0.24,0.24,0.25,0.25,0.25,0.27
0,0.01,0.01,0.02,0.03,0.04,0.06,0.07,0.07,0.07,0.07,0.07,0.07,0.08,0.09,0.09,0.1,0.11,0.11,0.12,0.12,0.12,0.13,0.13,0.14,0.14,0.14,0.13,0.13,0.13,0.13,0.13,0.13,0.13,0.14,0.15,0.16,0.16,0.16,0.16,0.17,0.17,0.17,0.17,0.17,0.17,0.18,0.18,0.17,0.18,0.18,0.18,0.18,0.17,0.17,0.18,0.18,0.18,0.17,0.17,0.17,0.18,0.18,0.19,0.19,0.19,0.19,0.19,0.2,0.2,0.2,0.2,0.2,0.2,0.21,0.21,0.21,0.21,0.21,0.21,0.21,0.2,0.2,0.21,0.21,0.21,0.21,0.21,0.21,0.21,0.2,0.2,0.2,0.19,0.2,0.21,0.21,0.22,0.21,0.22,0.22,0.21,0.22,0.22,0.22,0.22,0.22,0.22,0.21,0.21,0.22,0.22,0.22,0.22,0.22,0.23,0.23,0.23,0.24,0.23,0.22,0.23,0.23,0.22,0.21,0.21,0.21,0.22,0.23,0.23,0.23,0.23,0.24,0.23,0.23,0.22,0.22,0.23,0.24,0.24,0.24,0.23,0.23,0.23,0.24,0.23,0.24,0.24,0.23,0.23,0.23,0.23,0.24,0.24,0.24,0.23,0.23,0.23,0.23,0.23,0.24,0.24,0.25,0.25,0.25,0.25,0.24,0.23,0.24,0.24,0.24,0.24,0.24,0.24,0.24,0.24,0.24,0.25,0.25,0.25,0.24,0.24,0.25,0.25,0.25,0.25,0.24,0.24,0.24,0.24,0.24,0.24,0.25,0.25,0.25,0.24,0.24,0.24,0.23,0.24,0.25,0.25,0.26,0.26,0.25,0.24,0.24,0.24,0.25,0.25,0.25,0.26,0.25,0.24,0.24,0.24,0.24,0.25,0.25,0.25,0.25,0.25,0.25,0.25,0.24,0.24,0.25,0.25,0.25,0.25,0.25,0.26,0.26,0.26,0.25,0.25,0.25,0.26,0.26,0.27,0.26,0.25,0.24,0.25,0.26,0.26,0.26,0.26,0.27,0.26,0.25,0.26,0.26,0.26,0.27,0.27,0.26,0.25,0.24,0.25,0.25,0.26,0.26,0.25,0.25,0.25,0.26,0.26,0.26,0.26,0.26,0.26,0.26,0.26,0.26,0.26,0.25,0.25,0.25,0.26,0.26,0.26,0.26,0.25,0.25,0.25,0.25,0.25,0.26,0.27,0.26,0.26,0.26,0.25,0.25,0.25,0.24,0.25,0.25,0.26,0.27,0.27
0,0.01,0.03,0.03,0.03,0.04,0.05,0.06,0.06,0.06,0.07,0.08,0.09,0.09,0.1,0.11,0.11,0.11,0.11,0.1,0.1,0.11,0.12,0.12,0.13,0.13,0.13,0.13,0.13,0.15,0.14,0.14,0.14,0.14,0.15,0.16,0.16,0.16,0.15,0.15,0.15,0.15,0.16,0.16,0.16,0.17,0.17,0.17,0.16,0.17,0.17,0.17,0.17,0.17,0.18,0.19,0.19,0.18,0.18,0.18,0.18,0.19,0.19,0.19,0.18,0.18,0.18,0.19,0.2,0.2,0.2,0.2,0.19,0.19,0.19,0.19,0.19,0.2,0.2,0.2,0.19,0.19,0.19,0.2,0.21,0.21,0.2,0.2,0.2,0.2,0.2,0.21,0.22,0.22,0.21,0.21,0.21,0.21,0.22,0.22,0.22,0.21,0.21,0.21,0.21,0.22,0.22,0.22,0.22,0.21,0.21,0.21,0.21,0.21,0.22,0.22,0.23,0.23,0.23,0.23,0.22,0.23,0.23,0.23,0.23,0.22,0.22,0.22,0.23,0.24,0.24,0.23,0.23,0.22,0.22,0.23,0.23,0.23,0.24,0.24,0.24,0.23,0.23,0.23,0.23,0.24,0.24,0.24,0.24,0.24,0.24,0.25,0.25,0.24,0.23,0.23,0.23,0.23,0.23,0.23,0.24,0.24,0.25,0.25,0.25,0.25,0.24,0.25,0.25,0.25,0.25,0.24,0.24,0.24,0.24,0.24,0.24,0.24,0.25,0.26,0.25,0.25,0.24,0.24,0.24,0.25,0.25,0.25,0.26,0.26,0.25,0.25,0.24,0.25,0.24,0.25,0.25,0.24,0.24,0.25,0.26,0.25,0.25,0.25,0.25,0.26,0.26,0.27,0.27,0.26,0.26,0.25,0.25,0.25,0.25,0.25,0.26,0.27,0.27,0.26,0.25,0.25,0.26,0.27,0.27,0.26,0.26,0.26,0.26,0.26,0.25,0.26,0.27,0.27,0.26,0.26,0.26,0.26,0.26,0.27,0.26,0.26,0.26,0.26,0.26,0.27,0.28,0.27,0.27,0.26,0.26,0.26,0.27,0.27,0.27,0.27,0.27,0.26,0.26,0.27,0.27,0.27,0.26,0.26,0.26,0.26,0.26,0.26,0.26,0.26,0.27,0.27,0.27,0.27,0.27,0.26,0.26,0.27,0.27,0.27,0.27,0.27,0.28,0.27,0.27,0.26,0.26,0.26,0.26,0.27,0.28,0.27,0.26,0.26,0.26,0.27,0.28,0.27,0.27,0.26,0.26,0.28
0,0.01,0.02,0.02,0.02,0.02,0.02,0.02,0.02,0.02,0.02,0.03,0.03,0.04,0.04,0.04,0.04,0.03,0.03,0.04,0.04,0.03,0.04,0.04,0.05,0.05,0.04,0.04,0.04,0.04,0.05,0.06,0.06,0.05,0.05,0.05,0.05,0.05,0.06,0.05,0.05,0.06,0.07,0.07,0.06,0.06,0.06,0.07,0.08,0.08,0.07,0.06,0.07,0.07,0.08,0.08,0.07,0.07,0.07,0.07,0.08,0.08,0.08,0.07,0.07,0.07,0.07,0.07,0.08,0.09,0.09,0.09,0.08,0.08,0.08,0.09,0.09,0.09,0.08,0.08,0.08,0.08,0.09,0.09,0.09,0.1,0.09,0.09,0.09,0.09,0.1,0.1,0.1,0.09,0.09,0.09,0.1,0.1,0.09,0.09,0.09,0.09,0.1,0.1,0.1,0.1,0.09,0.1,0.1,0.11,0.11,0.1,0.1,0.1,0.1,0.1,0.1,0.11,0.11,0.1,0.1,0.1,0.1,0.1,0.1,0.1,0.11,0.11,0.1,0.1,0.1,0.1,0.11,0.11,0.11,0.1,0.1,0.11,0.11,0.11,0.11,0.11,0.1,0.1,0.11,0.11,0.11,0.11,0.11,0.11,0.11,0.11,0.12,0.11,0.11,0.1,0.11,0.12,0.12,0.13,0.12,0.11,0.11,0.12,0.13,0.13,0.13,0.11,0.11,0.12,0.12,0.12,0.12,0.13,0.12,0.11,0.12,0.12,0.12,0.12,0.13,0.13,0.14,0.13,0.13,0.12,0.13,0.13,0.13,0.12,0.12,0.11,0.12,0.13,0.13,0.12,0.12,0.12,0.13,0.13,0.12,0.12,0.11,0.12,0.12,0.12,0.13,0.13,0.13,0.12,0.12,0.12,0.13,0.14,0.14,0.13,0.12,0.12,0.13,0.14,0.14,0.13,0.13,0.12,0.12,0.13,0.14,0.13,0.13,0.12,0.13,0.13,0.13,0.13,0.14,0.14,0.14,0.13,0.13,0.13,0.13,0.13,0.13,0.13,0.14,0.13,0.12,0.12,0.12,0.13,0.14,0.14,0.14,0.14,0.13,0.13,0.14,0.14,0.13,0.12,0.12,0.13,0.13,0.13,0.12,0.12,0.12,0.13,0.13,0.14,0.14,0.13,0.13,0.13,0.13,0.13,0.14,0.14,0.13,0.13,0.13,0.13,0.13,0.14,0.14,0.14,0.13,0.13,0.13,0.13,0.14,0.13,0.12,0.13,0.13,0.14,0.14,0.14,0.14,0.14,0.13,0.14
0,0.01,0.02,0.04,0.05,0.04,0.05,0.06,0.08,0.08,0.08,0.09,0.09,0.1,0.09,0.09,0.09,0.11,0.11,0.11,0.1,0.1,0.11,0.12,0.13,0.13,0.12,0.13,0.13,0.14,0.15,0.14,0.13,0.14,0.14,0.15,0.16,0.15,0.14,0.14,0.14,0.15,0.15,0.15,0.16,0.17,0.17,0.18,0.17,0.16,0.16,0.17,0.18,0.17,0.18,0.17,0.17,0.17,0.17,0.17,0.17,0.18,0.18,0.18,0.17,0.17,0.18,0.18,0.18,0.18,0.18,0.18,0.19,0.2,0.2,0.19,0.19,0.2,0.2,0.21,0.2,0.19,0.19,0.19,0.2,0.2,0.2,0.2,0.21,0.2,0.2,0.21,0.21,0.21,0.21,0.21,0.21,0.21,0.21,0.22,0.22,0.22,0.21,0.2,0.2,0.2,0.2,0.22,0.22,0.21,0.21,0.2,0.21,0.21,0.22,0.22,0.21,0.21,0.22,0.22,0.22,0.23,0.22,0.22,0.21,0.22,0.21,0.22,0.22,0.24,0.24,0.22,0.22,0.22,0.23,0.24,0.23,0.23,0.22,0.22,0.23,0.23,0.24,0.24,0.23,0.22,0.22,0.23,0.24,0.24,0.23,0.23,0.22,0.23,0.24,0.24,0.25,0.24,0.23,0.23,0.24,0.24,0.24,0.25,0.25,0.24,0.23,0.23,0.23,0.23,0.24,0.25,0.24,0.23,0.23,0.23,0.24,0.25,0.26,0.26,0.25,0.24,0.24,0.24,0.25,0.25,0.25,0.25,0.25,0.25,0.24,0.24,0.25,0.26,0.26,0.25,0.24,0.24,0.24,0.24,0.25,0.25,0.25,0.23,0.23,0.24,0.25,0.25,0.26,0.26,0.26,0.25,0.25,0.24,0.24,0.26,0.26,0.27,0.26,0.25,0.25,0.25,0.25,0.26,0.26,0.26,0.25,0.25,0.25,0.25,0.25,0.26,0.27,0.27,0.26,0.26,0.25,0.25,0.25,0.25,0.26,0.26,0.26,0.25,0.25,0.26,0.26,0.27,0.27,0.27,0.25,0.25,0.25,0.25,0.26,0.26,0.27,0.27,0.27,0.27,0.27,0.26,0.26,0.26,0.25,0.25,0.26,0.26,0.26,0.25,0.25,0.26,0.27,0.27,0.27,0.26,0.26,0.26,0.26,0.26,0.26,0.27,0.27,0.26,0.25,0.25,0.25,0.26,0.26,0.27,0.27,0.27,0.27,0.27,0.28,0.27,0.25,0.26,0.26,0.27,0.27,0.28
0,0.09,0.18,0.27,0.41,0.49,0.6,0.7,0.79,0.92,0.99,1.06,1.14,1.22,1.32,1.39,1.46,1.5,1.56,1.65,1.7,1.77,1.79,1.82,1.9,1.95,2.02,2.04,2.06,2.12,2.16,2.23,2.26,2.28,2.31,2.35,2.4,2.45,2.47,2.49,2.52,2.56,2.6,2.64,2.64,2.66,2.7,2.73,2.78,2.79,2.79,2.83,2.86,2.91,2.93,2.93,2.95,2.98,3.02,3.05,3.05,3.06,3.09,3.12,3.15,3.17,3.17,3.18,3.22,3.24,3.27,3.27,3.27,3.3,3.32,3.35,3.38,3.37,3.39,3.41,3.44,3.46,3.46,3.46,3.48,3.51,3.53,3.54,3.54,3.55,3.58,3.59,3.61,3.62,3.61,3.64,3.65,3.68,3.7,3.68,3.7,3.72,3.73,3.76,3.76,3.76,3.78,3.8,3.83,3.83,3.82,3.84,3.85,3.87,3.9,3.89,3.89,3.91,3.93,3.95,3.96,3.95,3.96,3.97,3.99,4.02,4.02,4.01,4.03,4.04,4.07,4.08,4.06,4.07,4.09,4.11,4.13,4.12,4.11,4.13,4.14,4.16,4.18,4.16,4.16,4.19,4.2,4.23,4.22,4.2,4.22,4.24,4.27,4.27,4.26,4.27,4.28,4.3,4.32,4.31,4.3,4.31,4.34,4.35,4.36,4.34,4.34,4.36,4.38,4.4,4.39,4.38,4.4,4.41,4.43,4.44,4.42,4.43,4.44,4.46,4.47,4.47,4.45,4.47,4.48,4.5,4.51,4.49,4.49,4.51,4.53,4.54,4.53,4.52,4.54,4.55,4.57,4.58,4.56,4.57,4.58,4.59,4.62,4.6,4.59,4.6,4.61,4.63,4.64,4.62,4.62,4.63,4.65,4.67,4.66,4.65,4.66,4.68,4.7,4.7,4.68,4.68,4.7,4.71,4.73,4.72,4.71,4.73,4.74,4.76,4.77,4.75,4.75,4.76,4.77,4.79,4.78,4.77,4.78,4.8,4.81,4.81,4.79,4.79,4.81,4.82,4.84,4.83,4.82,4.83,4.84,4.86,4.86,4.85,4.85,4.86,4.87,4.88,4.86,4.84,4.85,4.86,4.87,4.88,4.85,4.85,4.86,4.87,4.88,4.87,4.85,4.87,4.87,4.88,4.88,4.86,4.86,4.87,4.89,4.9,4.89,4.87,4.88,4.89,4.9,4.91,4.88,4.88,4.9,4.91,4.92,4.91,4.9,4.91,4.91,4.93,4.93,4.91,4.92,4.93,4.94,4.94
0,0.13,0.22,0.32,0.44,0.52,0.68,0.77,0.86,0.99,1.04,1.14,1.22,1.29,1.4,1.45,1.51,1.57,1.63,1.72,1.78,1.81,1.86,1.92,1.99,2.04,2.08,2.11,2.15,2.21,2.25,2.31,2.33,2.36,2.4,2.44,2.51,2.52,2.54,2.58,2.61,2.67,2.7,2.71,2.73,2.77,2.82,2.85,2.87,2.88,2.9,2.95,2.98,3.01,3.01,3.03,3.07,3.09,3.14,3.14,3.14,3.17,3.19,3.24,3.27,3.26,3.28,3.3,3.34,3.37,3.38,3.37,3.39,3.43,3.45,3.48,3.47,3.48,3.52,3.54,3.57,3.57,3.56,3.59,3.61,3.65,3.67,3.66,3.66,3.69,3.72,3.75,3.76,3.75,3.76,3.79,3.81,3.83,3.83,3.83,3.86,3.87,3.89,3.9,3.89,3.91,3.92,3.94,3.97,3.96,3.96,3.98,4,4.03,4.03,4.02,4.04,4.05,4.08,4.1,4.08,4.08,4.1,4.13,4.15,4.15,4.14,4.16,4.17,4.19,4.21,4.2,4.2,4.22,4.24,4.26,4.26,4.25,4.27,4.28,4.31,4.32,4.3,4.3,4.32,4.34,4.36,4.36,4.35,4.36,4.38,4.4,4.42,4.4,4.4,4.42,4.43,4.46,4.45,4.44,4.45,4.46,4.48,4.5,4.48,4.48,4.5,4.52,4.54,4.54,4.52,4.53,4.55,4.57,4.58,4.56,4.56,4.58,4.59,4.62,4.62,4.6,4.61,4.63,4.65,4.67,4.65,4.64,4.66,4.68,4.69,4.69,4.67,4.68,4.7,4.72,4.73,4.71,4.71,4.73,4.74,4.75,4.75,4.73,4.75,4.76,4.77,4.79,4.77,4.77,4.79,4.79,4.82,4.81,4.79,4.8,4.81,4.84,4.85,4.83,4.83,4.84,4.85,4.87,4.87,4.85,4.86,4.88,4.89,4.91,4.89,4.88,4.9,4.91,4.93,4.92,4.9,4.91,4.92,4.94,4.96,4.93,4.93,4.95,4.96,4.98,4.97,4.95,4.96,4.98,4.99,5,4.99,4.98,5,5,5.02,5.01,4.99,4.99,5,5.01,5.02,5,4.98,4.99,5.01,5.02,5.01,4.99,4.99,5,5.02,5.03,5,5,5.01,5.02,5.03,5.02,5.01,5.02,5.02,5.04,5.05,5.03,5.02,5.03,5.04,5.06,5.05,5.03,5.04,5.05,5.06,5.07,5.05,5.04,5.06,5.06,5.08,5.08
0,0.01,0.09,0.18,0.27,0.41,0.48,0.59,0.68,0.81,0.89,0.96,1.04,1.09,1.2,1.27,1.34,1.39,1.43,1.51,1.56,1.62,1.69,1.71,1.77,1.82,1.86,1.93,1.95,1.98,2.03,2.07,2.13,2.17,2.18,2.21,2.25,2.3,2.33,2.35,2.37,2.39,2.44,2.48,2.52,2.52,2.54,2.59,2.61,2.66,2.67,2.67,2.71,2.74,2.78,2.8,2.8,2.82,2.85,2.88,2.91,2.92,2.92,2.95,2.98,3.01,3.04,3.04,3.05,3.08,3.1,3.13,3.13,3.13,3.16,3.17,3.21,3.22,3.21,3.23,3.25,3.28,3.31,3.31,3.3,3.32,3.35,3.37,3.39,3.38,3.38,3.41,3.43,3.46,3.46,3.46,3.48,3.5,3.52,3.54,3.53,3.54,3.56,3.59,3.61,3.6,3.59,3.61,3.64,3.66,3.67,3.66,3.66,3.68,3.7,3.72,3.72,3.71,3.74,3.75,3.77,3.79,3.77,3.78,3.8,3.81,3.84,3.83,3.82,3.84,3.86,3.88,3.9,3.88,3.89,3.9,3.93,3.95,3.94,3.93,3.94,3.96,3.98,3.99,3.98,3.98,4,4.02,4.04,4.03,4.02,4.04,4.05,4.07,4.07,4.06,4.06,4.08,4.1,4.12,4.11,4.1,4.11,4.13,4.14,4.15,4.14,4.14,4.16,4.17,4.19,4.18,4.17,4.19,4.2,4.22,4.23,4.21,4.21,4.23,4.25,4.27,4.26,4.24,4.26,4.27,4.29,4.3,4.28,4.28,4.3,4.31,4.33,4.32,4.31,4.33,4.34,4.36,4.37,4.35,4.35,4.37,4.38,4.4,4.39,4.38,4.39,4.41,4.42,4.43,4.41,4.41,4.43,4.44,4.45,4.44,4.43,4.45,4.46,4.47,4.48,4.47,4.47,4.48,4.49,4.51,4.51,4.49,4.5,4.52,4.54,4.54,4.52,4.52,4.53,4.55,4.56,4.55,4.54,4.56,4.57,4.58,4.59,4.57,4.57,4.58,4.59,4.61,4.6,4.59,4.6,4.61,4.63,4.63,4.61,4.62,4.63,4.64,4.65,4.63,4.61,4.62,4.63,4.64,4.64,4.62,4.61,4.63,4.64,4.65,4.64,4.62,4.64,4.64,4.66,4.66,4.64,4.64,4.64,4.66,4.67,4.66,4.64,4.65,4.66,4.67,4.67,4.66,4.66,4.67,4.67,4.69,4.68,4.66,4.68,4.68,4.7,4.7,4.68,4.68,4.69,4.7
0,0.08,0.23,0.33,0.47,0.54,0.63,0.78,0.86,0.99,1.04,1.1,1.21,1.27,1.39,1.44,1.47,1.55,1.61,1.7,1.75,1.79,1.83,1.89,1.96,2.01,2.06,2.09,2.12,2.18,2.23,2.27,2.31,2.32,2.38,2.41,2.48,2.51,2.51,2.55,2.59,2.63,2.67,2.68,2.69,2.73,2.77,2.81,2.83,2.83,2.85,2.9,2.93,2.96,2.97,2.98,3.02,3.04,3.07,3.1,3.1,3.13,3.16,3.18,3.22,3.22,3.23,3.25,3.27,3.31,3.33,3.32,3.34,3.36,3.4,3.43,3.43,3.43,3.45,3.48,3.51,3.53,3.52,3.53,3.55,3.58,3.61,3.61,3.6,3.62,3.64,3.67,3.69,3.67,3.69,3.71,3.74,3.76,3.75,3.75,3.76,3.79,3.81,3.83,3.81,3.82,3.85,3.87,3.9,3.89,3.88,3.91,3.92,3.95,3.96,3.95,3.95,3.97,4,4.02,4.02,4,4.02,4.04,4.06,4.08,4.06,4.06,4.09,4.11,4.14,4.12,4.11,4.14,4.15,4.17,4.18,4.16,4.17,4.19,4.21,4.23,4.23,4.21,4.22,4.25,4.26,4.28,4.26,4.26,4.29,4.3,4.32,4.31,4.3,4.32,4.33,4.35,4.37,4.35,4.36,4.37,4.38,4.41,4.4,4.39,4.4,4.41,4.43,4.45,4.43,4.43,4.45,4.46,4.48,4.47,4.46,4.48,4.49,4.5,4.52,4.5,4.5,4.51,4.52,4.55,4.54,4.53,4.54,4.56,4.58,4.59,4.56,4.57,4.58,4.6,4.61,4.6,4.59,4.6,4.62,4.64,4.65,4.63,4.63,4.64,4.66,4.68,4.66,4.65,4.67,4.68,4.7,4.71,4.68,4.69,4.7,4.72,4.73,4.73,4.71,4.72,4.73,4.75,4.76,4.74,4.73,4.76,4.77,4.8,4.78,4.76,4.78,4.8,4.82,4.82,4.8,4.8,4.81,4.83,4.84,4.84,4.81,4.83,4.84,4.86,4.87,4.84,4.84,4.86,4.87,4.89,4.88,4.87,4.88,4.89,4.89,4.9,4.87,4.86,4.87,4.88,4.9,4.89,4.86,4.87,4.88,4.9,4.9,4.87,4.87,4.88,4.89,4.91,4.89,4.88,4.89,4.9,4.91,4.91,4.89,4.89,4.9,4.91,4.93,4.91,4.9,4.91,4.91,4.93,4.94,4.91,4.92,4.93,4.94,4.95,4.93,4.92,4.93,4.94,4.95,4.95
0,0.09,0.22,0.32,0.45,0.52,0.62,0.77,0.87,1,1.04,1.1,1.22,1.28,1.39,1.44,1.47,1.55,1.61,1.7,1.76,1.78,1.83,1.89,1.97,2.02,2.06,2.08,2.12,2.19,2.23,2.28,2.3,2.32,2.38,2.42,2.46,2.5,2.51,2.55,2.59,2.63,2.67,2.68,2.7,2.74,2.77,2.82,2.84,2.85,2.87,2.92,2.95,2.97,2.98,2.99,3.03,3.05,3.08,3.11,3.1,3.14,3.17,3.19,3.23,3.23,3.24,3.27,3.29,3.33,3.34,3.33,3.35,3.38,3.42,3.44,3.43,3.44,3.46,3.5,3.52,3.54,3.53,3.54,3.58,3.6,3.63,3.62,3.62,3.66,3.68,3.71,3.72,3.7,3.72,3.73,3.77,3.79,3.78,3.78,3.79,3.82,3.84,3.85,3.85,3.86,3.88,3.9,3.93,3.92,3.91,3.94,3.95,3.98,3.99,3.98,3.99,4,4.03,4.05,4.05,4.04,4.06,4.08,4.1,4.11,4.09,4.1,4.13,4.15,4.16,4.15,4.15,4.18,4.19,4.21,4.22,4.21,4.22,4.23,4.25,4.27,4.26,4.26,4.28,4.3,4.32,4.32,4.3,4.31,4.33,4.34,4.36,4.35,4.35,4.37,4.38,4.4,4.4,4.39,4.4,4.42,4.43,4.45,4.44,4.44,4.45,4.47,4.49,4.49,4.47,4.48,4.49,4.52,4.54,4.52,4.51,4.53,4.55,4.57,4.57,4.55,4.56,4.58,4.59,4.61,4.6,4.6,4.61,4.62,4.65,4.64,4.63,4.64,4.65,4.67,4.68,4.66,4.66,4.67,4.69,4.71,4.71,4.69,4.69,4.72,4.73,4.75,4.73,4.72,4.74,4.75,4.77,4.77,4.75,4.76,4.78,4.79,4.81,4.79,4.79,4.8,4.82,4.83,4.84,4.81,4.82,4.83,4.84,4.86,4.85,4.84,4.86,4.87,4.89,4.89,4.87,4.88,4.89,4.91,4.92,4.91,4.89,4.91,4.92,4.94,4.94,4.92,4.93,4.94,4.95,4.97,4.95,4.94,4.96,4.96,4.98,4.97,4.95,4.95,4.96,4.97,4.99,4.97,4.95,4.97,4.97,4.99,4.99,4.96,4.97,4.98,4.99,5.01,4.98,4.97,4.98,4.99,5.01,5.01,4.98,4.99,5,5.01,5.03,5.01,4.99,5.01,5.02,5.03,5.03,5,5.01,5.02,5.03,5.04,5.02,5.02,5.04,5.05,5.07,5.07
0,0.14,0.23,0.34,0.48,0.56,0.7,0.79,0.88,1,1.04,1.14,1.22,1.29,1.4,1.45,1.5,1.57,1.63,1.71,1.77,1.8,1.84,1.9,1.97,2.02,2.07,2.09,2.13,2.19,2.24,2.3,2.31,2.33,2.39,2.43,2.49,2.51,2.51,2.56,2.59,2.64,2.67,2.68,2.7,2.73,2.78,2.81,2.84,2.84,2.87,2.91,2.95,2.99,2.98,2.99,3.03,3.06,3.11,3.12,3.11,3.14,3.17,3.21,3.23,3.23,3.24,3.27,3.3,3.33,3.34,3.34,3.36,3.39,3.42,3.45,3.44,3.44,3.47,3.5,3.52,3.54,3.53,3.55,3.57,3.59,3.62,3.61,3.62,3.64,3.65,3.69,3.7,3.69,3.7,3.73,3.75,3.78,3.76,3.76,3.8,3.81,3.84,3.84,3.83,3.86,3.88,3.89,3.92,3.9,3.91,3.93,3.94,3.97,3.98,3.96,3.98,3.99,4.02,4.04,4.02,4.02,4.04,4.06,4.08,4.09,4.08,4.09,4.11,4.13,4.14,4.13,4.13,4.15,4.17,4.2,4.2,4.18,4.2,4.21,4.23,4.25,4.23,4.24,4.26,4.28,4.29,4.29,4.28,4.29,4.31,4.33,4.35,4.33,4.33,4.35,4.36,4.39,4.38,4.37,4.38,4.39,4.42,4.43,4.42,4.41,4.43,4.45,4.47,4.47,4.45,4.45,4.48,4.49,4.51,4.49,4.48,4.5,4.52,4.53,4.54,4.52,4.53,4.54,4.57,4.58,4.56,4.55,4.57,4.59,4.61,4.61,4.59,4.59,4.61,4.63,4.64,4.62,4.62,4.64,4.65,4.67,4.67,4.65,4.67,4.68,4.69,4.72,4.69,4.69,4.7,4.72,4.74,4.74,4.72,4.73,4.74,4.76,4.78,4.75,4.75,4.77,4.78,4.8,4.79,4.78,4.78,4.81,4.82,4.83,4.81,4.8,4.82,4.83,4.85,4.85,4.83,4.84,4.85,4.87,4.88,4.86,4.86,4.87,4.88,4.9,4.89,4.88,4.88,4.9,4.92,4.93,4.91,4.9,4.92,4.92,4.94,4.93,4.91,4.91,4.92,4.93,4.94,4.92,4.91,4.92,4.93,4.94,4.94,4.91,4.92,4.93,4.94,4.95,4.92,4.92,4.93,4.94,4.96,4.95,4.93,4.94,4.94,4.96,4.97,4.95,4.94,4.96,4.97,4.98,4.98,4.95,4.96,4.97,4.99,5,4.97,4.96,4.98,4.99,5,5
0,0.09,0.23,0.34,0.48,0.55,0.64,0.79,0.87,0.99,1.04,1.1,1.21,1.28,1.39,1.45,1.48,1.56,1.62,1.71,1.77,1.79,1.84,1.89,1.97,2.02,2.06,2.09,2.13,2.19,2.23,2.28,2.31,2.33,2.39,2.43,2.47,2.51,2.51,2.55,2.59,2.62,2.68,2.68,2.7,2.74,2.77,2.82,2.84,2.85,2.87,2.92,2.95,2.98,2.98,2.99,3.03,3.06,3.08,3.11,3.11,3.14,3.17,3.19,3.24,3.23,3.24,3.27,3.29,3.33,3.35,3.34,3.36,3.38,3.42,3.45,3.45,3.45,3.47,3.5,3.52,3.54,3.53,3.54,3.57,3.59,3.62,3.62,3.61,3.64,3.66,3.7,3.71,3.7,3.71,3.73,3.76,3.78,3.78,3.78,3.8,3.82,3.84,3.85,3.84,3.85,3.88,3.9,3.93,3.92,3.91,3.94,3.95,3.98,3.99,3.98,3.99,4,4.03,4.05,4.04,4.04,4.05,4.07,4.09,4.1,4.08,4.09,4.12,4.13,4.16,4.14,4.14,4.16,4.18,4.2,4.22,4.2,4.21,4.22,4.24,4.27,4.26,4.25,4.26,4.29,4.31,4.31,4.29,4.3,4.33,4.34,4.36,4.35,4.34,4.36,4.38,4.39,4.39,4.38,4.39,4.4,4.42,4.44,4.43,4.42,4.44,4.45,4.48,4.48,4.46,4.47,4.49,4.5,4.52,4.51,4.5,4.51,4.53,4.54,4.55,4.54,4.54,4.56,4.58,4.6,4.58,4.57,4.59,4.6,4.62,4.63,4.61,4.62,4.64,4.66,4.67,4.65,4.65,4.66,4.68,4.7,4.7,4.68,4.68,4.71,4.72,4.74,4.72,4.71,4.73,4.74,4.77,4.77,4.75,4.75,4.76,4.78,4.8,4.79,4.77,4.78,4.8,4.82,4.83,4.8,4.8,4.83,4.84,4.85,4.84,4.82,4.84,4.85,4.87,4.88,4.86,4.86,4.87,4.89,4.91,4.9,4.88,4.89,4.91,4.93,4.93,4.9,4.91,4.93,4.94,4.96,4.94,4.93,4.94,4.95,4.96,4.96,4.94,4.94,4.94,4.95,4.97,4.95,4.93,4.94,4.95,4.96,4.97,4.94,4.95,4.96,4.97,4.98,4.96,4.95,4.96,4.97,4.98,4.98,4.96,4.97,4.97,4.98,5,4.98,4.97,4.98,4.99,5.01,5.01,4.98,4.98,4.99,5.01,5.02,5,4.99,5,5.01,5.03,5.03
0,0.13,0.23,0.33,0.47,0.55,0.69,0.79,0.88,1,1.06,1.15,1.23,1.3,1.41,1.46,1.52,1.57,1.63,1.72,1.78,1.83,1.86,1.93,1.99,2.04,2.1,2.11,2.17,2.22,2.26,2.32,2.34,2.37,2.41,2.45,2.5,2.53,2.54,2.57,2.61,2.66,2.7,2.72,2.73,2.76,2.81,2.84,2.87,2.88,2.89,2.94,2.96,3.01,3.02,3.02,3.06,3.09,3.14,3.16,3.16,3.17,3.2,3.24,3.27,3.28,3.28,3.3,3.33,3.35,3.38,3.37,3.38,3.41,3.43,3.47,3.47,3.47,3.5,3.51,3.55,3.57,3.56,3.57,3.6,3.63,3.65,3.65,3.65,3.67,3.7,3.73,3.74,3.73,3.73,3.76,3.78,3.8,3.8,3.8,3.83,3.84,3.86,3.88,3.87,3.88,3.9,3.92,3.94,3.94,3.93,3.95,3.97,4,4.02,4,4.01,4.03,4.05,4.07,4.07,4.06,4.08,4.09,4.12,4.13,4.12,4.13,4.15,4.16,4.19,4.18,4.17,4.18,4.2,4.23,4.24,4.21,4.22,4.24,4.26,4.28,4.27,4.26,4.28,4.3,4.32,4.33,4.31,4.31,4.34,4.36,4.38,4.37,4.35,4.38,4.39,4.41,4.42,4.4,4.4,4.42,4.44,4.46,4.45,4.44,4.45,4.47,4.49,4.5,4.48,4.48,4.51,4.52,4.54,4.53,4.52,4.54,4.55,4.57,4.58,4.56,4.57,4.58,4.6,4.62,4.61,4.59,4.61,4.62,4.64,4.65,4.62,4.62,4.65,4.66,4.68,4.67,4.65,4.68,4.69,4.7,4.71,4.69,4.7,4.71,4.73,4.75,4.74,4.72,4.73,4.75,4.76,4.77,4.75,4.75,4.78,4.79,4.8,4.79,4.78,4.79,4.81,4.82,4.83,4.81,4.81,4.83,4.84,4.86,4.84,4.83,4.84,4.85,4.87,4.88,4.86,4.86,4.87,4.89,4.91,4.9,4.89,4.9,4.91,4.93,4.93,4.91,4.91,4.94,4.95,4.97,4.96,4.94,4.95,4.96,4.97,4.97,4.94,4.94,4.95,4.96,4.98,4.95,4.93,4.95,4.97,4.98,4.98,4.95,4.95,4.96,4.97,4.98,4.97,4.95,4.97,4.98,4.99,4.99,4.97,4.97,4.98,4.99,5.01,5,4.98,4.99,5,5.02,5.02,4.99,4.99,5,5.01,5.03,5.01,5,5.01,5.02,5.04,5.04
0,0.07,0.18,0.24,0.3,0.35,0.4,0.48,0.53,0.58,0.62,0.65,0.7,0.75,0.82,0.84,0.84,0.89,0.93,0.98,1.01,1.02,1.04,1.07,1.11,1.14,1.17,1.17,1.19,1.24,1.26,1.29,1.29,1.29,1.34,1.35,1.37,1.4,1.39,1.41,1.43,1.46,1.49,1.49,1.5,1.52,1.54,1.57,1.59,1.57,1.59,1.62,1.63,1.65,1.65,1.64,1.68,1.69,1.71,1.73,1.71,1.73,1.75,1.75,1.78,1.77,1.77,1.79,1.8,1.83,1.84,1.82,1.83,1.85,1.87,1.89,1.87,1.87,1.89,1.91,1.93,1.93,1.92,1.93,1.96,1.97,1.99,1.98,1.97,1.99,2.01,2.03,2.03,2.02,2.02,2.04,2.06,2.07,2.05,2.05,2.07,2.09,2.1,2.1,2.09,2.09,2.12,2.13,2.15,2.13,2.12,2.15,2.15,2.17,2.17,2.16,2.16,2.18,2.2,2.21,2.2,2.19,2.2,2.21,2.23,2.24,2.21,2.21,2.24,2.25,2.26,2.25,2.24,2.26,2.27,2.28,2.28,2.27,2.28,2.29,2.31,2.32,2.31,2.3,2.31,2.32,2.33,2.34,2.32,2.32,2.34,2.36,2.37,2.35,2.34,2.36,2.37,2.38,2.39,2.37,2.38,2.39,2.4,2.42,2.4,2.39,2.41,2.42,2.43,2.44,2.42,2.42,2.44,2.45,2.46,2.44,2.43,2.45,2.46,2.47,2.47,2.45,2.45,2.48,2.48,2.5,2.48,2.48,2.49,2.49,2.51,2.51,2.49,2.49,2.51,2.52,2.53,2.51,2.51,2.52,2.53,2.54,2.54,2.53,2.53,2.54,2.55,2.56,2.55,2.54,2.56,2.57,2.58,2.58,2.56,2.56,2.58,2.58,2.6,2.58,2.57,2.58,2.6,2.6,2.61,2.59,2.59,2.61,2.62,2.63,2.61,2.6,2.62,2.63,2.64,2.64,2.62,2.62,2.63,2.65,2.65,2.65,2.63,2.64,2.65,2.66,2.66,2.64,2.65,2.66,2.66,2.68,2.66,2.65,2.67,2.67,2.67,2.68,2.65,2.66,2.66,2.67,2.68,2.66,2.64,2.66,2.66,2.68,2.68,2.65,2.66,2.67,2.68,2.69,2.67,2.65,2.68,2.68,2.69,2.69,2.67,2.67,2.68,2.69,2.7,2.69,2.67,2.69,2.69,2.71,2.71,2.68,2.68,2.69,2.7,2.72,2.69,2.69,2.7,2.71,2.72,2.72
0,0.08,0.15,0.26,0.33,0.39,0.45,0.55,0.61,0.67,0.72,0.75,0.82,0.86,0.91,0.97,0.98,1.02,1.06,1.11,1.16,1.17,1.2,1.24,1.27,1.32,1.34,1.35,1.38,1.41,1.45,1.48,1.49,1.49,1.52,1.56,1.58,1.61,1.6,1.62,1.66,1.68,1.72,1.71,1.71,1.75,1.76,1.8,1.82,1.81,1.83,1.85,1.88,1.9,1.89,1.89,1.92,1.95,1.96,1.98,1.97,1.98,2.01,2.02,2.05,2.04,2.04,2.07,2.09,2.11,2.12,2.1,2.11,2.13,2.16,2.18,2.17,2.16,2.18,2.21,2.22,2.23,2.21,2.22,2.25,2.27,2.29,2.28,2.27,2.3,2.31,2.32,2.34,2.32,2.34,2.35,2.37,2.39,2.38,2.36,2.38,2.4,2.42,2.43,2.4,2.41,2.44,2.45,2.46,2.45,2.45,2.47,2.48,2.5,2.5,2.49,2.5,2.51,2.52,2.54,2.53,2.52,2.54,2.55,2.57,2.58,2.55,2.56,2.58,2.59,2.61,2.59,2.58,2.6,2.62,2.63,2.64,2.61,2.62,2.64,2.65,2.67,2.65,2.65,2.66,2.68,2.7,2.7,2.68,2.68,2.7,2.72,2.74,2.72,2.71,2.72,2.74,2.75,2.76,2.73,2.74,2.76,2.77,2.79,2.78,2.76,2.78,2.79,2.81,2.81,2.79,2.8,2.81,2.82,2.84,2.83,2.82,2.83,2.84,2.85,2.85,2.83,2.84,2.86,2.87,2.88,2.86,2.85,2.87,2.88,2.9,2.9,2.88,2.88,2.89,2.91,2.92,2.91,2.89,2.91,2.92,2.93,2.94,2.92,2.92,2.94,2.94,2.96,2.94,2.93,2.95,2.96,2.97,2.97,2.95,2.96,2.97,2.98,3,2.99,2.97,2.99,3,3.01,3.02,2.98,2.99,3.01,3.02,3.03,3.02,3,3.02,3.03,3.04,3.04,3.01,3.03,3.04,3.05,3.06,3.05,3.04,3.05,3.06,3.08,3.09,3.06,3.06,3.08,3.08,3.1,3.07,3.06,3.08,3.09,3.1,3.09,3.07,3.07,3.08,3.09,3.1,3.08,3.06,3.08,3.08,3.1,3.1,3.07,3.08,3.09,3.09,3.11,3.08,3.07,3.09,3.09,3.1,3.1,3.08,3.08,3.1,3.1,3.12,3.1,3.09,3.11,3.11,3.12,3.13,3.1,3.1,3.11,3.12,3.14,3.12,3.11,3.12,3.13,3.14,3.14
0,0.08,0.16,0.27,0.32,0.4,0.47,0.56,0.62,0.68,0.72,0.76,0.84,0.89,0.94,0.98,1,1.06,1.1,1.15,1.2,1.2,1.23,1.28,1.32,1.36,1.37,1.39,1.43,1.46,1.5,1.53,1.53,1.54,1.58,1.62,1.65,1.66,1.65,1.68,1.72,1.75,1.78,1.77,1.78,1.82,1.84,1.88,1.87,1.86,1.9,1.92,1.95,1.97,1.95,1.97,1.99,2.02,2.05,2.04,2.04,2.06,2.09,2.11,2.13,2.11,2.12,2.16,2.18,2.21,2.2,2.19,2.21,2.23,2.26,2.27,2.26,2.26,2.28,2.3,2.32,2.32,2.31,2.33,2.35,2.37,2.38,2.36,2.37,2.4,2.41,2.43,2.42,2.41,2.44,2.44,2.47,2.48,2.46,2.47,2.49,2.51,2.53,2.52,2.5,2.52,2.54,2.55,2.57,2.55,2.56,2.59,2.6,2.61,2.61,2.6,2.62,2.63,2.64,2.66,2.64,2.64,2.66,2.68,2.7,2.69,2.67,2.68,2.7,2.73,2.73,2.71,2.71,2.73,2.74,2.76,2.75,2.74,2.75,2.77,2.78,2.8,2.77,2.78,2.8,2.81,2.83,2.82,2.8,2.82,2.83,2.85,2.86,2.83,2.84,2.86,2.87,2.89,2.87,2.86,2.87,2.89,2.91,2.92,2.89,2.89,2.92,2.92,2.94,2.93,2.91,2.93,2.94,2.96,2.96,2.95,2.95,2.96,2.97,2.98,2.98,2.96,2.97,2.99,3.01,3.02,2.99,2.99,3.01,3.02,3.04,3.03,3.01,3.03,3.04,3.06,3.06,3.04,3.04,3.06,3.07,3.08,3.08,3.05,3.06,3.08,3.09,3.1,3.07,3.07,3.1,3.11,3.12,3.1,3.09,3.11,3.12,3.13,3.14,3.12,3.12,3.13,3.14,3.16,3.15,3.14,3.14,3.16,3.17,3.18,3.15,3.15,3.17,3.18,3.19,3.18,3.16,3.18,3.19,3.19,3.2,3.18,3.18,3.2,3.21,3.23,3.22,3.2,3.21,3.22,3.23,3.24,3.21,3.22,3.23,3.23,3.25,3.23,3.21,3.22,3.23,3.24,3.24,3.22,3.21,3.23,3.23,3.25,3.24,3.22,3.23,3.24,3.25,3.25,3.22,3.22,3.24,3.25,3.26,3.24,3.23,3.24,3.25,3.26,3.26,3.24,3.23,3.25,3.26,3.27,3.26,3.24,3.26,3.26,3.28,3.28,3.26,3.25,3.27,3.28,3.29,3.29
0,0.05,0.11,0.2,0.27,0.34,0.39,0.48,0.53,0.58,0.63,0.65,0.71,0.76,0.8,0.85,0.86,0.89,0.94,0.97,1.03,1.05,1.06,1.08,1.11,1.16,1.19,1.21,1.22,1.24,1.28,1.3,1.32,1.32,1.35,1.38,1.4,1.43,1.43,1.44,1.47,1.49,1.52,1.52,1.52,1.55,1.57,1.58,1.61,1.6,1.6,1.62,1.66,1.68,1.69,1.68,1.69,1.73,1.74,1.76,1.75,1.75,1.78,1.79,1.82,1.82,1.8,1.82,1.84,1.87,1.88,1.87,1.87,1.89,1.91,1.92,1.93,1.91,1.93,1.95,1.96,1.98,1.98,1.98,2,2,2.01,2.03,2.01,2.03,2.04,2.07,2.08,2.07,2.07,2.09,2.09,2.11,2.12,2.1,2.11,2.14,2.15,2.16,2.15,2.15,2.16,2.18,2.19,2.2,2.18,2.19,2.2,2.21,2.23,2.22,2.21,2.23,2.24,2.26,2.26,2.24,2.25,2.27,2.28,2.29,2.27,2.27,2.29,2.3,2.31,2.31,2.3,2.3,2.32,2.33,2.35,2.33,2.33,2.34,2.35,2.37,2.37,2.35,2.36,2.38,2.39,2.4,2.38,2.38,2.39,2.4,2.42,2.41,2.4,2.4,2.43,2.44,2.45,2.43,2.42,2.44,2.45,2.47,2.46,2.45,2.45,2.47,2.49,2.49,2.49,2.47,2.49,2.5,2.52,2.52,2.49,2.49,2.52,2.53,2.54,2.52,2.52,2.53,2.54,2.55,2.55,2.53,2.54,2.55,2.57,2.58,2.57,2.56,2.57,2.58,2.6,2.6,2.57,2.58,2.59,2.6,2.62,2.6,2.59,2.6,2.61,2.62,2.63,2.61,2.61,2.63,2.63,2.65,2.63,2.62,2.64,2.64,2.66,2.66,2.64,2.64,2.66,2.67,2.68,2.66,2.65,2.67,2.67,2.68,2.69,2.67,2.68,2.69,2.69,2.7,2.68,2.68,2.69,2.7,2.72,2.72,2.69,2.7,2.71,2.72,2.73,2.71,2.71,2.72,2.73,2.74,2.74,2.73,2.73,2.74,2.74,2.75,2.73,2.72,2.74,2.74,2.75,2.74,2.73,2.72,2.73,2.74,2.75,2.73,2.72,2.74,2.74,2.75,2.75,2.73,2.73,2.74,2.75,2.76,2.74,2.74,2.75,2.75,2.77,2.76,2.74,2.74,2.76,2.76,2.78,2.76,2.75,2.76,2.77,2.78,2.78,2.75,2.76,2.76,2.77,2.78
0,0.07,0.14,0.23,0.31,0.37,0.42,0.49,0.58,0.64,0.7,0.72,0.78,0.83,0.86,0.93,0.95,0.99,1.03,1.07,1.12,1.14,1.15,1.19,1.23,1.27,1.3,1.31,1.33,1.36,1.4,1.42,1.45,1.45,1.47,1.5,1.53,1.57,1.56,1.57,1.61,1.63,1.66,1.68,1.67,1.69,1.72,1.74,1.76,1.76,1.76,1.79,1.81,1.83,1.85,1.84,1.86,1.89,1.9,1.93,1.92,1.92,1.94,1.97,1.99,2,1.99,2.01,2.02,2.05,2.07,2.06,2.06,2.08,2.11,2.13,2.13,2.12,2.13,2.15,2.17,2.18,2.17,2.17,2.2,2.21,2.22,2.23,2.22,2.23,2.25,2.27,2.29,2.27,2.27,2.28,2.3,2.32,2.33,2.31,2.32,2.34,2.35,2.37,2.35,2.35,2.38,2.38,2.4,2.4,2.39,2.41,2.42,2.43,2.45,2.44,2.44,2.45,2.46,2.48,2.49,2.46,2.47,2.49,2.51,2.52,2.51,2.5,2.52,2.53,2.55,2.55,2.54,2.54,2.56,2.57,2.59,2.57,2.56,2.58,2.59,2.62,2.61,2.6,2.6,2.62,2.64,2.65,2.63,2.63,2.64,2.65,2.67,2.67,2.65,2.66,2.68,2.68,2.7,2.68,2.68,2.7,2.71,2.73,2.72,2.71,2.71,2.72,2.74,2.75,2.73,2.72,2.74,2.75,2.77,2.77,2.75,2.76,2.77,2.78,2.79,2.78,2.78,2.79,2.8,2.82,2.81,2.79,2.81,2.82,2.83,2.84,2.82,2.81,2.83,2.84,2.86,2.85,2.83,2.84,2.86,2.87,2.87,2.86,2.85,2.87,2.88,2.9,2.9,2.87,2.88,2.9,2.9,2.92,2.91,2.9,2.91,2.92,2.94,2.93,2.91,2.92,2.93,2.94,2.96,2.93,2.93,2.95,2.95,2.96,2.96,2.95,2.96,2.97,2.98,2.99,2.97,2.97,2.98,2.99,3,3,2.98,2.99,3,3.01,3.02,3,2.99,3.01,3.02,3.02,3.02,3,3.01,3.02,3.03,3.03,3.02,3.01,3.02,3.03,3.04,3.03,3.01,3.02,3.02,3.03,3.04,3.02,3.01,3.03,3.03,3.04,3.03,3.02,3.02,3.04,3.04,3.05,3.03,3.02,3.04,3.04,3.05,3.05,3.03,3.04,3.05,3.06,3.06,3.05,3.04,3.05,3.06,3.07,3.07,3.04,3.05,3.06,3.07,3.07
0,0.07,0.17,0.24,0.29,0.35,0.41,0.5,0.55,0.61,0.65,0.7,0.78,0.82,0.87,0.92,0.94,0.99,1.03,1.06,1.1,1.11,1.14,1.18,1.19,1.24,1.26,1.27,1.3,1.33,1.37,1.4,1.39,1.42,1.45,1.47,1.51,1.51,1.52,1.54,1.58,1.59,1.62,1.61,1.64,1.66,1.68,1.71,1.72,1.72,1.74,1.75,1.78,1.8,1.79,1.81,1.82,1.85,1.87,1.87,1.87,1.89,1.91,1.93,1.95,1.94,1.94,1.97,1.99,2.02,2.01,2,2.02,2.04,2.06,2.07,2.06,2.07,2.09,2.11,2.13,2.13,2.11,2.13,2.15,2.16,2.17,2.16,2.16,2.19,2.2,2.22,2.22,2.21,2.23,2.24,2.27,2.28,2.26,2.26,2.28,2.3,2.31,2.31,2.3,2.32,2.34,2.35,2.36,2.35,2.34,2.37,2.38,2.4,2.39,2.37,2.4,2.4,2.42,2.43,2.42,2.42,2.44,2.45,2.47,2.46,2.45,2.46,2.47,2.49,2.5,2.48,2.48,2.51,2.52,2.53,2.51,2.51,2.53,2.54,2.55,2.56,2.54,2.54,2.55,2.57,2.59,2.58,2.57,2.58,2.59,2.6,2.62,2.6,2.6,2.61,2.62,2.64,2.63,2.62,2.63,2.65,2.65,2.67,2.65,2.65,2.66,2.67,2.69,2.69,2.67,2.68,2.69,2.71,2.72,2.69,2.69,2.71,2.73,2.74,2.73,2.72,2.73,2.75,2.75,2.76,2.74,2.74,2.76,2.77,2.79,2.78,2.76,2.78,2.78,2.8,2.81,2.79,2.78,2.8,2.81,2.82,2.82,2.8,2.81,2.82,2.83,2.84,2.82,2.82,2.84,2.84,2.86,2.84,2.83,2.85,2.85,2.86,2.87,2.85,2.85,2.87,2.88,2.89,2.88,2.86,2.87,2.89,2.9,2.91,2.88,2.88,2.9,2.91,2.92,2.9,2.89,2.91,2.91,2.92,2.93,2.92,2.91,2.93,2.93,2.95,2.95,2.92,2.93,2.94,2.95,2.97,2.94,2.94,2.95,2.95,2.96,2.95,2.94,2.94,2.96,2.96,2.97,2.95,2.95,2.96,2.96,2.97,2.96,2.94,2.95,2.96,2.97,2.98,2.94,2.95,2.96,2.97,2.99,2.97,2.95,2.96,2.97,2.98,2.98,2.96,2.96,2.98,2.98,2.99,2.98,2.96,2.98,2.98,3,3,2.98,2.98,2.99,3,3.01,3.01
0,0.09,0.16,0.27,0.33,0.39,0.44,0.5,0.58,0.65,0.7,0.73,0.79,0.86,0.9,0.96,0.97,1,1.06,1.09,1.15,1.15,1.16,1.22,1.25,1.29,1.3,1.31,1.34,1.37,1.41,1.44,1.45,1.45,1.48,1.51,1.54,1.56,1.56,1.57,1.62,1.63,1.66,1.66,1.66,1.71,1.73,1.75,1.77,1.77,1.78,1.8,1.83,1.86,1.85,1.85,1.87,1.9,1.92,1.94,1.93,1.93,1.97,1.98,2,2,1.99,2.02,2.04,2.05,2.07,2.05,2.07,2.08,2.09,2.12,2.12,2.11,2.13,2.15,2.17,2.19,2.17,2.18,2.2,2.22,2.23,2.22,2.22,2.23,2.25,2.27,2.28,2.27,2.27,2.29,2.31,2.33,2.32,2.31,2.33,2.34,2.36,2.37,2.35,2.36,2.38,2.39,2.41,2.4,2.39,2.41,2.42,2.44,2.45,2.43,2.43,2.45,2.46,2.49,2.47,2.46,2.48,2.49,2.51,2.52,2.51,2.5,2.52,2.54,2.55,2.54,2.53,2.55,2.57,2.58,2.57,2.56,2.56,2.58,2.59,2.61,2.6,2.59,2.61,2.62,2.64,2.64,2.62,2.62,2.64,2.66,2.66,2.66,2.64,2.66,2.67,2.69,2.69,2.67,2.67,2.69,2.7,2.71,2.7,2.7,2.72,2.73,2.74,2.75,2.73,2.73,2.74,2.75,2.77,2.76,2.75,2.76,2.78,2.79,2.79,2.77,2.78,2.79,2.8,2.82,2.8,2.79,2.81,2.81,2.83,2.83,2.81,2.82,2.83,2.84,2.86,2.84,2.83,2.84,2.85,2.86,2.86,2.84,2.85,2.86,2.87,2.88,2.87,2.86,2.88,2.89,2.9,2.9,2.88,2.88,2.9,2.9,2.92,2.91,2.9,2.91,2.92,2.94,2.94,2.91,2.92,2.93,2.94,2.95,2.93,2.93,2.94,2.95,2.96,2.96,2.95,2.95,2.97,2.97,2.99,2.97,2.96,2.97,2.98,2.99,3,2.98,2.98,2.99,3,3.02,3.01,2.99,3,3.01,3.02,3.02,2.99,2.99,3.01,3.01,3.02,3,2.99,3.01,3.01,3.02,3.02,3,3,3.01,3.02,3.02,3.02,3,3.01,3.01,3.02,3.03,3.01,3,3.02,3.03,3.03,3.02,3.01,3.03,3.03,3.04,3.04,3.02,3.03,3.04,3.04,3.05,3.04,3.02,3.04,3.04,3.05,3.05
0,0.11,0.18,0.29,0.33,0.37,0.46,0.52,0.61,0.66,0.68,0.74,0.8,0.86,0.9,0.93,0.96,1,1.05,1.08,1.11,1.12,1.15,1.2,1.22,1.25,1.28,1.29,1.32,1.36,1.4,1.42,1.42,1.44,1.46,1.5,1.53,1.53,1.54,1.56,1.6,1.62,1.64,1.63,1.65,1.69,1.71,1.73,1.74,1.73,1.77,1.78,1.8,1.82,1.82,1.84,1.85,1.87,1.9,1.89,1.89,1.9,1.92,1.95,1.96,1.96,1.96,1.98,2,2.02,2.02,2.02,2.04,2.06,2.08,2.09,2.07,2.08,2.1,2.12,2.15,2.14,2.14,2.15,2.17,2.19,2.2,2.18,2.19,2.21,2.23,2.25,2.25,2.24,2.25,2.27,2.28,2.29,2.28,2.28,2.31,2.32,2.34,2.33,2.32,2.34,2.35,2.37,2.38,2.36,2.37,2.38,2.4,2.41,2.4,2.4,2.41,2.42,2.44,2.44,2.43,2.43,2.45,2.46,2.48,2.47,2.46,2.48,2.48,2.51,2.51,2.49,2.5,2.52,2.53,2.55,2.54,2.53,2.54,2.56,2.57,2.58,2.56,2.56,2.58,2.59,2.61,2.6,2.58,2.6,2.61,2.63,2.64,2.62,2.62,2.63,2.64,2.66,2.65,2.63,2.65,2.66,2.67,2.68,2.66,2.67,2.68,2.69,2.7,2.7,2.68,2.7,2.71,2.72,2.73,2.71,2.72,2.73,2.73,2.75,2.74,2.73,2.74,2.75,2.77,2.78,2.75,2.75,2.77,2.78,2.79,2.78,2.76,2.78,2.79,2.8,2.81,2.79,2.79,2.8,2.82,2.83,2.82,2.8,2.82,2.83,2.84,2.85,2.82,2.83,2.84,2.85,2.87,2.85,2.84,2.85,2.86,2.87,2.88,2.86,2.86,2.87,2.88,2.9,2.88,2.87,2.88,2.89,2.91,2.91,2.89,2.89,2.91,2.92,2.93,2.92,2.9,2.91,2.92,2.94,2.95,2.92,2.92,2.94,2.94,2.95,2.94,2.92,2.94,2.95,2.97,2.97,2.95,2.95,2.96,2.97,2.98,2.96,2.94,2.95,2.96,2.97,2.97,2.94,2.95,2.96,2.97,2.97,2.96,2.95,2.96,2.97,2.97,2.98,2.95,2.96,2.97,2.97,2.98,2.97,2.95,2.97,2.98,2.99,2.99,2.96,2.97,2.98,2.99,3,2.98,2.97,2.99,2.99,3,3,2.98,2.98,3,3,3.01,3.01
0,0.02,0.06,0.08,0.11,0.12,0.15,0.19,0.21,0.24,0.25,0.26,0.29,0.3,0.32,0.33,0.34,0.35,0.36,0.38,0.39,0.39,0.4,0.41,0.43,0.45,0.46,0.45,0.46,0.49,0.5,0.51,0.51,0.51,0.53,0.54,0.56,0.57,0.57,0.57,0.58,0.59,0.6,0.6,0.59,0.59,0.61,0.62,0.63,0.62,0.63,0.64,0.65,0.66,0.67,0.67,0.68,0.69,0.69,0.7,0.69,0.7,0.71,0.71,0.72,0.72,0.72,0.73,0.73,0.74,0.75,0.74,0.75,0.75,0.76,0.77,0.77,0.76,0.77,0.77,0.77,0.77,0.76,0.76,0.77,0.79,0.8,0.8,0.8,0.81,0.81,0.82,0.82,0.81,0.82,0.82,0.83,0.84,0.84,0.83,0.84,0.84,0.85,0.85,0.85,0.85,0.86,0.86,0.87,0.86,0.86,0.87,0.87,0.88,0.88,0.88,0.88,0.88,0.89,0.9,0.89,0.89,0.9,0.9,0.91,0.91,0.9,0.9,0.91,0.91,0.92,0.91,0.9,0.9,0.91,0.93,0.93,0.92,0.93,0.93,0.93,0.94,0.94,0.93,0.93,0.94,0.94,0.94,0.94,0.94,0.95,0.95,0.95,0.95,0.94,0.95,0.95,0.96,0.96,0.95,0.95,0.96,0.97,0.98,0.98,0.97,0.98,0.98,0.98,0.99,0.97,0.97,0.98,0.98,0.98,0.98,0.98,1,1,1.01,1.01,1,1,1.01,1.01,1.02,1.01,1.01,1.01,1.01,1.02,1.02,1.01,1.02,1.02,1.03,1.03,1.02,1.02,1.03,1.03,1.03,1.03,1.02,1.02,1.03,1.03,1.04,1.03,1.03,1.04,1.04,1.04,1.05,1.04,1.04,1.05,1.05,1.06,1.05,1.05,1.05,1.06,1.06,1.06,1.06,1.06,1.06,1.06,1.07,1.06,1.05,1.04,1.04,1.06,1.06,1.05,1.05,1.05,1.05,1.06,1.06,1.06,1.07,1.07,1.07,1.07,1.05,1.06,1.07,1.07,1.08,1.07,1.07,1.07,1.07,1.07,1.07,1.06,1.07,1.07,1.08,1.08,1.08,1.07,1.06,1.07,1.07,1.08,1.07,1.07,1.08,1.08,1.08,1.07,1.06,1.06,1.06,1.07,1.08,1.08,1.08,1.08,1.08,1.08,1.08,1.08,1.08,1.08,1.08,1.08,1.06,1.07,1.08,1.09,1.09,1.09,1.08,1.09,1.09,1.09,1.09
0,0.04,0.06,0.08,0.1,0.12,0.16,0.18,0.21,0.22,0.22,0.25,0.26,0.29,0.3,0.3,0.32,0.33,0.34,0.36,0.36,0.36,0.36,0.37,0.38,0.4,0.4,0.42,0.44,0.45,0.46,0.46,0.46,0.48,0.49,0.51,0.52,0.52,0.53,0.54,0.55,0.55,0.55,0.54,0.55,0.56,0.57,0.59,0.58,0.58,0.59,0.59,0.6,0.61,0.61,0.63,0.63,0.64,0.64,0.64,0.64,0.65,0.66,0.67,0.67,0.67,0.68,0.68,0.7,0.7,0.69,0.7,0.71,0.71,0.72,0.71,0.71,0.72,0.73,0.73,0.74,0.73,0.74,0.74,0.74,0.74,0.73,0.72,0.74,0.75,0.76,0.76,0.75,0.75,0.76,0.76,0.76,0.77,0.77,0.78,0.79,0.79,0.8,0.79,0.8,0.81,0.81,0.82,0.81,0.81,0.82,0.82,0.83,0.83,0.82,0.82,0.83,0.83,0.84,0.84,0.83,0.84,0.85,0.85,0.85,0.85,0.85,0.86,0.87,0.87,0.87,0.86,0.87,0.87,0.88,0.88,0.88,0.88,0.88,0.89,0.89,0.89,0.88,0.89,0.89,0.9,0.9,0.89,0.89,0.9,0.9,0.91,0.9,0.9,0.9,0.91,0.91,0.91,0.91,0.91,0.91,0.91,0.91,0.91,0.92,0.93,0.93,0.94,0.94,0.93,0.93,0.93,0.94,0.94,0.94,0.94,0.94,0.95,0.95,0.95,0.94,0.94,0.95,0.95,0.96,0.95,0.95,0.95,0.95,0.96,0.96,0.94,0.95,0.96,0.97,0.97,0.96,0.95,0.96,0.97,0.97,0.98,0.97,0.97,0.98,0.99,0.99,0.99,0.98,0.98,0.98,0.99,0.99,0.99,0.99,1,1,1,0.99,0.99,1,1,1.01,1,1,1,1,1.01,1.01,1,1,1.01,1.01,1.02,1.01,1,1.01,1.01,1.01,1.02,1.02,1.01,1.01,1.01,1.02,1.02,1,1.01,1.02,1.02,1.03,1.02,1.01,1.02,1.02,1.02,1.02,1,1.01,1.02,1.02,1.03,1.03,1.02,1.03,1.03,1.04,1.04,1.02,1.02,1.02,1.02,1.02,1.02,1.03,1.03,1.03,1.03,1.02,1.01,1.02,1.03,1.03,1.04,1.04,1.03,1.04,1.04,1.04,1.05,1.03,1.03,1.03,1.03,1.03,1.03,1.03,1.04,1.04,1.04,1.04,1.05
0,0.02,0.05,0.08,0.1,0.13,0.15,0.18,0.21,0.23,0.25,0.26,0.28,0.3,0.31,0.32,0.33,0.35,0.36,0.38,0.39,0.39,0.4,0.42,0.44,0.45,0.46,0.46,0.47,0.49,0.49,0.5,0.5,0.51,0.53,0.53,0.54,0.54,0.53,0.55,0.56,0.58,0.6,0.6,0.6,0.61,0.62,0.63,0.63,0.63,0.64,0.65,0.66,0.66,0.66,0.67,0.67,0.68,0.69,0.69,0.69,0.69,0.7,0.7,0.7,0.7,0.7,0.71,0.71,0.72,0.72,0.73,0.74,0.75,0.76,0.77,0.76,0.76,0.77,0.78,0.78,0.78,0.78,0.79,0.79,0.8,0.8,0.8,0.8,0.81,0.81,0.82,0.82,0.82,0.82,0.83,0.83,0.84,0.83,0.83,0.84,0.85,0.86,0.86,0.85,0.85,0.87,0.87,0.88,0.87,0.87,0.88,0.88,0.89,0.89,0.88,0.88,0.89,0.89,0.89,0.89,0.89,0.89,0.89,0.9,0.9,0.9,0.91,0.92,0.92,0.92,0.91,0.91,0.91,0.91,0.92,0.93,0.93,0.94,0.94,0.94,0.94,0.93,0.92,0.94,0.95,0.95,0.95,0.95,0.95,0.96,0.96,0.97,0.96,0.95,0.96,0.97,0.97,0.97,0.96,0.97,0.97,0.98,0.98,0.97,0.97,0.98,0.98,0.99,0.99,0.98,0.98,0.99,0.99,0.99,0.98,0.99,0.99,0.99,0.99,0.99,0.99,1,1,1,1,0.99,0.99,1.01,1.01,1.02,1.02,1.01,1.01,1.02,1.01,1.01,1.01,1.02,1.02,1.03,1.03,1.02,1.02,1.02,1.03,1.03,1.03,1.01,1.01,1.03,1.04,1.05,1.05,1.04,1.04,1.04,1.05,1.05,1.05,1.04,1.05,1.05,1.06,1.05,1.05,1.05,1.05,1.05,1.05,1.05,1.06,1.07,1.07,1.07,1.06,1.05,1.06,1.06,1.07,1.08,1.06,1.06,1.06,1.06,1.07,1.07,1.07,1.08,1.08,1.08,1.07,1.07,1.08,1.08,1.08,1.09,1.08,1.07,1.08,1.08,1.08,1.09,1.08,1.08,1.08,1.08,1.09,1.08,1.07,1.06,1.07,1.08,1.09,1.08,1.09,1.09,1.08,1.08,1.07,1.08,1.08,1.08,1.09,1.09,1.08,1.08,1.08,1.09,1.1,1.1,1.09,1.1,1.11,1.11,1.1,1.08,1.08,1.1,1.1,1.11,1.11
0,0.01,0.03,0.05,0.09,0.12,0.15,0.16,0.19,0.22,0.24,0.25,0.25,0.27,0.29,0.31,0.33,0.34,0.36,0.38,0.39,0.41,0.42,0.43,0.44,0.45,0.47,0.47,0.47,0.48,0.5,0.52,0.53,0.53,0.53,0.54,0.55,0.56,0.56,0.56,0.56,0.58,0.59,0.62,0.62,0.62,0.62,0.63,0.64,0.64,0.64,0.64,0.65,0.66,0.67,0.68,0.68,0.69,0.7,0.71,0.71,0.71,0.71,0.72,0.72,0.73,0.73,0.73,0.73,0.73,0.74,0.75,0.75,0.76,0.77,0.78,0.79,0.79,0.79,0.79,0.8,0.8,0.8,0.8,0.79,0.8,0.8,0.81,0.81,0.81,0.82,0.83,0.84,0.84,0.84,0.85,0.86,0.86,0.87,0.87,0.87,0.87,0.87,0.88,0.88,0.86,0.86,0.88,0.89,0.9,0.9,0.89,0.9,0.9,0.91,0.91,0.9,0.9,0.91,0.91,0.92,0.92,0.92,0.93,0.93,0.93,0.93,0.92,0.92,0.93,0.94,0.94,0.94,0.94,0.94,0.95,0.95,0.95,0.95,0.95,0.96,0.96,0.97,0.97,0.97,0.97,0.97,0.98,0.98,0.98,0.98,0.98,0.98,0.99,0.99,0.99,0.99,0.99,1,1,0.99,1,1,1.01,1.01,1.01,1,1.01,1.01,1.02,1.02,1.01,1.01,1.01,1.01,1.01,1.01,1.01,1.01,1.02,1.02,1.03,1.02,1.02,1.02,1.02,1.02,1.01,1.01,1.03,1.04,1.04,1.04,1.04,1.03,1.03,1.04,1.05,1.05,1.04,1.04,1.04,1.04,1.05,1.05,1.05,1.06,1.06,1.06,1.06,1.05,1.05,1.06,1.07,1.07,1.06,1.06,1.07,1.06,1.07,1.07,1.06,1.07,1.07,1.08,1.08,1.07,1.07,1.08,1.08,1.09,1.08,1.08,1.08,1.08,1.09,1.09,1.08,1.09,1.09,1.09,1.1,1.1,1.09,1.09,1.1,1.11,1.11,1.1,1.1,1.1,1.1,1.1,1.1,1.09,1.1,1.1,1.1,1.1,1.1,1.1,1.11,1.11,1.11,1.1,1.09,1.09,1.09,1.09,1.1,1.09,1.1,1.11,1.11,1.11,1.1,1.09,1.1,1.11,1.11,1.11,1.1,1.09,1.1,1.11,1.12,1.11,1.11,1.11,1.12,1.12,1.12,1.11,1.11,1.12,1.12,1.12,1.11,1.1,1.1,1.12,1.12
0,0.02,0.04,0.06,0.1,0.12,0.13,0.15,0.17,0.2,0.22,0.24,0.25,0.28,0.31,0.32,0.34,0.35,0.36,0.37,0.38,0.41,0.42,0.43,0.44,0.45,0.47,0.48,0.49,0.49,0.51,0.53,0.54,0.54,0.54,0.55,0.57,0.58,0.59,0.58,0.59,0.6,0.61,0.62,0.62,0.62,0.64,0.64,0.65,0.66,0.66,0.66,0.67,0.68,0.69,0.69,0.69,0.7,0.71,0.72,0.72,0.72,0.73,0.73,0.74,0.75,0.75,0.75,0.75,0.76,0.76,0.77,0.77,0.77,0.78,0.79,0.8,0.8,0.79,0.8,0.81,0.82,0.82,0.81,0.81,0.83,0.83,0.84,0.84,0.84,0.84,0.85,0.85,0.86,0.85,0.86,0.86,0.87,0.88,0.87,0.87,0.88,0.88,0.88,0.89,0.88,0.88,0.88,0.89,0.9,0.9,0.9,0.91,0.91,0.92,0.92,0.92,0.92,0.93,0.93,0.94,0.93,0.93,0.93,0.94,0.95,0.95,0.94,0.94,0.95,0.95,0.96,0.96,0.96,0.96,0.96,0.97,0.97,0.96,0.97,0.97,0.98,0.98,0.98,0.98,0.98,0.98,0.99,0.99,0.99,0.99,0.99,1,1,1,1,1,1.01,1.01,1,0.99,0.99,0.99,1,1.01,1.01,1,1.01,1.01,1.02,1.02,1.01,1.01,1.01,1.01,1.01,1.02,1.02,1.03,1.04,1.04,1.05,1.04,1.04,1.04,1.04,1.04,1.03,1.03,1.04,1.05,1.05,1.05,1.04,1.04,1.05,1.05,1.06,1.05,1.05,1.05,1.06,1.06,1.07,1.06,1.07,1.07,1.07,1.08,1.07,1.06,1.06,1.07,1.07,1.08,1.06,1.06,1.07,1.08,1.09,1.09,1.09,1.09,1.1,1.1,1.1,1.09,1.09,1.08,1.09,1.1,1.09,1.09,1.1,1.1,1.1,1.11,1.1,1.1,1.09,1.09,1.1,1.1,1.1,1.12,1.11,1.12,1.11,1.09,1.1,1.11,1.11,1.11,1.11,1.11,1.12,1.12,1.12,1.12,1.11,1.11,1.12,1.12,1.12,1.11,1.1,1.11,1.12,1.12,1.12,1.11,1.11,1.12,1.12,1.12,1.11,1.11,1.12,1.13,1.13,1.13,1.11,1.11,1.12,1.13,1.13,1.12,1.11,1.11,1.12,1.12,1.12,1.12,1.13,1.13,1.14,1.14,1.12,1.12,1.13,1.12,1.14
0,0.02,0.04,0.08,0.1,0.13,0.16,0.18,0.21,0.22,0.23,0.24,0.27,0.29,0.31,0.32,0.33,0.36,0.37,0.38,0.4,0.4,0.42,0.43,0.44,0.47,0.46,0.47,0.49,0.49,0.51,0.52,0.52,0.53,0.54,0.55,0.56,0.56,0.57,0.57,0.59,0.6,0.61,0.6,0.61,0.62,0.63,0.64,0.64,0.64,0.65,0.66,0.67,0.67,0.67,0.67,0.68,0.69,0.7,0.7,0.7,0.71,0.72,0.73,0.73,0.72,0.73,0.74,0.75,0.76,0.76,0.76,0.77,0.77,0.78,0.78,0.78,0.78,0.78,0.79,0.79,0.79,0.79,0.79,0.8,0.81,0.8,0.8,0.81,0.83,0.83,0.84,0.83,0.83,0.85,0.85,0.85,0.86,0.85,0.86,0.86,0.87,0.88,0.87,0.87,0.87,0.88,0.89,0.89,0.88,0.88,0.89,0.89,0.9,0.9,0.9,0.9,0.91,0.91,0.91,0.91,0.91,0.92,0.92,0.92,0.91,0.91,0.91,0.91,0.92,0.93,0.92,0.93,0.93,0.94,0.94,0.93,0.93,0.94,0.95,0.96,0.96,0.95,0.95,0.94,0.95,0.96,0.96,0.95,0.96,0.96,0.97,0.97,0.96,0.96,0.97,0.97,0.96,0.96,0.97,0.98,0.99,1,0.99,0.98,0.97,0.98,0.99,1,0.99,0.98,0.99,0.99,1,1,0.99,0.99,0.99,1.01,1.01,1,1,1,1,1.01,1.01,1,1,1.02,1.02,1.03,1.02,1.02,1.03,1.03,1.03,1.02,1.02,1.03,1.04,1.04,1.04,1.03,1.02,1.02,1.04,1.05,1.05,1.04,1.04,1.04,1.04,1.04,1.03,1.04,1.04,1.04,1.05,1.06,1.06,1.06,1.06,1.06,1.06,1.05,1.04,1.06,1.06,1.07,1.06,1.05,1.05,1.06,1.06,1.07,1.07,1.07,1.07,1.07,1.07,1.07,1.07,1.08,1.08,1.09,1.08,1.08,1.07,1.07,1.08,1.09,1.09,1.08,1.08,1.08,1.08,1.09,1.09,1.08,1.09,1.08,1.08,1.08,1.08,1.09,1.1,1.1,1.09,1.08,1.07,1.08,1.09,1.1,1.1,1.09,1.08,1.08,1.08,1.1,1.1,1.09,1.1,1.1,1.1,1.09,1.08,1.09,1.1,1.1,1.11,1.09,1.1,1.1,1.1,1.1,1.1,1.09,1.1,1.1,1.1,1.1,1.11
0,0.04,0.07,0.1,0.12,0.14,0.16,0.18,0.21,0.23,0.25,0.26,0.29,0.31,0.33,0.33,0.34,0.36,0.38,0.4,0.41,0.41,0.42,0.44,0.45,0.47,0.47,0.47,0.49,0.51,0.52,0.53,0.52,0.54,0.55,0.56,0.57,0.57,0.58,0.59,0.6,0.6,0.61,0.61,0.62,0.63,0.64,0.65,0.65,0.66,0.67,0.67,0.69,0.69,0.68,0.69,0.7,0.71,0.71,0.71,0.71,0.72,0.73,0.75,0.75,0.75,0.76,0.77,0.77,0.78,0.78,0.78,0.79,0.79,0.8,0.8,0.8,0.81,0.81,0.82,0.82,0.82,0.82,0.83,0.83,0.85,0.84,0.84,0.84,0.85,0.85,0.86,0.85,0.85,0.86,0.87,0.88,0.87,0.87,0.88,0.88,0.89,0.89,0.89,0.89,0.89,0.89,0.9,0.9,0.89,0.89,0.9,0.9,0.9,0.9,0.9,0.91,0.92,0.92,0.91,0.9,0.91,0.93,0.94,0.95,0.94,0.94,0.95,0.95,0.96,0.96,0.95,0.95,0.96,0.97,0.97,0.96,0.96,0.97,0.98,0.98,0.98,0.97,0.98,0.99,0.99,0.98,0.97,0.96,0.98,0.99,1,0.99,0.99,1,1,1,1.01,1,0.99,0.99,1.01,1.02,1.01,1,1,1.01,1.01,1.02,1.01,1,1.01,1.02,1.03,1.03,1.02,1.01,1.02,1.03,1.03,1.02,1.02,1.03,1.04,1.05,1.05,1.03,1.03,1.03,1.04,1.05,1.05,1.04,1.04,1.04,1.04,1.04,1.04,1.06,1.06,1.06,1.06,1.05,1.05,1.06,1.07,1.08,1.07,1.06,1.06,1.07,1.07,1.07,1.06,1.06,1.07,1.08,1.08,1.07,1.07,1.08,1.09,1.08,1.08,1.08,1.09,1.09,1.09,1.09,1.08,1.08,1.09,1.1,1.1,1.1,1.09,1.08,1.09,1.1,1.11,1.1,1.09,1.1,1.11,1.11,1.11,1.1,1.1,1.11,1.11,1.11,1.11,1.1,1.11,1.11,1.11,1.11,1.11,1.11,1.12,1.11,1.12,1.12,1.11,1.11,1.11,1.13,1.13,1.12,1.11,1.12,1.12,1.13,1.12,1.11,1.11,1.12,1.12,1.13,1.12,1.11,1.11,1.12,1.13,1.13,1.11,1.12,1.13,1.13,1.13,1.11,1.11,1.13,1.14,1.14,1.12,1.12,1.13,1.12,1.13,1.14,1.14
0,0.03,0.07,0.09,0.11,0.12,0.14,0.18,0.19,0.21,0.23,0.24,0.28,0.3,0.32,0.35,0.36,0.38,0.4,0.41,0.43,0.44,0.44,0.46,0.48,0.49,0.51,0.51,0.51,0.53,0.54,0.55,0.56,0.56,0.57,0.58,0.59,0.6,0.6,0.61,0.62,0.63,0.64,0.65,0.65,0.66,0.66,0.68,0.68,0.68,0.68,0.69,0.71,0.72,0.72,0.72,0.73,0.74,0.74,0.75,0.75,0.75,0.76,0.77,0.77,0.77,0.76,0.77,0.76,0.78,0.78,0.79,0.79,0.8,0.81,0.82,0.82,0.82,0.83,0.84,0.84,0.85,0.85,0.85,0.85,0.86,0.87,0.86,0.86,0.87,0.87,0.88,0.88,0.88,0.88,0.89,0.89,0.9,0.9,0.89,0.9,0.91,0.91,0.92,0.91,0.91,0.92,0.92,0.93,0.93,0.92,0.93,0.93,0.93,0.93,0.92,0.92,0.93,0.94,0.94,0.94,0.94,0.94,0.94,0.94,0.95,0.95,0.96,0.96,0.96,0.97,0.96,0.96,0.98,0.98,0.99,0.99,0.97,0.97,0.99,0.99,1,0.99,0.97,0.98,0.99,1,1,0.99,1,1.01,1.01,1.01,1.01,1.01,1.01,1.01,1.02,1.03,1.03,1.02,1.02,1.03,1.04,1.03,1.02,1.03,1.04,1.04,1.04,1.03,1.04,1.04,1.04,1.05,1.05,1.04,1.05,1.05,1.05,1.05,1.04,1.04,1.06,1.06,1.06,1.05,1.05,1.07,1.07,1.07,1.07,1.07,1.08,1.08,1.07,1.08,1.08,1.07,1.07,1.07,1.08,1.09,1.09,1.08,1.08,1.09,1.1,1.1,1.09,1.09,1.09,1.11,1.11,1.09,1.1,1.1,1.1,1.11,1.1,1.09,1.09,1.11,1.12,1.12,1.1,1.1,1.11,1.11,1.13,1.12,1.11,1.12,1.12,1.12,1.13,1.12,1.12,1.13,1.13,1.14,1.14,1.12,1.12,1.13,1.15,1.15,1.13,1.13,1.14,1.14,1.15,1.15,1.14,1.14,1.14,1.15,1.16,1.15,1.14,1.15,1.15,1.16,1.15,1.13,1.15,1.16,1.16,1.16,1.14,1.13,1.14,1.16,1.16,1.15,1.13,1.14,1.16,1.16,1.16,1.14,1.15,1.16,1.16,1.17,1.17,1.16,1.16,1.16,1.16,1.16,1.16,1.17,1.17,1.17,1.17,1.17,1.17,1.17,1.16,1.16,1.17
0,0.02,0.04,0.05,0.07,0.08,0.1,0.12,0.13,0.15,0.15,0.17,0.19,0.2,0.21,0.22,0.23,0.24,0.25,0.26,0.27,0.27,0.28,0.29,0.3,0.3,0.31,0.31,0.32,0.32,0.33,0.33,0.33,0.34,0.34,0.35,0.36,0.36,0.36,0.37,0.37,0.38,0.39,0.39,0.39,0.39,0.4,0.4,0.4,0.41,0.41,0.4,0.4,0.4,0.4,0.41,0.41,0.41,0.41,0.41,0.42,0.42,0.43,0.44,0.45,0.44,0.44,0.44,0.44,0.44,0.44,0.45,0.45,0.46,0.46,0.45,0.45,0.46,0.47,0.47,0.47,0.47,0.47,0.47,0.48,0.48,0.48,0.48,0.48,0.48,0.48,0.48,0.48,0.49,0.5,0.51,0.52,0.51,0.51,0.51,0.51,0.51,0.51,0.51,0.51,0.5,0.51,0.51,0.5,0.5,0.51,0.51,0.52,0.51,0.51,0.51,0.52,0.52,0.52,0.51,0.51,0.52,0.52,0.52,0.52,0.52,0.53,0.53,0.53,0.53,0.53,0.53,0.53,0.53,0.54,0.54,0.54,0.54,0.54,0.54,0.55,0.54,0.54,0.55,0.55,0.55,0.55,0.55,0.55,0.55,0.56,0.57,0.57,0.57,0.57,0.58,0.58,0.58,0.58,0.58,0.58,0.59,0.59,0.59,0.58,0.59,0.59,0.6,0.59,0.58,0.58,0.59,0.59,0.6,0.59,0.59,0.59,0.6,0.6,0.59,0.59,0.59,0.6,0.6,0.6,0.6,0.59,0.6,0.6,0.59,0.58,0.58,0.58,0.59,0.6,0.61,0.61,0.61,0.61,0.6,0.6,0.6,0.59,0.59,0.59,0.59,0.6,0.6,0.61,0.61,0.61,0.61,0.61,0.61,0.61,0.61,0.61,0.61,0.61,0.61,0.61,0.6,0.6,0.61,0.6,0.6,0.6,0.61,0.62,0.62,0.62,0.61,0.61,0.61,0.61,0.6,0.61,0.6,0.6,0.61,0.61,0.62,0.63,0.63,0.64,0.64,0.63,0.64,0.64,0.64,0.64,0.63,0.63,0.64,0.64,0.64,0.63,0.63,0.62,0.63,0.62,0.61,0.61,0.61,0.61,0.61,0.61,0.61,0.61,0.62,0.61,0.61,0.61,0.62,0.63,0.63,0.64,0.64,0.63,0.63,0.63,0.62,0.62,0.62,0.62,0.61,0.61,0.61,0.61,0.6,0.6,0.61,0.62,0.62,0.62,0.62,0.63,0.63,0.64,0.64,0.64,0.64
0,0.01,0.02,0.03,0.05,0.06,0.08,0.1,0.11,0.13,0.15,0.16,0.18,0.19,0.21,0.22,0.22,0.23,0.24,0.25,0.26,0.26,0.27,0.28,0.28,0.29,0.29,0.3,0.31,0.33,0.34,0.34,0.35,0.35,0.36,0.36,0.36,0.37,0.37,0.38,0.38,0.38,0.4,0.4,0.39,0.4,0.4,0.41,0.41,0.41,0.41,0.41,0.42,0.42,0.43,0.43,0.43,0.43,0.44,0.44,0.45,0.45,0.45,0.46,0.46,0.46,0.46,0.46,0.46,0.47,0.48,0.48,0.48,0.49,0.49,0.48,0.49,0.48,0.48,0.48,0.48,0.48,0.48,0.47,0.48,0.48,0.48,0.48,0.48,0.49,0.5,0.5,0.52,0.52,0.51,0.52,0.52,0.52,0.52,0.51,0.51,0.51,0.52,0.53,0.53,0.53,0.54,0.54,0.55,0.55,0.55,0.54,0.55,0.56,0.56,0.56,0.55,0.56,0.56,0.56,0.56,0.55,0.55,0.55,0.55,0.55,0.54,0.55,0.55,0.55,0.56,0.56,0.57,0.57,0.57,0.58,0.58,0.57,0.57,0.57,0.57,0.58,0.58,0.58,0.57,0.57,0.57,0.57,0.58,0.58,0.59,0.6,0.6,0.59,0.59,0.58,0.59,0.59,0.6,0.6,0.59,0.6,0.59,0.59,0.59,0.58,0.58,0.58,0.58,0.59,0.58,0.58,0.59,0.59,0.6,0.61,0.61,0.61,0.62,0.62,0.62,0.62,0.61,0.61,0.61,0.61,0.6,0.6,0.6,0.61,0.61,0.61,0.6,0.6,0.6,0.61,0.61,0.61,0.6,0.6,0.62,0.62,0.63,0.62,0.62,0.62,0.62,0.62,0.62,0.62,0.61,0.62,0.62,0.63,0.62,0.62,0.63,0.64,0.64,0.64,0.64,0.64,0.64,0.64,0.64,0.64,0.63,0.63,0.63,0.63,0.63,0.63,0.64,0.65,0.65,0.65,0.65,0.65,0.65,0.66,0.66,0.66,0.65,0.65,0.65,0.65,0.65,0.65,0.65,0.65,0.65,0.66,0.66,0.66,0.66,0.65,0.66,0.66,0.66,0.66,0.66,0.66,0.65,0.65,0.64,0.64,0.64,0.64,0.64,0.64,0.63,0.63,0.64,0.65,0.65,0.65,0.65,0.66,0.66,0.66,0.66,0.65,0.66,0.66,0.66,0.66,0.65,0.65,0.65,0.66,0.66,0.66,0.66,0.67,0.67,0.66,0.66,0.66,0.66,0.67,0.67,0.67
0,0.02,0.04,0.05,0.07,0.08,0.09,0.11,0.13,0.15,0.15,0.16,0.18,0.19,0.2,0.21,0.21,0.23,0.24,0.25,0.26,0.26,0.27,0.27,0.28,0.29,0.29,0.3,0.31,0.32,0.33,0.33,0.33,0.34,0.35,0.35,0.36,0.36,0.36,0.37,0.38,0.38,0.39,0.39,0.4,0.4,0.4,0.4,0.4,0.4,0.41,0.42,0.42,0.42,0.42,0.43,0.43,0.43,0.44,0.44,0.44,0.44,0.45,0.45,0.46,0.46,0.46,0.46,0.47,0.47,0.47,0.47,0.48,0.48,0.48,0.48,0.47,0.47,0.48,0.48,0.48,0.48,0.47,0.47,0.47,0.47,0.47,0.47,0.48,0.49,0.49,0.49,0.49,0.48,0.49,0.49,0.5,0.5,0.5,0.51,0.51,0.51,0.52,0.52,0.53,0.53,0.54,0.54,0.54,0.54,0.54,0.54,0.55,0.55,0.55,0.55,0.55,0.55,0.56,0.55,0.55,0.54,0.55,0.56,0.57,0.57,0.56,0.56,0.55,0.55,0.54,0.54,0.54,0.54,0.55,0.55,0.56,0.57,0.58,0.58,0.58,0.58,0.57,0.57,0.57,0.57,0.57,0.58,0.58,0.59,0.59,0.6,0.6,0.59,0.59,0.59,0.59,0.58,0.58,0.58,0.59,0.59,0.6,0.6,0.59,0.59,0.59,0.59,0.6,0.6,0.6,0.59,0.59,0.59,0.6,0.6,0.59,0.59,0.59,0.59,0.59,0.59,0.59,0.59,0.59,0.59,0.59,0.59,0.59,0.59,0.59,0.59,0.61,0.61,0.62,0.62,0.62,0.62,0.62,0.62,0.62,0.62,0.62,0.62,0.62,0.62,0.61,0.61,0.62,0.62,0.63,0.63,0.64,0.64,0.64,0.64,0.64,0.64,0.64,0.63,0.64,0.64,0.64,0.64,0.63,0.63,0.63,0.63,0.63,0.63,0.63,0.63,0.64,0.64,0.64,0.64,0.64,0.64,0.65,0.65,0.65,0.65,0.65,0.65,0.65,0.65,0.64,0.64,0.64,0.64,0.64,0.65,0.65,0.65,0.66,0.66,0.66,0.66,0.65,0.64,0.64,0.64,0.64,0.63,0.63,0.64,0.64,0.65,0.65,0.66,0.66,0.66,0.66,0.66,0.66,0.66,0.66,0.67,0.67,0.66,0.66,0.66,0.66,0.66,0.66,0.65,0.66,0.66,0.66,0.67,0.66,0.66,0.65,0.65,0.65,0.64,0.64,0.64,0.64,0.64,0.64,0.67
0,0.01,0.03,0.06,0.06,0.08,0.09,0.1,0.12,0.12,0.13,0.15,0.16,0.18,0.19,0.2,0.2,0.21,0.22,0.23,0.24,0.24,0.25,0.27,0.27,0.28,0.28,0.28,0.29,0.29,0.3,0.3,0.3,0.31,0.31,0.32,0.33,0.34,0.34,0.35,0.36,0.37,0.37,0.38,0.38,0.39,0.39,0.39,0.38,0.39,0.4,0.4,0.41,0.41,0.41,0.41,0.41,0.42,0.42,0.42,0.42,0.42,0.43,0.44,0.44,0.44,0.44,0.45,0.46,0.46,0.45,0.45,0.46,0.46,0.47,0.47,0.47,0.47,0.47,0.48,0.48,0.48,0.48,0.48,0.48,0.48,0.48,0.47,0.47,0.48,0.47,0.48,0.48,0.49,0.5,0.5,0.51,0.51,0.51,0.51,0.51,0.51,0.51,0.51,0.51,0.51,0.51,0.51,0.51,0.5,0.5,0.51,0.52,0.52,0.53,0.53,0.53,0.54,0.54,0.54,0.54,0.55,0.54,0.54,0.54,0.53,0.53,0.53,0.54,0.54,0.54,0.53,0.53,0.54,0.55,0.55,0.56,0.56,0.56,0.57,0.57,0.56,0.56,0.56,0.56,0.56,0.55,0.54,0.54,0.55,0.56,0.57,0.57,0.57,0.58,0.57,0.58,0.58,0.58,0.58,0.58,0.58,0.58,0.58,0.56,0.56,0.56,0.57,0.58,0.59,0.59,0.59,0.59,0.6,0.59,0.59,0.59,0.59,0.59,0.6,0.59,0.59,0.59,0.59,0.59,0.59,0.58,0.59,0.59,0.59,0.59,0.59,0.59,0.59,0.59,0.59,0.59,0.59,0.59,0.59,0.6,0.61,0.6,0.61,0.61,0.62,0.62,0.62,0.61,0.61,0.61,0.61,0.61,0.6,0.6,0.6,0.62,0.62,0.63,0.62,0.62,0.61,0.61,0.61,0.61,0.61,0.61,0.61,0.61,0.61,0.61,0.61,0.61,0.62,0.61,0.61,0.61,0.62,0.62,0.62,0.61,0.61,0.61,0.61,0.62,0.62,0.62,0.62,0.63,0.64,0.65,0.65,0.65,0.65,0.65,0.65,0.65,0.65,0.65,0.65,0.65,0.65,0.64,0.64,0.64,0.65,0.65,0.65,0.64,0.64,0.65,0.65,0.65,0.64,0.64,0.64,0.64,0.65,0.65,0.65,0.65,0.65,0.66,0.66,0.65,0.64,0.64,0.65,0.65,0.66,0.65,0.65,0.66,0.66,0.66,0.65,0.65,0.65,0.65,0.65,0.65,0.66
0,0.01,0.02,0.05,0.06,0.08,0.09,0.1,0.12,0.13,0.14,0.16,0.17,0.18,0.19,0.2,0.21,0.22,0.24,0.24,0.26,0.27,0.27,0.27,0.28,0.29,0.29,0.3,0.3,0.31,0.32,0.33,0.33,0.34,0.35,0.35,0.35,0.35,0.35,0.35,0.35,0.36,0.36,0.37,0.37,0.38,0.39,0.4,0.4,0.4,0.41,0.41,0.42,0.42,0.42,0.42,0.42,0.43,0.43,0.43,0.43,0.44,0.44,0.45,0.45,0.45,0.45,0.46,0.46,0.47,0.47,0.47,0.47,0.47,0.47,0.48,0.47,0.47,0.47,0.47,0.47,0.47,0.48,0.49,0.49,0.5,0.5,0.49,0.49,0.49,0.49,0.49,0.49,0.49,0.49,0.49,0.49,0.5,0.5,0.51,0.52,0.52,0.53,0.53,0.52,0.53,0.52,0.52,0.52,0.51,0.51,0.51,0.52,0.53,0.53,0.53,0.54,0.55,0.55,0.55,0.55,0.55,0.56,0.56,0.55,0.55,0.55,0.54,0.54,0.55,0.56,0.56,0.56,0.57,0.57,0.57,0.57,0.57,0.57,0.57,0.57,0.57,0.57,0.56,0.56,0.56,0.56,0.55,0.56,0.57,0.58,0.58,0.58,0.58,0.58,0.58,0.58,0.58,0.57,0.57,0.58,0.59,0.59,0.6,0.59,0.59,0.6,0.6,0.59,0.59,0.59,0.59,0.6,0.6,0.59,0.59,0.59,0.6,0.6,0.61,0.6,0.6,0.6,0.59,0.59,0.59,0.58,0.58,0.59,0.59,0.6,0.59,0.59,0.61,0.61,0.61,0.61,0.61,0.61,0.61,0.62,0.62,0.62,0.62,0.62,0.62,0.62,0.63,0.62,0.62,0.62,0.62,0.62,0.61,0.61,0.61,0.61,0.62,0.61,0.61,0.6,0.6,0.61,0.61,0.61,0.61,0.61,0.61,0.62,0.62,0.61,0.61,0.62,0.61,0.61,0.62,0.62,0.62,0.62,0.62,0.62,0.63,0.63,0.64,0.64,0.65,0.65,0.65,0.64,0.64,0.63,0.63,0.62,0.62,0.62,0.63,0.63,0.62,0.62,0.62,0.62,0.63,0.63,0.62,0.62,0.63,0.64,0.64,0.64,0.64,0.64,0.64,0.65,0.65,0.64,0.64,0.64,0.65,0.66,0.65,0.65,0.65,0.65,0.65,0.65,0.65,0.64,0.64,0.64,0.65,0.65,0.65,0.65,0.65,0.66,0.66,0.65,0.65,0.66,0.65,0.64,0.66
0,0.03,0.04,0.06,0.07,0.08,0.09,0.1,0.12,0.14,0.16,0.17,0.18,0.2,0.21,0.22,0.22,0.23,0.25,0.25,0.26,0.27,0.27,0.28,0.28,0.3,0.3,0.3,0.31,0.32,0.33,0.34,0.34,0.34,0.35,0.36,0.36,0.37,0.37,0.38,0.38,0.38,0.39,0.39,0.4,0.4,0.41,0.41,0.41,0.41,0.42,0.42,0.42,0.43,0.43,0.43,0.43,0.44,0.44,0.44,0.44,0.45,0.46,0.46,0.46,0.47,0.47,0.47,0.47,0.48,0.48,0.48,0.48,0.48,0.48,0.49,0.49,0.49,0.5,0.5,0.5,0.5,0.5,0.51,0.5,0.5,0.5,0.49,0.49,0.49,0.5,0.5,0.51,0.51,0.51,0.52,0.52,0.52,0.52,0.52,0.52,0.52,0.52,0.52,0.52,0.52,0.52,0.52,0.53,0.53,0.53,0.54,0.55,0.55,0.55,0.55,0.56,0.56,0.56,0.57,0.57,0.56,0.57,0.57,0.57,0.57,0.57,0.57,0.57,0.57,0.57,0.57,0.56,0.56,0.56,0.56,0.56,0.56,0.56,0.56,0.56,0.56,0.56,0.56,0.57,0.58,0.59,0.59,0.59,0.59,0.6,0.6,0.61,0.61,0.6,0.6,0.61,0.61,0.61,0.6,0.6,0.6,0.6,0.59,0.58,0.58,0.59,0.6,0.61,0.61,0.61,0.61,0.61,0.61,0.62,0.61,0.6,0.6,0.6,0.6,0.6,0.59,0.6,0.6,0.61,0.61,0.6,0.6,0.61,0.61,0.62,0.63,0.63,0.63,0.63,0.62,0.62,0.61,0.61,0.61,0.62,0.63,0.63,0.63,0.63,0.64,0.64,0.65,0.64,0.64,0.63,0.62,0.62,0.62,0.62,0.63,0.63,0.63,0.64,0.64,0.64,0.64,0.64,0.65,0.65,0.65,0.65,0.65,0.65,0.64,0.64,0.64,0.64,0.65,0.64,0.64,0.63,0.63,0.64,0.64,0.64,0.64,0.63,0.63,0.63,0.64,0.65,0.65,0.65,0.64,0.64,0.64,0.64,0.64,0.64,0.65,0.65,0.66,0.66,0.66,0.66,0.67,0.67,0.67,0.66,0.65,0.65,0.65,0.64,0.64,0.64,0.65,0.64,0.65,0.65,0.66,0.66,0.67,0.67,0.67,0.66,0.66,0.66,0.67,0.67,0.66,0.66,0.66,0.65,0.65,0.65,0.65,0.66,0.67,0.67,0.68,0.68,0.67,0.68,0.67,0.67,0.68
0,0.03,0.04,0.07,0.08,0.11,0.12,0.14,0.15,0.16,0.17,0.18,0.19,0.21,0.21,0.22,0.22,0.23,0.25,0.25,0.26,0.27,0.27,0.28,0.29,0.29,0.29,0.3,0.31,0.32,0.33,0.33,0.33,0.35,0.36,0.37,0.37,0.37,0.37,0.38,0.39,0.39,0.39,0.39,0.4,0.4,0.41,0.41,0.41,0.41,0.41,0.42,0.42,0.42,0.42,0.43,0.43,0.43,0.43,0.43,0.44,0.44,0.45,0.45,0.45,0.45,0.46,0.46,0.46,0.46,0.46,0.46,0.47,0.47,0.48,0.47,0.48,0.48,0.49,0.49,0.49,0.49,0.5,0.5,0.5,0.51,0.5,0.51,0.51,0.51,0.5,0.5,0.49,0.49,0.49,0.49,0.5,0.5,0.51,0.52,0.52,0.53,0.53,0.53,0.53,0.54,0.54,0.53,0.54,0.54,0.54,0.53,0.54,0.53,0.53,0.53,0.53,0.53,0.53,0.53,0.53,0.53,0.54,0.54,0.55,0.55,0.55,0.56,0.57,0.57,0.56,0.56,0.57,0.57,0.56,0.56,0.56,0.55,0.55,0.55,0.56,0.55,0.56,0.57,0.58,0.58,0.58,0.58,0.58,0.58,0.59,0.59,0.59,0.59,0.59,0.59,0.59,0.59,0.58,0.58,0.58,0.57,0.57,0.58,0.58,0.59,0.6,0.6,0.6,0.6,0.6,0.6,0.61,0.6,0.6,0.59,0.6,0.6,0.61,0.61,0.61,0.61,0.61,0.61,0.61,0.6,0.61,0.61,0.61,0.61,0.61,0.6,0.6,0.61,0.61,0.62,0.62,0.62,0.63,0.63,0.63,0.63,0.63,0.62,0.62,0.62,0.62,0.62,0.62,0.62,0.62,0.62,0.62,0.61,0.6,0.6,0.61,0.61,0.61,0.61,0.61,0.61,0.62,0.61,0.61,0.61,0.61,0.61,0.62,0.61,0.61,0.61,0.61,0.62,0.62,0.62,0.62,0.62,0.62,0.62,0.62,0.62,0.62,0.62,0.62,0.62,0.62,0.62,0.63,0.62,0.63,0.64,0.65,0.66,0.66,0.66,0.66,0.66,0.66,0.65,0.65,0.65,0.65,0.64,0.64,0.63,0.64,0.65,0.65,0.65,0.66,0.66,0.66,0.65,0.65,0.64,0.64,0.65,0.65,0.65,0.65,0.64,0.64,0.64,0.64,0.65,0.65,0.66,0.66,0.66,0.65,0.65,0.66,0.66,0.66,0.65,0.65,0.64,0.64,0.64,0.63,0.66
0,0.01,0.04,0.05,0.06,0.08,0.09,0.11,0.12,0.13,0.14,0.15,0.17,0.18,0.19,0.19,0.2,0.21,0.22,0.23,0.24,0.24,0.25,0.26,0.27,0.27,0.28,0.28,0.29,0.29,0.31,0.31,0.32,0.32,0.33,0.34,0.34,0.34,0.35,0.36,0.36,0.36,0.37,0.36,0.37,0.38,0.39,0.39,0.39,0.39,0.39,0.4,0.4,0.4,0.4,0.41,0.41,0.41,0.41,0.41,0.42,0.42,0.42,0.42,0.42,0.43,0.44,0.44,0.44,0.45,0.44,0.45,0.45,0.45,0.46,0.46,0.46,0.46,0.47,0.47,0.47,0.47,0.47,0.48,0.48,0.48,0.47,0.47,0.47,0.47,0.47,0.46,0.46,0.46,0.47,0.47,0.47,0.47,0.47,0.48,0.48,0.49,0.49,0.49,0.5,0.51,0.51,0.52,0.52,0.51,0.51,0.52,0.51,0.51,0.5,0.5,0.5,0.51,0.51,0.5,0.5,0.51,0.51,0.51,0.51,0.51,0.52,0.53,0.54,0.54,0.54,0.54,0.54,0.55,0.55,0.55,0.54,0.55,0.55,0.55,0.55,0.54,0.54,0.54,0.54,0.54,0.54,0.55,0.55,0.55,0.56,0.56,0.56,0.55,0.55,0.55,0.55,0.55,0.54,0.54,0.55,0.56,0.57,0.57,0.57,0.57,0.58,0.58,0.57,0.57,0.56,0.57,0.57,0.58,0.58,0.58,0.58,0.58,0.58,0.57,0.56,0.55,0.56,0.56,0.57,0.57,0.57,0.58,0.59,0.6,0.59,0.59,0.58,0.58,0.58,0.58,0.58,0.58,0.59,0.6,0.6,0.6,0.59,0.59,0.59,0.6,0.6,0.59,0.59,0.59,0.61,0.61,0.61,0.61,0.61,0.61,0.61,0.62,0.61,0.61,0.62,0.62,0.62,0.62,0.61,0.6,0.61,0.62,0.62,0.61,0.61,0.61,0.61,0.61,0.61,0.6,0.6,0.6,0.6,0.61,0.61,0.61,0.61,0.61,0.62,0.62,0.62,0.62,0.62,0.63,0.63,0.63,0.63,0.63,0.63,0.63,0.63,0.62,0.62,0.62,0.62,0.62,0.62,0.62,0.61,0.61,0.6,0.6,0.61,0.62,0.62,0.62,0.62,0.62,0.62,0.62,0.63,0.63,0.63,0.62,0.61,0.61,0.62,0.62,0.63,0.63,0.63,0.62,0.62,0.62,0.63,0.63,0.64,0.63,0.63,0.62,0.63,0.63,0.63,0.63,0.62,0.64
